<?xml version="1.0" encoding="UTF-8"?>
<ns2:ExportConfiguration xmlns:ns1="http://digev.com/uri/products/Types/xsd/1.0" xmlns:ns10="http://soa.com/uri/products/IdentityAuthorization/xsd/1.0" xmlns:ns11="http://soa.com/uri/products/Policy/xsd/1.0" xmlns:ns12="http://digev.com/uri/products/AlertManager/xsd/1.0" xmlns:ns13="http://soa.com/uri/products/Contracts/xsd/1.0" xmlns:ns14="http://digev.com/uri/products/PolicyManager/xsd/1.0" xmlns:ns15="urn:uddi-org:sub_v3" xmlns:ns2="http://www.soa.com/uri/products/ServiceManagerMigration/xsd/1.0" xmlns:ns3="http://digev.com/uri/products/ManagementServer/xsd/1.0" xmlns:ns4="http://www.soa.com/uri/products/SLAPolicy/xsd/1.0" xmlns:ns5="urn:uddi-org:api_v3" xmlns:ns6="http://www.w3.org/2000/09/xmldsig#" xmlns:ns7="http://soa.com/uri/products/ServiceProperties/1.0" xmlns:ns8="http://soa.com/uri/products/ServiceEndpointProperties/1.0" xmlns:ns9="http://soa.com/uri/products/Organization/xsd/1.0"><ns2:SourceOrganization><ns1:Key>uddi:soa.com:registryorganization</ns1:Key></ns2:SourceOrganization><ns2:ExportObjectConfiguration><ns1:OrganizationKey><ns1:Key>uddi:603d313b-c3b4-11e4-b79d-bcadfb6b06d1</ns1:Key></ns1:OrganizationKey><ns2:ExportOrganization><ns9:Organization><ns9:OrganizationKey><ns1:Key>uddi:603d313b-c3b4-11e4-b79d-bcadfb6b06d1</ns1:Key></ns9:OrganizationKey><ns9:ParentKey><ns1:Key>uddi:soa.com:registryorganization</ns1:Key></ns9:ParentKey><ns9:Name>Google Sheets API Hook</ns9:Name><ns9:Description></ns9:Description><ns9:OrganizationType>Project</ns9:OrganizationType></ns9:Organization><ns5:businessEntity businessKey="uddi:603d313b-c3b4-11e4-b79d-bcadfb6b06d1"><ns5:name>Google Sheets API Hook</ns5:name><ns5:categoryBag><ns5:keyedReferenceGroup tModelKey="uddi:soa.com:organization:group"><ns5:keyedReference keyName="Organization type" keyValue="Project" tModelKey="uddi:soa.com:categorization:organizationtype"/></ns5:keyedReferenceGroup></ns5:categoryBag></ns5:businessEntity></ns2:ExportOrganization></ns2:ExportObjectConfiguration><ns2:ExportObjectConfiguration><ns1:ScriptKey><ns1:Key>script:1d53e92c-c3b6-11e4-b79d-bcadfb6b06d1</ns1:Key></ns1:ScriptKey><ns2:ExportScript><ns2:ScriptUri>scripts/script_1d53e92c-c3b6-11e4-b79d-bcadfb6b06d1.xml</ns2:ScriptUri><ns2:Name>GetGoogleAuthToken</ns2:Name><ns2:Description></ns2:Description><ns2:ScriptKey>script:1d53e92c-c3b6-11e4-b79d-bcadfb6b06d1</ns2:ScriptKey><ns2:OrganizationKey>uddi:603d313b-c3b4-11e4-b79d-bcadfb6b06d1</ns2:OrganizationKey><ns2:Type>js</ns2:Type></ns2:ExportScript></ns2:ExportObjectConfiguration><ns2:ExportObjectConfiguration><ns1:ScriptKey><ns1:Key>script:1abddfbb-c22f-11e4-a8c1-9fc598e31387</ns1:Key></ns1:ScriptKey><ns2:ExportScript><ns2:ScriptUri>scripts/script_1abddfbb-c22f-11e4-a8c1-9fc598e31387.xml</ns2:ScriptUri><ns2:Name>sheets-Common</ns2:Name><ns2:Description></ns2:Description><ns2:ScriptKey>script:1abddfbb-c22f-11e4-a8c1-9fc598e31387</ns2:ScriptKey><ns2:OrganizationKey>uddi:603d313b-c3b4-11e4-b79d-bcadfb6b06d1</ns2:OrganizationKey><ns2:Type>js</ns2:Type></ns2:ExportScript></ns2:ExportObjectConfiguration><ns2:ExportObjectConfiguration><ns1:BpelKey><ns1:Key>bpel:814ab504-c9e8-11e4-b34e-c1e7b9cfed01</ns1:Key></ns1:BpelKey><ns2:ExportBpel><ns2:BpelUri>bpels/bpel_814ab504-c9e8-11e4-b34e-c1e7b9cfed01.xml</ns2:BpelUri></ns2:ExportBpel></ns2:ExportObjectConfiguration><ns2:ExportObjectConfiguration><ns1:BpelKey><ns1:Key>bpel:9b074cce-c9e8-11e4-b34e-c1e7b9cfed01</ns1:Key></ns1:BpelKey><ns2:ExportBpel><ns2:BpelUri>bpels/bpel_9b074cce-c9e8-11e4-b34e-c1e7b9cfed01.xml</ns2:BpelUri></ns2:ExportBpel></ns2:ExportObjectConfiguration><ns2:ExportObjectConfiguration><ns1:BpelKey><ns1:Key>bpel:ccd64788-c9eb-11e4-b34e-c1e7b9cfed01</ns1:Key></ns1:BpelKey><ns2:ExportBpel><ns2:BpelUri>bpels/bpel_ccd64788-c9eb-11e4-b34e-c1e7b9cfed01.xml</ns2:BpelUri></ns2:ExportBpel></ns2:ExportObjectConfiguration><ns2:ExportObjectConfiguration><ns1:BpelKey><ns1:Key>bpel:c2ee8863-c9ea-11e4-b34e-c1e7b9cfed01</ns1:Key></ns1:BpelKey><ns2:ExportBpel><ns2:BpelUri>bpels/bpel_c2ee8863-c9ea-11e4-b34e-c1e7b9cfed01.xml</ns2:BpelUri></ns2:ExportBpel></ns2:ExportObjectConfiguration><ns2:ExportObjectConfiguration><ns1:BpelKey><ns1:Key>bpel:3b33df07-c9eb-11e4-b34e-c1e7b9cfed01</ns1:Key></ns1:BpelKey><ns2:ExportBpel><ns2:BpelUri>bpels/bpel_3b33df07-c9eb-11e4-b34e-c1e7b9cfed01.xml</ns2:BpelUri></ns2:ExportBpel></ns2:ExportObjectConfiguration><ns2:ExportObjectConfiguration><ns1:BpelKey><ns1:Key>bpel:1a4b3ae4-c9ec-11e4-b34e-c1e7b9cfed01</ns1:Key></ns1:BpelKey><ns2:ExportBpel><ns2:BpelUri>bpels/bpel_1a4b3ae4-c9ec-11e4-b34e-c1e7b9cfed01.xml</ns2:BpelUri></ns2:ExportBpel></ns2:ExportObjectConfiguration><ns2:ExportObjectConfiguration><ns1:BpelKey><ns1:Key>bpel:520bcd79-c9eb-11e4-b34e-c1e7b9cfed01</ns1:Key></ns1:BpelKey><ns2:ExportBpel><ns2:BpelUri>bpels/bpel_520bcd79-c9eb-11e4-b34e-c1e7b9cfed01.xml</ns2:BpelUri></ns2:ExportBpel></ns2:ExportObjectConfiguration><ns2:ExportObjectConfiguration><ns1:BpelKey><ns1:Key>bpel:9935883e-c9ea-11e4-b34e-c1e7b9cfed01</ns1:Key></ns1:BpelKey><ns2:ExportBpel><ns2:BpelUri>bpels/bpel_9935883e-c9ea-11e4-b34e-c1e7b9cfed01.xml</ns2:BpelUri></ns2:ExportBpel></ns2:ExportObjectConfiguration><ns2:ExportObjectConfiguration><ns1:BpelKey><ns1:Key>bpel:2ced6974-cc4a-11e4-93fa-864b2dedf790</ns1:Key></ns1:BpelKey><ns2:ExportBpel><ns2:BpelUri>bpels/bpel_2ced6974-cc4a-11e4-93fa-864b2dedf790.xml</ns2:BpelUri></ns2:ExportBpel></ns2:ExportObjectConfiguration><ns2:ExportObjectConfiguration><ns1:BpelKey><ns1:Key>bpel:09716ae3-c9ec-11e4-b34e-c1e7b9cfed01</ns1:Key></ns1:BpelKey><ns2:ExportBpel><ns2:BpelUri>bpels/bpel_09716ae3-c9ec-11e4-b34e-c1e7b9cfed01.xml</ns2:BpelUri></ns2:ExportBpel></ns2:ExportObjectConfiguration><ns2:ExportObjectConfiguration><ns1:BpelKey><ns1:Key>bpel:b3410dd3-c9eb-11e4-b34e-c1e7b9cfed01</ns1:Key></ns1:BpelKey><ns2:ExportBpel><ns2:BpelUri>bpels/bpel_b3410dd3-c9eb-11e4-b34e-c1e7b9cfed01.xml</ns2:BpelUri></ns2:ExportBpel></ns2:ExportObjectConfiguration><ns2:ExportObjectConfiguration><ns1:BpelKey><ns1:Key>bpel:adb751a4-c9ea-11e4-b34e-c1e7b9cfed01</ns1:Key></ns1:BpelKey><ns2:ExportBpel><ns2:BpelUri>bpels/bpel_adb751a4-c9ea-11e4-b34e-c1e7b9cfed01.xml</ns2:BpelUri></ns2:ExportBpel></ns2:ExportObjectConfiguration><ns2:ExportObjectConfiguration><ns1:BpelKey><ns1:Key>bpel:6c24bd51-c9e8-11e4-b34e-c1e7b9cfed01</ns1:Key></ns1:BpelKey><ns2:ExportBpel><ns2:BpelUri>bpels/bpel_6c24bd51-c9e8-11e4-b34e-c1e7b9cfed01.xml</ns2:BpelUri></ns2:ExportBpel></ns2:ExportObjectConfiguration><ns2:ExportObjectConfiguration><ns1:BpelKey><ns1:Key>bpel:1d0e6ee0-c9eb-11e4-b34e-c1e7b9cfed01</ns1:Key></ns1:BpelKey><ns2:ExportBpel><ns2:BpelUri>bpels/bpel_1d0e6ee0-c9eb-11e4-b34e-c1e7b9cfed01.xml</ns2:BpelUri></ns2:ExportBpel></ns2:ExportObjectConfiguration><ns2:ExportObjectConfiguration><ns1:BpelKey><ns1:Key>bpel:079007b6-c9e9-11e4-b34e-c1e7b9cfed01</ns1:Key></ns1:BpelKey><ns2:ExportBpel><ns2:BpelUri>bpels/bpel_079007b6-c9e9-11e4-b34e-c1e7b9cfed01.xml</ns2:BpelUri></ns2:ExportBpel></ns2:ExportObjectConfiguration><ns2:ExportObjectConfiguration><ns1:BpelKey><ns1:Key>bpel:f5acd703-c9eb-11e4-b34e-c1e7b9cfed01</ns1:Key></ns1:BpelKey><ns2:ExportBpel><ns2:BpelUri>bpels/bpel_f5acd703-c9eb-11e4-b34e-c1e7b9cfed01.xml</ns2:BpelUri></ns2:ExportBpel></ns2:ExportObjectConfiguration><ns2:ExportObjectConfiguration><ns1:BpelKey><ns1:Key>bpel:e2ce8459-c9eb-11e4-b34e-c1e7b9cfed01</ns1:Key></ns1:BpelKey><ns2:ExportBpel><ns2:BpelUri>bpels/bpel_e2ce8459-c9eb-11e4-b34e-c1e7b9cfed01.xml</ns2:BpelUri></ns2:ExportBpel></ns2:ExportObjectConfiguration><ns2:ExportObjectConfiguration><ns1:InterfaceKey><ns1:Key>uddi:781b74bf-471c-1c42-8acf-0f2326c2f806</ns1:Key><ns1:InterfaceQName>{https://www.googleapis.com/oauth2/v3}Google_Auth_API</ns1:InterfaceQName></ns1:InterfaceKey><ns2:ExportInterface><ns5:tModel deleted="false" tModelKey="uddi:781b74bf-471c-1c42-8acf-0f2326c2f806"><ns5:name>Google_Auth_API</ns5:name><ns5:categoryBag><ns5:keyedReference keyName="WSDL type" keyValue="portType" tModelKey="uddi:uddi.org:wsdl:types"/><ns5:keyedReference keyName="portType namespace" keyValue="https://www.googleapis.com/oauth2/v3" tModelKey="uddi:uddi.org:xml:namespace"/></ns5:categoryBag></ns5:tModel><ns2:InterfaceWsdlUri>wsdls/uddi_781b74bf-471c-1c42-8acf-0f2326c2f806.wsdl</ns2:InterfaceWsdlUri></ns2:ExportInterface></ns2:ExportObjectConfiguration><ns2:ExportObjectConfiguration><ns1:InterfaceKey><ns1:Key>uddi:bb558a13-b96e-badc-0100-166708e01454</ns1:Key><ns1:InterfaceQName>{https://spreadsheets.google.com/feeds}Google_Sheets_API_PortType</ns1:InterfaceQName></ns1:InterfaceKey><ns2:ExportInterface><ns5:tModel deleted="false" tModelKey="uddi:bb558a13-b96e-badc-0100-166708e01454"><ns5:name>Google_Sheets_API_PortType</ns5:name><ns5:categoryBag><ns5:keyedReference keyName="WSDL type" keyValue="portType" tModelKey="uddi:uddi.org:wsdl:types"/><ns5:keyedReference keyName="portType namespace" keyValue="https://spreadsheets.google.com/feeds" tModelKey="uddi:uddi.org:xml:namespace"/></ns5:categoryBag></ns5:tModel><ns2:InterfaceWsdlUri>wsdls/uddi_bb558a13-b96e-badc-0100-166708e01454.wsdl</ns2:InterfaceWsdlUri></ns2:ExportInterface></ns2:ExportObjectConfiguration><ns2:ExportObjectConfiguration><ns1:InterfaceKey><ns1:Key>uddi:4f6f7ed1-6914-2684-e901-22e69dd7a5f3</ns1:Key><ns1:InterfaceQName>{https://spreadsheets.google.com/feeds}Google_Sheets_API_Hook_PortType</ns1:InterfaceQName></ns1:InterfaceKey><ns2:ExportInterface><ns5:tModel deleted="false" tModelKey="uddi:4f6f7ed1-6914-2684-e901-22e69dd7a5f3"><ns5:name>Google_Sheets_API_Hook_PortType</ns5:name><ns5:categoryBag><ns5:keyedReference keyName="WSDL type" keyValue="portType" tModelKey="uddi:uddi.org:wsdl:types"/><ns5:keyedReference keyName="portType namespace" keyValue="https://spreadsheets.google.com/feeds" tModelKey="uddi:uddi.org:xml:namespace"/></ns5:categoryBag></ns5:tModel><ns2:InterfaceWsdlUri>wsdls/uddi_4f6f7ed1-6914-2684-e901-22e69dd7a5f3.wsdl</ns2:InterfaceWsdlUri></ns2:ExportInterface></ns2:ExportObjectConfiguration><ns2:ExportObjectConfiguration><ns1:BindingKey><ns1:Key>uddi:4eba56b4-9ecf-2095-ee70-490162d8a4e7</ns1:Key><ns1:BindingQName>{https://www.googleapis.com/oauth2/v3}Google_Auth_API</ns1:BindingQName><ns1:BindingType>binding.http</ns1:BindingType></ns1:BindingKey><ns2:ExportBinding><ns5:tModel deleted="false" tModelKey="uddi:4eba56b4-9ecf-2095-ee70-490162d8a4e7"><ns5:name>Google_Auth_API</ns5:name><ns5:categoryBag><ns5:keyedReference keyName="uddi-org:types" keyValue="wsdlSpec" tModelKey="uddi:uddi.org:categorization:types"/><ns5:keyedReference keyName="portType Reference" keyValue="uddi:781b74bf-471c-1c42-8acf-0f2326c2f806" tModelKey="uddi:uddi.org:wsdl:porttypereference"/><ns5:keyedReference keyName="WSDL type" keyValue="binding" tModelKey="uddi:uddi.org:wsdl:types"/><ns5:keyedReference keyName="binding namespace" keyValue="https://www.googleapis.com/oauth2/v3" tModelKey="uddi:uddi.org:xml:namespace"/></ns5:categoryBag></ns5:tModel><ns2:BindingWsdlUri>wsdls/uddi_4eba56b4-9ecf-2095-ee70-490162d8a4e7.wsdl</ns2:BindingWsdlUri></ns2:ExportBinding></ns2:ExportObjectConfiguration><ns2:ExportObjectConfiguration><ns1:BindingKey><ns1:Key>uddi:ac5d5cda-dba3-2d2e-6713-eae3735fc87c</ns1:Key><ns1:BindingQName>{https://spreadsheets.google.com/feeds}Google_Sheets_API_Binding</ns1:BindingQName><ns1:BindingType>binding.http</ns1:BindingType></ns1:BindingKey><ns2:ExportBinding><ns5:tModel deleted="false" tModelKey="uddi:ac5d5cda-dba3-2d2e-6713-eae3735fc87c"><ns5:name>Google_Sheets_API_Binding</ns5:name><ns5:categoryBag><ns5:keyedReference keyName="uddi-org:types" keyValue="wsdlSpec" tModelKey="uddi:uddi.org:categorization:types"/><ns5:keyedReference keyName="portType Reference" keyValue="uddi:bb558a13-b96e-badc-0100-166708e01454" tModelKey="uddi:uddi.org:wsdl:porttypereference"/><ns5:keyedReference keyName="WSDL type" keyValue="binding" tModelKey="uddi:uddi.org:wsdl:types"/><ns5:keyedReference keyName="binding namespace" keyValue="https://spreadsheets.google.com/feeds" tModelKey="uddi:uddi.org:xml:namespace"/></ns5:categoryBag></ns5:tModel><ns2:BindingWsdlUri>wsdls/uddi_ac5d5cda-dba3-2d2e-6713-eae3735fc87c.wsdl</ns2:BindingWsdlUri></ns2:ExportBinding></ns2:ExportObjectConfiguration><ns2:ExportObjectConfiguration><ns1:BindingKey><ns1:Key>uddi:1b7ba980-4d93-aa65-865d-35efd3c96c20</ns1:Key><ns1:BindingQName>{https://spreadsheets.google.com/feeds}Google_Sheets_API_Hook_Binding</ns1:BindingQName><ns1:BindingType>binding.http</ns1:BindingType></ns1:BindingKey><ns2:ExportBinding><ns5:tModel deleted="false" tModelKey="uddi:1b7ba980-4d93-aa65-865d-35efd3c96c20"><ns5:name>Google_Sheets_API_Hook_Binding</ns5:name><ns5:categoryBag><ns5:keyedReference keyName="uddi-org:types" keyValue="wsdlSpec" tModelKey="uddi:uddi.org:categorization:types"/><ns5:keyedReference keyName="portType Reference" keyValue="uddi:4f6f7ed1-6914-2684-e901-22e69dd7a5f3" tModelKey="uddi:uddi.org:wsdl:porttypereference"/><ns5:keyedReference keyName="WSDL type" keyValue="binding" tModelKey="uddi:uddi.org:wsdl:types"/><ns5:keyedReference keyName="binding namespace" keyValue="https://spreadsheets.google.com/feeds" tModelKey="uddi:uddi.org:xml:namespace"/></ns5:categoryBag></ns5:tModel><ns2:BindingWsdlUri>wsdls/uddi_1b7ba980-4d93-aa65-865d-35efd3c96c20.wsdl</ns2:BindingWsdlUri></ns2:ExportBinding></ns2:ExportObjectConfiguration><ns2:ExportObjectConfiguration><ns1:ServiceKey><ns1:Key>uddi:4198a3b3-c9ea-11e4-b34e-c1e7b9cfed01</ns1:Key><ns1:ServiceQName>{https://spreadsheets.google.com/feeds}Google_Sheets_API</ns1:ServiceQName></ns1:ServiceKey><ns2:ExportService><ns3:PhysicalService BusinessKey="uddi:603d313b-c3b4-11e4-b79d-bcadfb6b06d1" Discovered="false" ServiceKey="uddi:4198a3b3-c9ea-11e4-b34e-c1e7b9cfed01" WsdlServiceLocalName="Google_Sheets_API" WsdlTargetNamespaceUrl="https://spreadsheets.google.com/feeds"><ns3:Name>Google_Sheets_API</ns3:Name><ns3:Description></ns3:Description><ns3:Operations><ns3:Operation InterfaceName="{https://spreadsheets.google.com/feeds}Google_Sheets_API_PortType" ManagementState="Enabled" NumOfVirtualizedOperations="1" OperationKey="41d5379d-c9ea-11e4-b34e-c1e7b9cfed01" OperationLastUpdatedAt="2015-03-14T23:47:10.113Z" OperationName="DELETE /list/{key}/{worksheetId}/{visibility}/{protection}" PolicyAvailable="true" ServiceKey="uddi:4198a3b3-c9ea-11e4-b34e-c1e7b9cfed01" WsdlOperationName="DELETE__list__key___worksheetId___visibility___protection_"/><ns3:Operation InterfaceName="{https://spreadsheets.google.com/feeds}Google_Sheets_API_PortType" ManagementState="Enabled" NumOfVirtualizedOperations="1" OperationKey="41d0f1d3-c9ea-11e4-b34e-c1e7b9cfed01" OperationLastUpdatedAt="2015-03-14T23:47:10.113Z" OperationName="DELETE /worksheets/{key}/{visibility}/{protection}" PolicyAvailable="true" ServiceKey="uddi:4198a3b3-c9ea-11e4-b34e-c1e7b9cfed01" WsdlOperationName="DELETE__worksheets__key___visibility___protection_"/><ns3:Operation InterfaceName="{https://spreadsheets.google.com/feeds}Google_Sheets_API_PortType" ManagementState="Enabled" NumOfVirtualizedOperations="1" OperationKey="41d5faee-c9ea-11e4-b34e-c1e7b9cfed01" OperationLastUpdatedAt="2015-03-14T23:47:10.113Z" OperationName="GET /cells/{key}/{worksheetId}/{visibility}/{protection}" PolicyAvailable="true" ServiceKey="uddi:4198a3b3-c9ea-11e4-b34e-c1e7b9cfed01" WsdlOperationName="GET__cells__key___worksheetId___visibility___protection_"/><ns3:Operation InterfaceName="{https://spreadsheets.google.com/feeds}Google_Sheets_API_PortType" ManagementState="Enabled" NumOfVirtualizedOperations="1" OperationKey="41d86bf5-c9ea-11e4-b34e-c1e7b9cfed01" OperationLastUpdatedAt="2015-03-14T23:47:10.113Z" OperationName="GET /cells/{key}/{worksheetId}/{visibility}/{protection}/{cellId}" PolicyAvailable="true" ServiceKey="uddi:4198a3b3-c9ea-11e4-b34e-c1e7b9cfed01" WsdlOperationName="GET__cells__key___worksheetId___visibility___protection___cellId_"/><ns3:Operation InterfaceName="{https://spreadsheets.google.com/feeds}Google_Sheets_API_PortType" ManagementState="Enabled" NumOfVirtualizedOperations="1" OperationKey="41d29f86-c9ea-11e4-b34e-c1e7b9cfed01" OperationLastUpdatedAt="2015-03-14T23:47:10.113Z" OperationName="GET /list/{key}/{worksheetId}/{visibility}/{protection}" PolicyAvailable="true" ServiceKey="uddi:4198a3b3-c9ea-11e4-b34e-c1e7b9cfed01" WsdlOperationName="GET__list__key___worksheetId___visibility___protection_"/><ns3:Operation InterfaceName="{https://spreadsheets.google.com/feeds}Google_Sheets_API_PortType" ManagementState="Enabled" NumOfVirtualizedOperations="2" OperationKey="41cc0fc7-c9ea-11e4-b34e-c1e7b9cfed01" OperationLastUpdatedAt="2015-03-14T23:47:10.113Z" OperationName="GET /spreadsheets/{visibility}/{protection}" PolicyAvailable="true" ServiceKey="uddi:4198a3b3-c9ea-11e4-b34e-c1e7b9cfed01" WsdlOperationName="GET__spreadsheets__visibility___protection_"/><ns3:Operation InterfaceName="{https://spreadsheets.google.com/feeds}Google_Sheets_API_PortType" ManagementState="Enabled" NumOfVirtualizedOperations="1" OperationKey="41cd4849-c9ea-11e4-b34e-c1e7b9cfed01" OperationLastUpdatedAt="2015-03-14T23:47:10.113Z" OperationName="GET /spreadsheets/{visibility}/{protection}/{key}" PolicyAvailable="true" ServiceKey="uddi:4198a3b3-c9ea-11e4-b34e-c1e7b9cfed01" WsdlOperationName="GET__spreadsheets__visibility___protection___key_"/><ns3:Operation InterfaceName="{https://spreadsheets.google.com/feeds}Google_Sheets_API_PortType" ManagementState="Enabled" NumOfVirtualizedOperations="2" OperationKey="41ce32ab-c9ea-11e4-b34e-c1e7b9cfed01" OperationLastUpdatedAt="2015-03-14T23:47:10.113Z" OperationName="GET /worksheets/{key}/{visibility}/{protection}" PolicyAvailable="true" ServiceKey="uddi:4198a3b3-c9ea-11e4-b34e-c1e7b9cfed01" WsdlOperationName="GET__worksheets__key___visibility___protection_"/><ns3:Operation InterfaceName="{https://spreadsheets.google.com/feeds}Google_Sheets_API_PortType" ManagementState="Enabled" NumOfVirtualizedOperations="1" OperationKey="41d1b524-c9ea-11e4-b34e-c1e7b9cfed01" OperationLastUpdatedAt="2015-03-14T23:47:10.113Z" OperationName="GET /worksheets/{key}/{visibility}/{protection}/{worksheetid}" PolicyAvailable="true" ServiceKey="uddi:4198a3b3-c9ea-11e4-b34e-c1e7b9cfed01" WsdlOperationName="GET__worksheets__key___visibility___protection___worksheetid_"/><ns3:Operation InterfaceName="{https://spreadsheets.google.com/feeds}Google_Sheets_API_PortType" ManagementState="Enabled" NumOfVirtualizedOperations="1" OperationKey="41d7a8a3-c9ea-11e4-b34e-c1e7b9cfed01" OperationLastUpdatedAt="2015-03-14T23:47:10.113Z" OperationName="POST /cells/{key}/{worksheetId}/{visibility}/{protection}/batch" PolicyAvailable="true" ServiceKey="uddi:4198a3b3-c9ea-11e4-b34e-c1e7b9cfed01" WsdlOperationName="POST__cells__key___worksheetId___visibility___protection__batch"/><ns3:Operation InterfaceName="{https://spreadsheets.google.com/feeds}Google_Sheets_API_PortType" ManagementState="Enabled" NumOfVirtualizedOperations="1" OperationKey="41d362d8-c9ea-11e4-b34e-c1e7b9cfed01" OperationLastUpdatedAt="2015-03-14T23:47:10.113Z" OperationName="POST /list/{key}/{worksheetId}/{visibility}/{protection}" PolicyAvailable="true" ServiceKey="uddi:4198a3b3-c9ea-11e4-b34e-c1e7b9cfed01" WsdlOperationName="POST__list__key___worksheetId___visibility___protection_"/><ns3:Operation InterfaceName="{https://spreadsheets.google.com/feeds}Google_Sheets_API_PortType" ManagementState="Enabled" NumOfVirtualizedOperations="1" OperationKey="41cf1d0d-c9ea-11e4-b34e-c1e7b9cfed01" OperationLastUpdatedAt="2015-03-14T23:47:10.113Z" OperationName="POST /worksheets/{key}/{visibility}/{protection}" PolicyAvailable="true" ServiceKey="uddi:4198a3b3-c9ea-11e4-b34e-c1e7b9cfed01" WsdlOperationName="POST__worksheets__key___visibility___protection_"/><ns3:Operation InterfaceName="{https://spreadsheets.google.com/feeds}Google_Sheets_API_PortType" ManagementState="Enabled" NumOfVirtualizedOperations="1" OperationKey="41d6be40-c9ea-11e4-b34e-c1e7b9cfed01" OperationLastUpdatedAt="2015-03-14T23:47:10.113Z" OperationName="PUT /cells/{key}/{worksheetId}/{visibility}/{protection}" PolicyAvailable="true" ServiceKey="uddi:4198a3b3-c9ea-11e4-b34e-c1e7b9cfed01" WsdlOperationName="PUT__cells__key___worksheetId___visibility___protection_"/><ns3:Operation InterfaceName="{https://spreadsheets.google.com/feeds}Google_Sheets_API_PortType" ManagementState="Enabled" NumOfVirtualizedOperations="1" OperationKey="41d95657-c9ea-11e4-b34e-c1e7b9cfed01" OperationLastUpdatedAt="2015-03-14T23:47:10.113Z" OperationName="PUT /cells/{key}/{worksheetId}/{visibility}/{protection}/{cellId}" PolicyAvailable="true" ServiceKey="uddi:4198a3b3-c9ea-11e4-b34e-c1e7b9cfed01" WsdlOperationName="PUT__cells__key___worksheetId___visibility___protection___cellId_"/><ns3:Operation InterfaceName="{https://spreadsheets.google.com/feeds}Google_Sheets_API_PortType" ManagementState="Enabled" NumOfVirtualizedOperations="1" OperationKey="41d44d3a-c9ea-11e4-b34e-c1e7b9cfed01" OperationLastUpdatedAt="2015-03-14T23:47:10.113Z" OperationName="PUT /list/{key}/{worksheetId}/{visibility}/{protection}" PolicyAvailable="true" ServiceKey="uddi:4198a3b3-c9ea-11e4-b34e-c1e7b9cfed01" WsdlOperationName="PUT__list__key___worksheetId___visibility___protection_"/><ns3:Operation InterfaceName="{https://spreadsheets.google.com/feeds}Google_Sheets_API_PortType" ManagementState="Enabled" NumOfVirtualizedOperations="1" OperationKey="41d00770-c9ea-11e4-b34e-c1e7b9cfed01" OperationLastUpdatedAt="2015-03-14T23:47:10.113Z" OperationName="PUT /worksheets/{key}/{visibility}/{protection}" PolicyAvailable="true" ServiceKey="uddi:4198a3b3-c9ea-11e4-b34e-c1e7b9cfed01" WsdlOperationName="PUT__worksheets__key___visibility___protection_"/></ns3:Operations></ns3:PhysicalService><ns5:businessService businessKey="uddi:603d313b-c3b4-11e4-b79d-bcadfb6b06d1" serviceKey="uddi:4198a3b3-c9ea-11e4-b34e-c1e7b9cfed01"><ns5:name>Google_Sheets_API</ns5:name><ns5:bindingTemplates><ns5:bindingTemplate bindingKey="uddi:41fb364a-c9ea-11e4-b34e-c1e7b9cfed01" serviceKey="uddi:4198a3b3-c9ea-11e4-b34e-c1e7b9cfed01"><ns5:accessPoint useType="endPoint">https://spreadsheets.google.com/feeds</ns5:accessPoint><ns5:tModelInstanceDetails><ns5:tModelInstanceInfo tModelKey="uddi:ac5d5cda-dba3-2d2e-6713-eae3735fc87c"><ns5:description>The wsdl:binding that this wsdl:port implements. The instanceParms specifies the port local name.</ns5:description><ns5:instanceDetails><ns5:instanceParms>Google_Sheets_API_port</ns5:instanceParms></ns5:instanceDetails></ns5:tModelInstanceInfo><ns5:tModelInstanceInfo tModelKey="uddi:bb558a13-b96e-badc-0100-166708e01454"><ns5:description>The wsdl:portType that this wsdl:port implements.</ns5:description></ns5:tModelInstanceInfo></ns5:tModelInstanceDetails><ns5:categoryBag><ns5:keyedReference keyName="WSDL type" keyValue="port" tModelKey="uddi:uddi.org:wsdl:types"/></ns5:categoryBag></ns5:bindingTemplate></ns5:bindingTemplates><ns5:categoryBag><ns5:keyedReference keyName="Design" keyValue="Design" tModelKey="uddi:soa.com:servicelifecyclestage"/><ns5:keyedReference keyName="1.0" keyValue="4a756a50-b5f3-4aca-829a-cb422cccb5a8" tModelKey="uddi:soa.com:serviceversion"/><ns5:keyedReference keyName="WSDL type" keyValue="service" tModelKey="uddi:uddi.org:wsdl:types"/><ns5:keyedReference keyName="service local name" keyValue="Google_Sheets_API" tModelKey="uddi:uddi.org:xml:localname"/><ns5:keyedReference keyName="service namespace" keyValue="https://spreadsheets.google.com/feeds" tModelKey="uddi:uddi.org:xml:namespace"/><ns5:keyedReferenceGroup tModelKey="uddi:soa.com:service:group"/></ns5:categoryBag></ns5:businessService><ns2:ExportServiceEndpoint><ns8:ServiceEndpoint><ns8:ServiceKey>uddi:4198a3b3-c9ea-11e4-b34e-c1e7b9cfed01</ns8:ServiceKey><ns8:Name>uddi:41fb364a-c9ea-11e4-b34e-c1e7b9cfed01</ns8:Name><ns8:Url>https://spreadsheets.google.com/feeds</ns8:Url><ns8:BindingQName>{https://spreadsheets.google.com/feeds}Google_Sheets_API_Binding</ns8:BindingQName><ns8:PortName>Google_Sheets_API_port</ns8:PortName><ns8:Protocol>https</ns8:Protocol></ns8:ServiceEndpoint><ns2:EndpointWsdlUri>wsdls/uddi_41fb364a-c9ea-11e4-b34e-c1e7b9cfed01.wsdl</ns2:EndpointWsdlUri></ns2:ExportServiceEndpoint></ns2:ExportService></ns2:ExportObjectConfiguration><ns2:ExportObjectConfiguration><ns1:ServiceKey><ns1:Key>uddi:ed9f2490-b56d-11e4-86ce-86c450a25418</ns1:Key><ns1:ServiceQName>{https://www.googleapis.com/oauth2/sheets/hook/v3}Google_Auth_API</ns1:ServiceQName></ns1:ServiceKey><ns2:ExportService><ns3:PhysicalService BusinessKey="uddi:603d313b-c3b4-11e4-b79d-bcadfb6b06d1" Discovered="false" ServiceKey="uddi:ed9f2490-b56d-11e4-86ce-86c450a25418" WsdlServiceLocalName="Google_Auth_API" WsdlTargetNamespaceUrl="https://www.googleapis.com/oauth2/sheets/hook/v3"><ns3:Name>Google_Auth_API</ns3:Name><ns3:Description></ns3:Description><ns3:Operations><ns3:Operation InterfaceName="{https://www.googleapis.com/oauth2/v3}Google_Auth_API" ManagementState="Enabled" NumOfVirtualizedOperations="0" OperationKey="81959862-b585-11e4-86ce-86c450a25418" OperationLastUpdatedAt="2015-03-14T05:58:18.757Z" OperationName="POST /token" PolicyAvailable="true" ServiceKey="uddi:ed9f2490-b56d-11e4-86ce-86c450a25418" WsdlOperationName="POST__token"/></ns3:Operations></ns3:PhysicalService><ns5:businessService businessKey="uddi:603d313b-c3b4-11e4-b79d-bcadfb6b06d1" serviceKey="uddi:ed9f2490-b56d-11e4-86ce-86c450a25418"><ns5:name>Google_Auth_API</ns5:name><ns5:bindingTemplates><ns5:bindingTemplate bindingKey="uddi:edee07e7-b56d-11e4-86ce-86c450a25418" serviceKey="uddi:ed9f2490-b56d-11e4-86ce-86c450a25418"><ns5:accessPoint useType="endPoint">https://www.googleapis.com/oauth2/v3</ns5:accessPoint><ns5:tModelInstanceDetails><ns5:tModelInstanceInfo tModelKey="uddi:4eba56b4-9ecf-2095-ee70-490162d8a4e7"><ns5:description>The wsdl:binding that this wsdl:port implements. The instanceParms specifies the port local name.</ns5:description><ns5:instanceDetails><ns5:instanceParms>Google_Auth_API_port</ns5:instanceParms></ns5:instanceDetails></ns5:tModelInstanceInfo><ns5:tModelInstanceInfo tModelKey="uddi:781b74bf-471c-1c42-8acf-0f2326c2f806"><ns5:description>The wsdl:portType that this wsdl:port implements.</ns5:description></ns5:tModelInstanceInfo></ns5:tModelInstanceDetails><ns5:categoryBag><ns5:keyedReference keyName="WSDL type" keyValue="port" tModelKey="uddi:uddi.org:wsdl:types"/></ns5:categoryBag></ns5:bindingTemplate></ns5:bindingTemplates><ns5:categoryBag><ns5:keyedReference keyName="Staging" keyValue="Staging" tModelKey="uddi:soa.com:servicelifecyclestage"/><ns5:keyedReference keyName="1.0" keyValue="748bf63b-9f30-49b0-89f5-c29aa095ae43" tModelKey="uddi:soa.com:serviceversion"/><ns5:keyedReference keyName="WSDL type" keyValue="service" tModelKey="uddi:uddi.org:wsdl:types"/><ns5:keyedReference keyName="service local name" keyValue="Google_Auth_API" tModelKey="uddi:uddi.org:xml:localname"/><ns5:keyedReference keyName="service namespace" keyValue="https://www.googleapis.com/oauth2/sheets/hook/v3" tModelKey="uddi:uddi.org:xml:namespace"/><ns5:keyedReferenceGroup tModelKey="uddi:soa.com:service:group"/></ns5:categoryBag></ns5:businessService><ns2:ExportServiceEndpoint><ns8:ServiceEndpoint><ns8:ServiceKey>uddi:ed9f2490-b56d-11e4-86ce-86c450a25418</ns8:ServiceKey><ns8:Name>uddi:edee07e7-b56d-11e4-86ce-86c450a25418</ns8:Name><ns8:Url>https://www.googleapis.com/oauth2/v3</ns8:Url><ns8:BindingQName>{https://www.googleapis.com/oauth2/v3}Google_Auth_API</ns8:BindingQName><ns8:PortName>Google_Auth_API_port</ns8:PortName><ns8:Protocol>https</ns8:Protocol></ns8:ServiceEndpoint><ns2:EndpointWsdlUri>wsdls/uddi_edee07e7-b56d-11e4-86ce-86c450a25418.wsdl</ns2:EndpointWsdlUri></ns2:ExportServiceEndpoint></ns2:ExportService></ns2:ExportObjectConfiguration><ns2:ExportObjectConfiguration><ns1:ServiceKey><ns1:Key>uddi:2f09bb4f-c9e8-11e4-b34e-c1e7b9cfed01</ns1:Key><ns1:ServiceQName>{https://spreadsheets.google.com/feeds}Google_Sheets_API_Hook</ns1:ServiceQName></ns1:ServiceKey><ns2:ExportService><ns3:VirtualService BusinessKey="uddi:603d313b-c3b4-11e4-b79d-bcadfb6b06d1" ServiceKey="uddi:2f09bb4f-c9e8-11e4-b34e-c1e7b9cfed01" WsdlServiceLocalName="Google_Sheets_API_Hook" WsdlTargetNamespaceUrl="https://spreadsheets.google.com/feeds"><ns3:Name>Google_Sheets_API_Hook</ns3:Name><ns3:Description></ns3:Description><ns3:Operations><ns3:LogicalOperation InterfaceName="{https://spreadsheets.google.com/feeds}Google_Sheets_API_Hook_PortType" ManagementState="Enabled" NextHopOperationKey="uddi:4198a3b3-c9ea-11e4-b34e-c1e7b9cfed01$$${https://spreadsheets.google.com/feeds}Google_Sheets_API_PortType$$$DELETE__list__key___worksheetId___visibility___protection_" NextHopOperationName="DELETE /list/{key}/{worksheetId}/{visibility}/{protection}" NextHopServiceKey="uddi:4198a3b3-c9ea-11e4-b34e-c1e7b9cfed01" NextHopServiceName="Google_Sheets_API" NumOfVirtualizedOperations="0" OperationKey="2f4e6589-c9e8-11e4-b34e-c1e7b9cfed01" OperationLastUpdatedAt="2015-04-03T22:26:37.463Z" OperationName="DELETE /list/{key}/{worksheetId}/{visibility}/{protection}" PolicyAvailable="true" ServiceKey="uddi:2f09bb4f-c9e8-11e4-b34e-c1e7b9cfed01" WsdlOperationName="DELETE__list__key___worksheetId___visibility___protection_"><ns3:NextHopOperation InterfaceName="{https://spreadsheets.google.com/feeds}Google_Sheets_API_PortType" OperationKey="41d5379d-c9ea-11e4-b34e-c1e7b9cfed01" OperationLastUpdatedAt="2015-03-14T23:47:10.113Z" OperationName="DELETE /list/{key}/{worksheetId}/{visibility}/{protection}" ServiceKey="uddi:4198a3b3-c9ea-11e4-b34e-c1e7b9cfed01" ServiceName="Google_Sheets_API" WsdlOperationName="DELETE__list__key___worksheetId___visibility___protection_"/></ns3:LogicalOperation><ns3:LogicalOperation InterfaceName="{https://spreadsheets.google.com/feeds}Google_Sheets_API_Hook_PortType" ManagementState="Enabled" NextHopOperationKey="uddi:4198a3b3-c9ea-11e4-b34e-c1e7b9cfed01$$${https://spreadsheets.google.com/feeds}Google_Sheets_API_PortType$$$DELETE__worksheets__key___visibility___protection_" NextHopOperationName="DELETE /worksheets/{key}/{visibility}/{protection}" NextHopServiceKey="uddi:4198a3b3-c9ea-11e4-b34e-c1e7b9cfed01" NextHopServiceName="Google_Sheets_API" NumOfVirtualizedOperations="0" OperationKey="2f49f8af-c9e8-11e4-b34e-c1e7b9cfed01" OperationLastUpdatedAt="2015-04-03T22:26:37.463Z" OperationName="DELETE /worksheets/{key}/{visibility}/{protection}" PolicyAvailable="true" ServiceKey="uddi:2f09bb4f-c9e8-11e4-b34e-c1e7b9cfed01" WsdlOperationName="DELETE__worksheets__key___visibility___protection_"><ns3:NextHopOperation InterfaceName="{https://spreadsheets.google.com/feeds}Google_Sheets_API_PortType" OperationKey="41d0f1d3-c9ea-11e4-b34e-c1e7b9cfed01" OperationLastUpdatedAt="2015-03-14T23:47:10.113Z" OperationName="DELETE /worksheets/{key}/{visibility}/{protection}" ServiceKey="uddi:4198a3b3-c9ea-11e4-b34e-c1e7b9cfed01" ServiceName="Google_Sheets_API" WsdlOperationName="DELETE__worksheets__key___visibility___protection_"/></ns3:LogicalOperation><ns3:LogicalOperation InterfaceName="{https://spreadsheets.google.com/feeds}Google_Sheets_API_Hook_PortType" ManagementState="Enabled" NextHopOperationKey="uddi:4198a3b3-c9ea-11e4-b34e-c1e7b9cfed01$$${https://spreadsheets.google.com/feeds}Google_Sheets_API_PortType$$$GET__cells__key___worksheetId___visibility___protection_" NextHopOperationName="GET /cells/{key}/{worksheetId}/{visibility}/{protection}" NextHopServiceKey="uddi:4198a3b3-c9ea-11e4-b34e-c1e7b9cfed01" NextHopServiceName="Google_Sheets_API" NumOfVirtualizedOperations="1" OperationKey="2f4f28da-c9e8-11e4-b34e-c1e7b9cfed01" OperationLastUpdatedAt="2015-04-03T22:26:37.463Z" OperationName="GET /cells/{key}/{worksheetId}/{visibility}/{protection}" PolicyAvailable="true" ServiceKey="uddi:2f09bb4f-c9e8-11e4-b34e-c1e7b9cfed01" WsdlOperationName="GET__cells__key___worksheetId___visibility___protection_"><ns3:NextHopOperation InterfaceName="{https://spreadsheets.google.com/feeds}Google_Sheets_API_PortType" OperationKey="41d5faee-c9ea-11e4-b34e-c1e7b9cfed01" OperationLastUpdatedAt="2015-03-14T23:47:10.113Z" OperationName="GET /cells/{key}/{worksheetId}/{visibility}/{protection}" ServiceKey="uddi:4198a3b3-c9ea-11e4-b34e-c1e7b9cfed01" ServiceName="Google_Sheets_API" WsdlOperationName="GET__cells__key___worksheetId___visibility___protection_"/></ns3:LogicalOperation><ns3:LogicalOperation InterfaceName="{https://spreadsheets.google.com/feeds}Google_Sheets_API_Hook_PortType" ManagementState="Enabled" NextHopOperationKey="uddi:4198a3b3-c9ea-11e4-b34e-c1e7b9cfed01$$${https://spreadsheets.google.com/feeds}Google_Sheets_API_PortType$$$GET__cells__key___worksheetId___visibility___protection___cellId_" NextHopOperationName="GET /cells/{key}/{worksheetId}/{visibility}/{protection}/{cellId}" NextHopServiceKey="uddi:4198a3b3-c9ea-11e4-b34e-c1e7b9cfed01" NextHopServiceName="Google_Sheets_API" NumOfVirtualizedOperations="0" OperationKey="2f51c0f1-c9e8-11e4-b34e-c1e7b9cfed01" OperationLastUpdatedAt="2015-04-03T22:26:37.463Z" OperationName="GET /cells/{key}/{worksheetId}/{visibility}/{protection}/{cellId}" PolicyAvailable="true" ServiceKey="uddi:2f09bb4f-c9e8-11e4-b34e-c1e7b9cfed01" WsdlOperationName="GET__cells__key___worksheetId___visibility___protection___cellId_"><ns3:NextHopOperation InterfaceName="{https://spreadsheets.google.com/feeds}Google_Sheets_API_PortType" OperationKey="41d86bf5-c9ea-11e4-b34e-c1e7b9cfed01" OperationLastUpdatedAt="2015-03-14T23:47:10.113Z" OperationName="GET /cells/{key}/{worksheetId}/{visibility}/{protection}/{cellId}" ServiceKey="uddi:4198a3b3-c9ea-11e4-b34e-c1e7b9cfed01" ServiceName="Google_Sheets_API" WsdlOperationName="GET__cells__key___worksheetId___visibility___protection___cellId_"/></ns3:LogicalOperation><ns3:LogicalOperation InterfaceName="{https://spreadsheets.google.com/feeds}Google_Sheets_API_Hook_PortType" ManagementState="Enabled" NextHopOperationKey="uddi:4198a3b3-c9ea-11e4-b34e-c1e7b9cfed01$$${https://spreadsheets.google.com/feeds}Google_Sheets_API_PortType$$$GET__spreadsheets__visibility___protection_" NextHopOperationName="GET /spreadsheets/{visibility}/{protection}" NextHopServiceKey="uddi:4198a3b3-c9ea-11e4-b34e-c1e7b9cfed01" NextHopServiceName="Google_Sheets_API" NumOfVirtualizedOperations="0" OperationKey="be103736-cc49-11e4-93fa-864b2dedf790" OperationLastUpdatedAt="2015-04-03T22:26:37.463Z" OperationName="GET /helloworld" PolicyAvailable="true" ServiceKey="uddi:2f09bb4f-c9e8-11e4-b34e-c1e7b9cfed01" WsdlOperationName="GET__helloworld"><ns3:NextHopOperation InterfaceName="{https://spreadsheets.google.com/feeds}Google_Sheets_API_PortType" OperationKey="41cc0fc7-c9ea-11e4-b34e-c1e7b9cfed01" OperationLastUpdatedAt="2015-03-14T23:47:10.113Z" OperationName="GET /spreadsheets/{visibility}/{protection}" ServiceKey="uddi:4198a3b3-c9ea-11e4-b34e-c1e7b9cfed01" ServiceName="Google_Sheets_API" WsdlOperationName="GET__spreadsheets__visibility___protection_"/></ns3:LogicalOperation><ns3:LogicalOperation InterfaceName="{https://spreadsheets.google.com/feeds}Google_Sheets_API_Hook_PortType" ManagementState="Enabled" NextHopOperationKey="uddi:4198a3b3-c9ea-11e4-b34e-c1e7b9cfed01$$${https://spreadsheets.google.com/feeds}Google_Sheets_API_PortType$$$GET__list__key___worksheetId___visibility___protection_" NextHopOperationName="GET /list/{key}/{worksheetId}/{visibility}/{protection}" NextHopServiceKey="uddi:4198a3b3-c9ea-11e4-b34e-c1e7b9cfed01" NextHopServiceName="Google_Sheets_API" NumOfVirtualizedOperations="0" OperationKey="2f4ba662-c9e8-11e4-b34e-c1e7b9cfed01" OperationLastUpdatedAt="2015-04-03T22:26:37.463Z" OperationName="GET /list/{key}/{worksheetId}/{visibility}/{protection}" PolicyAvailable="true" ServiceKey="uddi:2f09bb4f-c9e8-11e4-b34e-c1e7b9cfed01" WsdlOperationName="GET__list__key___worksheetId___visibility___protection_"><ns3:NextHopOperation InterfaceName="{https://spreadsheets.google.com/feeds}Google_Sheets_API_PortType" OperationKey="41d29f86-c9ea-11e4-b34e-c1e7b9cfed01" OperationLastUpdatedAt="2015-03-14T23:47:10.113Z" OperationName="GET /list/{key}/{worksheetId}/{visibility}/{protection}" ServiceKey="uddi:4198a3b3-c9ea-11e4-b34e-c1e7b9cfed01" ServiceName="Google_Sheets_API" WsdlOperationName="GET__list__key___worksheetId___visibility___protection_"/></ns3:LogicalOperation><ns3:LogicalOperation InterfaceName="{https://spreadsheets.google.com/feeds}Google_Sheets_API_Hook_PortType" ManagementState="Enabled" NextHopOperationKey="uddi:4198a3b3-c9ea-11e4-b34e-c1e7b9cfed01$$${https://spreadsheets.google.com/feeds}Google_Sheets_API_PortType$$$GET__spreadsheets__visibility___protection_" NextHopOperationName="GET /spreadsheets/{visibility}/{protection}" NextHopServiceKey="uddi:4198a3b3-c9ea-11e4-b34e-c1e7b9cfed01" NextHopServiceName="Google_Sheets_API" NumOfVirtualizedOperations="0" OperationKey="2f453db3-c9e8-11e4-b34e-c1e7b9cfed01" OperationLastUpdatedAt="2015-04-03T22:26:37.463Z" OperationName="GET /spreadsheets/{visibility}/{protection}" PolicyAvailable="true" ServiceKey="uddi:2f09bb4f-c9e8-11e4-b34e-c1e7b9cfed01" WsdlOperationName="GET__spreadsheets__visibility___protection_"><ns3:NextHopOperation InterfaceName="{https://spreadsheets.google.com/feeds}Google_Sheets_API_PortType" OperationKey="41cc0fc7-c9ea-11e4-b34e-c1e7b9cfed01" OperationLastUpdatedAt="2015-03-14T23:47:10.113Z" OperationName="GET /spreadsheets/{visibility}/{protection}" ServiceKey="uddi:4198a3b3-c9ea-11e4-b34e-c1e7b9cfed01" ServiceName="Google_Sheets_API" WsdlOperationName="GET__spreadsheets__visibility___protection_"/></ns3:LogicalOperation><ns3:LogicalOperation InterfaceName="{https://spreadsheets.google.com/feeds}Google_Sheets_API_Hook_PortType" ManagementState="Enabled" NextHopOperationKey="uddi:4198a3b3-c9ea-11e4-b34e-c1e7b9cfed01$$${https://spreadsheets.google.com/feeds}Google_Sheets_API_PortType$$$GET__spreadsheets__visibility___protection___key_" NextHopOperationName="GET /spreadsheets/{visibility}/{protection}/{key}" NextHopServiceKey="uddi:4198a3b3-c9ea-11e4-b34e-c1e7b9cfed01" NextHopServiceName="Google_Sheets_API" NumOfVirtualizedOperations="0" OperationKey="2f467635-c9e8-11e4-b34e-c1e7b9cfed01" OperationLastUpdatedAt="2015-04-03T22:26:37.463Z" OperationName="GET /spreadsheets/{visibility}/{protection}/{key}" PolicyAvailable="true" ServiceKey="uddi:2f09bb4f-c9e8-11e4-b34e-c1e7b9cfed01" WsdlOperationName="GET__spreadsheets__visibility___protection___key_"><ns3:NextHopOperation InterfaceName="{https://spreadsheets.google.com/feeds}Google_Sheets_API_PortType" OperationKey="41cd4849-c9ea-11e4-b34e-c1e7b9cfed01" OperationLastUpdatedAt="2015-03-14T23:47:10.113Z" OperationName="GET /spreadsheets/{visibility}/{protection}/{key}" ServiceKey="uddi:4198a3b3-c9ea-11e4-b34e-c1e7b9cfed01" ServiceName="Google_Sheets_API" WsdlOperationName="GET__spreadsheets__visibility___protection___key_"/></ns3:LogicalOperation><ns3:LogicalOperation InterfaceName="{https://spreadsheets.google.com/feeds}Google_Sheets_API_Hook_PortType" ManagementState="Enabled" NextHopOperationKey="uddi:4198a3b3-c9ea-11e4-b34e-c1e7b9cfed01$$${https://spreadsheets.google.com/feeds}Google_Sheets_API_PortType$$$GET__worksheets__key___visibility___protection_" NextHopOperationName="GET /worksheets/{key}/{visibility}/{protection}" NextHopServiceKey="uddi:4198a3b3-c9ea-11e4-b34e-c1e7b9cfed01" NextHopServiceName="Google_Sheets_API" NumOfVirtualizedOperations="1" OperationKey="2f476097-c9e8-11e4-b34e-c1e7b9cfed01" OperationLastUpdatedAt="2015-04-03T22:26:37.463Z" OperationName="GET /worksheets/{key}/{visibility}/{protection}" PolicyAvailable="true" ServiceKey="uddi:2f09bb4f-c9e8-11e4-b34e-c1e7b9cfed01" WsdlOperationName="GET__worksheets__key___visibility___protection_"><ns3:NextHopOperation InterfaceName="{https://spreadsheets.google.com/feeds}Google_Sheets_API_PortType" OperationKey="41ce32ab-c9ea-11e4-b34e-c1e7b9cfed01" OperationLastUpdatedAt="2015-03-14T23:47:10.113Z" OperationName="GET /worksheets/{key}/{visibility}/{protection}" ServiceKey="uddi:4198a3b3-c9ea-11e4-b34e-c1e7b9cfed01" ServiceName="Google_Sheets_API" WsdlOperationName="GET__worksheets__key___visibility___protection_"/></ns3:LogicalOperation><ns3:LogicalOperation InterfaceName="{https://spreadsheets.google.com/feeds}Google_Sheets_API_Hook_PortType" ManagementState="Enabled" NextHopOperationKey="uddi:4198a3b3-c9ea-11e4-b34e-c1e7b9cfed01$$${https://spreadsheets.google.com/feeds}Google_Sheets_API_PortType$$$GET__worksheets__key___visibility___protection___worksheetid_" NextHopOperationName="GET /worksheets/{key}/{visibility}/{protection}/{worksheetid}" NextHopServiceKey="uddi:4198a3b3-c9ea-11e4-b34e-c1e7b9cfed01" NextHopServiceName="Google_Sheets_API" NumOfVirtualizedOperations="0" OperationKey="2f4abc00-c9e8-11e4-b34e-c1e7b9cfed01" OperationLastUpdatedAt="2015-04-03T22:26:37.463Z" OperationName="GET /worksheets/{key}/{visibility}/{protection}/{worksheetid}" PolicyAvailable="true" ServiceKey="uddi:2f09bb4f-c9e8-11e4-b34e-c1e7b9cfed01" WsdlOperationName="GET__worksheets__key___visibility___protection___worksheetid_"><ns3:NextHopOperation InterfaceName="{https://spreadsheets.google.com/feeds}Google_Sheets_API_PortType" OperationKey="41d1b524-c9ea-11e4-b34e-c1e7b9cfed01" OperationLastUpdatedAt="2015-03-14T23:47:10.113Z" OperationName="GET /worksheets/{key}/{visibility}/{protection}/{worksheetid}" ServiceKey="uddi:4198a3b3-c9ea-11e4-b34e-c1e7b9cfed01" ServiceName="Google_Sheets_API" WsdlOperationName="GET__worksheets__key___visibility___protection___worksheetid_"/></ns3:LogicalOperation><ns3:LogicalOperation InterfaceName="{https://spreadsheets.google.com/feeds}Google_Sheets_API_Hook_PortType" ManagementState="Enabled" NextHopOperationKey="uddi:4198a3b3-c9ea-11e4-b34e-c1e7b9cfed01$$${https://spreadsheets.google.com/feeds}Google_Sheets_API_PortType$$$POST__cells__key___worksheetId___visibility___protection__batch" NextHopOperationName="POST /cells/{key}/{worksheetId}/{visibility}/{protection}/batch" NextHopServiceKey="uddi:4198a3b3-c9ea-11e4-b34e-c1e7b9cfed01" NextHopServiceName="Google_Sheets_API" NumOfVirtualizedOperations="0" OperationKey="2f50d68f-c9e8-11e4-b34e-c1e7b9cfed01" OperationLastUpdatedAt="2015-04-03T22:26:37.463Z" OperationName="POST /cells/{key}/{worksheetId}/{visibility}/{protection}/batch" PolicyAvailable="true" ServiceKey="uddi:2f09bb4f-c9e8-11e4-b34e-c1e7b9cfed01" WsdlOperationName="POST__cells__key___worksheetId___visibility___protection__batch"><ns3:NextHopOperation InterfaceName="{https://spreadsheets.google.com/feeds}Google_Sheets_API_PortType" OperationKey="41d7a8a3-c9ea-11e4-b34e-c1e7b9cfed01" OperationLastUpdatedAt="2015-03-14T23:47:10.113Z" OperationName="POST /cells/{key}/{worksheetId}/{visibility}/{protection}/batch" ServiceKey="uddi:4198a3b3-c9ea-11e4-b34e-c1e7b9cfed01" ServiceName="Google_Sheets_API" WsdlOperationName="POST__cells__key___worksheetId___visibility___protection__batch"/></ns3:LogicalOperation><ns3:LogicalOperation InterfaceName="{https://spreadsheets.google.com/feeds}Google_Sheets_API_Hook_PortType" ManagementState="Enabled" NextHopOperationKey="uddi:4198a3b3-c9ea-11e4-b34e-c1e7b9cfed01$$${https://spreadsheets.google.com/feeds}Google_Sheets_API_PortType$$$POST__list__key___worksheetId___visibility___protection_" NextHopOperationName="POST /list/{key}/{worksheetId}/{visibility}/{protection}" NextHopServiceKey="uddi:4198a3b3-c9ea-11e4-b34e-c1e7b9cfed01" NextHopServiceName="Google_Sheets_API" NumOfVirtualizedOperations="0" OperationKey="2f4c90c4-c9e8-11e4-b34e-c1e7b9cfed01" OperationLastUpdatedAt="2015-04-03T22:26:37.463Z" OperationName="POST /list/{key}/{worksheetId}/{visibility}/{protection}" PolicyAvailable="true" ServiceKey="uddi:2f09bb4f-c9e8-11e4-b34e-c1e7b9cfed01" WsdlOperationName="POST__list__key___worksheetId___visibility___protection_"><ns3:NextHopOperation InterfaceName="{https://spreadsheets.google.com/feeds}Google_Sheets_API_PortType" OperationKey="41d362d8-c9ea-11e4-b34e-c1e7b9cfed01" OperationLastUpdatedAt="2015-03-14T23:47:10.113Z" OperationName="POST /list/{key}/{worksheetId}/{visibility}/{protection}" ServiceKey="uddi:4198a3b3-c9ea-11e4-b34e-c1e7b9cfed01" ServiceName="Google_Sheets_API" WsdlOperationName="POST__list__key___worksheetId___visibility___protection_"/></ns3:LogicalOperation><ns3:LogicalOperation InterfaceName="{https://spreadsheets.google.com/feeds}Google_Sheets_API_Hook_PortType" ManagementState="Enabled" NextHopOperationKey="uddi:4198a3b3-c9ea-11e4-b34e-c1e7b9cfed01$$${https://spreadsheets.google.com/feeds}Google_Sheets_API_PortType$$$POST__worksheets__key___visibility___protection_" NextHopOperationName="POST /worksheets/{key}/{visibility}/{protection}" NextHopServiceKey="uddi:4198a3b3-c9ea-11e4-b34e-c1e7b9cfed01" NextHopServiceName="Google_Sheets_API" NumOfVirtualizedOperations="0" OperationKey="2f4823e9-c9e8-11e4-b34e-c1e7b9cfed01" OperationLastUpdatedAt="2015-04-03T22:26:37.463Z" OperationName="POST /worksheets/{key}/{visibility}/{protection}" PolicyAvailable="true" ServiceKey="uddi:2f09bb4f-c9e8-11e4-b34e-c1e7b9cfed01" WsdlOperationName="POST__worksheets__key___visibility___protection_"><ns3:NextHopOperation InterfaceName="{https://spreadsheets.google.com/feeds}Google_Sheets_API_PortType" OperationKey="41cf1d0d-c9ea-11e4-b34e-c1e7b9cfed01" OperationLastUpdatedAt="2015-03-14T23:47:10.113Z" OperationName="POST /worksheets/{key}/{visibility}/{protection}" ServiceKey="uddi:4198a3b3-c9ea-11e4-b34e-c1e7b9cfed01" ServiceName="Google_Sheets_API" WsdlOperationName="POST__worksheets__key___visibility___protection_"/></ns3:LogicalOperation><ns3:LogicalOperation InterfaceName="{https://spreadsheets.google.com/feeds}Google_Sheets_API_Hook_PortType" ManagementState="Enabled" NextHopOperationKey="uddi:4198a3b3-c9ea-11e4-b34e-c1e7b9cfed01$$${https://spreadsheets.google.com/feeds}Google_Sheets_API_PortType$$$PUT__cells__key___worksheetId___visibility___protection_" NextHopOperationName="PUT /cells/{key}/{worksheetId}/{visibility}/{protection}" NextHopServiceKey="uddi:4198a3b3-c9ea-11e4-b34e-c1e7b9cfed01" NextHopServiceName="Google_Sheets_API" NumOfVirtualizedOperations="0" OperationKey="2f4fec2c-c9e8-11e4-b34e-c1e7b9cfed01" OperationLastUpdatedAt="2015-04-03T22:26:37.463Z" OperationName="PUT /cells/{key}/{worksheetId}/{visibility}/{protection}" PolicyAvailable="true" ServiceKey="uddi:2f09bb4f-c9e8-11e4-b34e-c1e7b9cfed01" WsdlOperationName="PUT__cells__key___worksheetId___visibility___protection_"><ns3:NextHopOperation InterfaceName="{https://spreadsheets.google.com/feeds}Google_Sheets_API_PortType" OperationKey="41d6be40-c9ea-11e4-b34e-c1e7b9cfed01" OperationLastUpdatedAt="2015-03-14T23:47:10.113Z" OperationName="PUT /cells/{key}/{worksheetId}/{visibility}/{protection}" ServiceKey="uddi:4198a3b3-c9ea-11e4-b34e-c1e7b9cfed01" ServiceName="Google_Sheets_API" WsdlOperationName="PUT__cells__key___worksheetId___visibility___protection_"/></ns3:LogicalOperation><ns3:LogicalOperation InterfaceName="{https://spreadsheets.google.com/feeds}Google_Sheets_API_Hook_PortType" ManagementState="Enabled" NextHopOperationKey="uddi:4198a3b3-c9ea-11e4-b34e-c1e7b9cfed01$$${https://spreadsheets.google.com/feeds}Google_Sheets_API_PortType$$$PUT__cells__key___worksheetId___visibility___protection___cellId_" NextHopOperationName="PUT /cells/{key}/{worksheetId}/{visibility}/{protection}/{cellId}" NextHopServiceKey="uddi:4198a3b3-c9ea-11e4-b34e-c1e7b9cfed01" NextHopServiceName="Google_Sheets_API" NumOfVirtualizedOperations="0" OperationKey="2f52ab53-c9e8-11e4-b34e-c1e7b9cfed01" OperationLastUpdatedAt="2015-04-03T22:26:37.463Z" OperationName="PUT /cells/{key}/{worksheetId}/{visibility}/{protection}/{cellId}" PolicyAvailable="true" ServiceKey="uddi:2f09bb4f-c9e8-11e4-b34e-c1e7b9cfed01" WsdlOperationName="PUT__cells__key___worksheetId___visibility___protection___cellId_"><ns3:NextHopOperation InterfaceName="{https://spreadsheets.google.com/feeds}Google_Sheets_API_PortType" OperationKey="41d95657-c9ea-11e4-b34e-c1e7b9cfed01" OperationLastUpdatedAt="2015-03-14T23:47:10.113Z" OperationName="PUT /cells/{key}/{worksheetId}/{visibility}/{protection}/{cellId}" ServiceKey="uddi:4198a3b3-c9ea-11e4-b34e-c1e7b9cfed01" ServiceName="Google_Sheets_API" WsdlOperationName="PUT__cells__key___worksheetId___visibility___protection___cellId_"/></ns3:LogicalOperation><ns3:LogicalOperation InterfaceName="{https://spreadsheets.google.com/feeds}Google_Sheets_API_Hook_PortType" ManagementState="Enabled" NextHopOperationKey="uddi:4198a3b3-c9ea-11e4-b34e-c1e7b9cfed01$$${https://spreadsheets.google.com/feeds}Google_Sheets_API_PortType$$$PUT__list__key___worksheetId___visibility___protection_" NextHopOperationName="PUT /list/{key}/{worksheetId}/{visibility}/{protection}" NextHopServiceKey="uddi:4198a3b3-c9ea-11e4-b34e-c1e7b9cfed01" NextHopServiceName="Google_Sheets_API" NumOfVirtualizedOperations="0" OperationKey="2f4d5416-c9e8-11e4-b34e-c1e7b9cfed01" OperationLastUpdatedAt="2015-04-03T22:26:37.463Z" OperationName="PUT /list/{key}/{worksheetId}/{visibility}/{protection}" PolicyAvailable="true" ServiceKey="uddi:2f09bb4f-c9e8-11e4-b34e-c1e7b9cfed01" WsdlOperationName="PUT__list__key___worksheetId___visibility___protection_"><ns3:NextHopOperation InterfaceName="{https://spreadsheets.google.com/feeds}Google_Sheets_API_PortType" OperationKey="41d44d3a-c9ea-11e4-b34e-c1e7b9cfed01" OperationLastUpdatedAt="2015-03-14T23:47:10.113Z" OperationName="PUT /list/{key}/{worksheetId}/{visibility}/{protection}" ServiceKey="uddi:4198a3b3-c9ea-11e4-b34e-c1e7b9cfed01" ServiceName="Google_Sheets_API" WsdlOperationName="PUT__list__key___worksheetId___visibility___protection_"/></ns3:LogicalOperation><ns3:LogicalOperation InterfaceName="{https://spreadsheets.google.com/feeds}Google_Sheets_API_Hook_PortType" ManagementState="Enabled" NextHopOperationKey="uddi:4198a3b3-c9ea-11e4-b34e-c1e7b9cfed01$$${https://spreadsheets.google.com/feeds}Google_Sheets_API_PortType$$$PUT__worksheets__key___visibility___protection_" NextHopOperationName="PUT /worksheets/{key}/{visibility}/{protection}" NextHopServiceKey="uddi:4198a3b3-c9ea-11e4-b34e-c1e7b9cfed01" NextHopServiceName="Google_Sheets_API" NumOfVirtualizedOperations="0" OperationKey="2f49355c-c9e8-11e4-b34e-c1e7b9cfed01" OperationLastUpdatedAt="2015-04-03T22:26:37.463Z" OperationName="PUT /worksheets/{key}/{visibility}/{protection}" PolicyAvailable="true" ServiceKey="uddi:2f09bb4f-c9e8-11e4-b34e-c1e7b9cfed01" WsdlOperationName="PUT__worksheets__key___visibility___protection_"><ns3:NextHopOperation InterfaceName="{https://spreadsheets.google.com/feeds}Google_Sheets_API_PortType" OperationKey="41d00770-c9ea-11e4-b34e-c1e7b9cfed01" OperationLastUpdatedAt="2015-03-14T23:47:10.113Z" OperationName="PUT /worksheets/{key}/{visibility}/{protection}" ServiceKey="uddi:4198a3b3-c9ea-11e4-b34e-c1e7b9cfed01" ServiceName="Google_Sheets_API" WsdlOperationName="PUT__worksheets__key___visibility___protection_"/></ns3:LogicalOperation></ns3:Operations></ns3:VirtualService><ns5:businessService businessKey="uddi:603d313b-c3b4-11e4-b79d-bcadfb6b06d1" serviceKey="uddi:2f09bb4f-c9e8-11e4-b34e-c1e7b9cfed01"><ns5:name>Google_Sheets_API_Hook</ns5:name><ns5:bindingTemplates><ns5:bindingTemplate bindingKey="uddi:2f9be969-c9e8-11e4-b34e-c1e7b9cfed01" serviceKey="uddi:2f09bb4f-c9e8-11e4-b34e-c1e7b9cfed01"><ns5:accessPoint useType="endPoint">http://win7-64-vm:80/sheets_hook</ns5:accessPoint><ns5:tModelInstanceDetails><ns5:tModelInstanceInfo tModelKey="uddi:1b7ba980-4d93-aa65-865d-35efd3c96c20"><ns5:description>The wsdl:binding that this wsdl:port implements. The instanceParms specifies the port local name.</ns5:description><ns5:instanceDetails><ns5:instanceParms>HTTP</ns5:instanceParms></ns5:instanceDetails></ns5:tModelInstanceInfo><ns5:tModelInstanceInfo tModelKey="uddi:4f6f7ed1-6914-2684-e901-22e69dd7a5f3"><ns5:description>The wsdl:portType that this wsdl:port implements.</ns5:description></ns5:tModelInstanceInfo></ns5:tModelInstanceDetails><ns5:categoryBag><ns5:keyedReference keyName="WSDL type" keyValue="port" tModelKey="uddi:uddi.org:wsdl:types"/><ns5:keyedReferenceGroup tModelKey="uddi:soa.com:serviceendpoint:group"><ns5:keyedReference keyName="containerKey" keyValue="ND-Cluster" tModelKey="uddi:soa.com:serviceendpoint:containername"/><ns5:keyedReference keyName="listenerName" keyValue="default-http0" tModelKey="uddi:soa.com:serviceendpoint:listenername"/></ns5:keyedReferenceGroup></ns5:categoryBag></ns5:bindingTemplate></ns5:bindingTemplates><ns5:categoryBag><ns5:keyedReference keyName="Managed Service" keyValue="Managed Service" tModelKey="uddi:digev.com:categorization:services"/><ns5:keyedReference keyName="Virtual Service" keyValue="Virtual Service" tModelKey="uddi:digev.com:categorization:services"/><ns5:keyedReference keyName="Design" keyValue="Design" tModelKey="uddi:soa.com:servicelifecyclestage"/><ns5:keyedReference keyName="WSDL type" keyValue="service" tModelKey="uddi:uddi.org:wsdl:types"/><ns5:keyedReference keyName="service local name" keyValue="Google_Sheets_API_Hook" tModelKey="uddi:uddi.org:xml:localname"/><ns5:keyedReference keyName="service namespace" keyValue="https://spreadsheets.google.com/feeds" tModelKey="uddi:uddi.org:xml:namespace"/><ns5:keyedReferenceGroup tModelKey="uddi:soa.com:service:group"/></ns5:categoryBag></ns5:businessService><ns2:ExportServiceEndpoint><ns8:ServiceEndpoint><ns8:ServiceKey>uddi:2f09bb4f-c9e8-11e4-b34e-c1e7b9cfed01</ns8:ServiceKey><ns8:Name>uddi:2f9be969-c9e8-11e4-b34e-c1e7b9cfed01</ns8:Name><ns8:Url>http://win7-64-vm:80/sheets_hook</ns8:Url><ns8:BindingQName>{https://spreadsheets.google.com/feeds}Google_Sheets_API_Hook_Binding</ns8:BindingQName><ns8:PortName>HTTP</ns8:PortName><ns8:Protocol>http</ns8:Protocol><ns8:ContainerKey>ND-Cluster</ns8:ContainerKey><ns8:ListenerName>default-http0</ns8:ListenerName></ns8:ServiceEndpoint><ns2:EndpointWsdlUri>wsdls/uddi_2f9be969-c9e8-11e4-b34e-c1e7b9cfed01.wsdl</ns2:EndpointWsdlUri></ns2:ExportServiceEndpoint><ns2:BpelUri>services/uddi_2f09bb4f-c9e8-11e4-b34e-c1e7b9cfed01/bpel.xml</ns2:BpelUri><ns2:ManagementUri>services/uddi_2f09bb4f-c9e8-11e4-b34e-c1e7b9cfed01/management.xml</ns2:ManagementUri></ns2:ExportService></ns2:ExportObjectConfiguration><ns2:ExportObjectConfiguration><ns1:ContractKey><ns1:Key>f5ea2805-c3c3-11e4-aaa1-f96d9bf69285</ns1:Key></ns1:ContractKey><ns2:ExportContract><ns13:Contract><ns13:ContractInfo Anonymous="true" Key="f5ea2805-c3c3-11e4-aaa1-f96d9bf69285:1161" Name="Anonymous" State="Activated"><ns13:Description></ns13:Description><ns13:ProviderOrganizationKey>uddi:603d313b-c3b4-11e4-b79d-bcadfb6b06d1</ns13:ProviderOrganizationKey><ns1:EffectiveDateTimes><ns1:StartDateTime><ns1:DateTime>2015-03-06T16:44:00+11:00</ns1:DateTime><ns1:TimezoneName>Australia/Sydney</ns1:TimezoneName></ns1:StartDateTime><ns1:EndDateTime><ns1:DateTime>2016-03-05T16:44:00+11:00</ns1:DateTime><ns1:TimezoneName>Australia/Sydney</ns1:TimezoneName></ns1:EndDateTime><ns1:Expire>false</ns1:Expire></ns1:EffectiveDateTimes><ns13:ContractVersionInfo><ns13:LastModifiedTimestamp>2015-03-06+11:00</ns13:LastModifiedTimestamp><ns13:User>Local Domain\administrator</ns13:User><ns13:MetadataVersion>1</ns13:MetadataVersion><ns13:ActiveMetadataVersion>1</ns13:ActiveMetadataVersion></ns13:ContractVersionInfo><ns13:ContractType>service.contract</ns13:ContractType></ns13:ContractInfo><ns13:ContractScope><ns1:OrganizationKey>uddi:603d313b-c3b4-11e4-b79d-bcadfb6b06d1</ns1:OrganizationKey></ns13:ContractScope></ns13:Contract></ns2:ExportContract></ns2:ExportObjectConfiguration><ns2:ExportObjectConfiguration><ns1:PolicyKey><ns1:Key>urn:uuid:e8726546-c3b7-11e4-b3fe-e060b1cf820a</ns1:Key></ns1:PolicyKey><ns2:ExportPolicy><ns11:Policy PolicyName="Insert JWT into Downstream request"><ns11:PolicyKey>urn:uuid:e8726546-c3b7-11e4-b3fe-e060b1cf820a</ns11:PolicyKey><ns11:OrganizationKey>uddi:603d313b-c3b4-11e4-b79d-bcadfb6b06d1</ns11:OrganizationKey><ns11:PolicyType>Operational Policy</ns11:PolicyType><ns11:PolicySubType>policy.xml</ns11:PolicySubType><ns11:Description></ns11:Description><ns11:ReadOnly>false</ns11:ReadOnly><ns11:LocalPolicy>false</ns11:LocalPolicy><ns11:LastUpdatedTime>2015-03-14T05:57:30.527Z</ns11:LastUpdatedTime><ns11:PolicyConfigurationAsString><ns11:Contents>&lt;![CDATA[&lt;?xml version="1.0" encoding="UTF-8"?&gt;
&lt;wsp:Policy visibility="public" xmlns:tns="http://com.soa.pso/policy/" xmlns:wsp="http://schemas.xmlsoap.org/ws/2004/09/policy"&gt;
    &lt;tns:JWTToken&gt;
    	&lt;tns:fileLocation&gt;c://API Project-4c3a51226463.p12&lt;/tns:fileLocation&gt;
    	&lt;tns:serviceAccountEmail&gt;464838240704-gjrgniev78n29hg24l5fjol42o8uspqv@developer.gserviceaccount.com&lt;/tns:serviceAccountEmail&gt;
     &lt;tns:userAccountEmail&gt;paulpog@japarasolutions.com&lt;/tns:userAccountEmail&gt;
    &lt;/tns:JWTToken&gt;
&lt;/wsp:Policy&gt;]]&gt;</ns11:Contents></ns11:PolicyConfigurationAsString></ns11:Policy></ns2:ExportPolicy></ns2:ExportObjectConfiguration><ns2:ExportObjectConfiguration><ns1:PolicyKey><ns1:Key>urn:uuid:c69f19d9-c3b5-11e4-b79d-bcadfb6b06d1</ns1:Key></ns1:PolicyKey><ns2:ExportPolicy><ns11:Policy PolicyName="GetAuthToken"><ns11:PolicyKey>urn:uuid:c69f19d9-c3b5-11e4-b79d-bcadfb6b06d1</ns11:PolicyKey><ns11:OrganizationKey>uddi:603d313b-c3b4-11e4-b79d-bcadfb6b06d1</ns11:OrganizationKey><ns11:PolicyType>Operational Policy</ns11:PolicyType><ns11:PolicySubType>pso.openapi.xopscript.policy</ns11:PolicySubType><ns11:Description></ns11:Description><ns11:ReadOnly>false</ns11:ReadOnly><ns11:LocalPolicy>false</ns11:LocalPolicy><ns11:LastUpdatedTime>2015-03-14T23:46:56.053Z</ns11:LastUpdatedTime><ns11:PolicyConfigurationAsString><ns11:Contents>&lt;![CDATA[&lt;?xml version="1.0" encoding="UTF-8"?&gt;
&lt;wsp:Policy visibility="public" xmlns:wsp="http://schemas.xmlsoap.org/ws/2004/09/policy"&gt;&lt;ns2:XScriptedPolicy xmlns:ns2="http://soa.com/pso/openapi/policy/opscripts/1.0/"&gt;&lt;ns2:Script&gt;// *************************************************************
// *************************************************************
// **
// **  Experimental Script Policy
// **
// **  Call Token generator and add
// **  it to the current message. This will replace any 
// **  existing HTTP Authorization headers 
// **
// **  Requires access to Apache Commons Codec 
// **
// *************************************************************
// *************************************************************
auditLog.debug("Getting Google Token");	

//must be a global variable to post handler status
success = true;

if (messageContext.getParameterType() == 0) {
	var msg = messageContext.getMessage();
	var token = "";
	//set auth 
	var headers = msg.getTransportHeaders();
	if (headers == null || headers == undefined) {
		headers = msg.createTransportHeaders();
		auditLog.debug("Just created the Headers as there were none sent in the message");
	}
	
	if (token == ""){
		try {
			token = authGoogleToken(200);
		}
		catch (e) {
			systemLog.error(String(e));
			auditLog.error("Error Getting OAuth Token: "+String(e));
			token = "false";
		}
	};
	
	if (token != "false") {
		auditLog.debug("Token is: "+ token.replace("\"", ''));
		headers.add("Authorization", "Bearer " + token.replace("\"", ''));
		auditLog.debug("Finished getting Google Token");
	}else {
		auditLog.debug("Finished getting Google Token with an error");
		success = false;
	}
}
/*return*/success;&lt;/ns2:Script&gt;&lt;ns2:ScriptEngine&gt;js&lt;/ns2:ScriptEngine&gt;&lt;ns2:Provider&gt;false&lt;/ns2:Provider&gt;&lt;ns2:Consumer&gt;true&lt;/ns2:Consumer&gt;&lt;ns2:Imports&gt;&lt;ns2:ScriptKey&gt;script:1d53e92c-c3b6-11e4-b79d-bcadfb6b06d1&lt;/ns2:ScriptKey&gt;&lt;ns2:ScriptKey&gt;script:1d53e92c-c3b6-11e4-b79d-bcadfb6b06d1&lt;/ns2:ScriptKey&gt;&lt;ns2:ScriptKey&gt;script:1d53e92c-c3b6-11e4-b79d-bcadfb6b06d1&lt;/ns2:ScriptKey&gt;&lt;ns2:ScriptKey&gt;script:1d53e92c-c3b6-11e4-b79d-bcadfb6b06d1&lt;/ns2:ScriptKey&gt;&lt;ns2:ScriptKey&gt;script:1d53e92c-c3b6-11e4-b79d-bcadfb6b06d1&lt;/ns2:ScriptKey&gt;&lt;ns2:ScriptKey&gt;script:1d53e92c-c3b6-11e4-b79d-bcadfb6b06d1&lt;/ns2:ScriptKey&gt;&lt;ns2:ScriptKey&gt;script:1d53e92c-c3b6-11e4-b79d-bcadfb6b06d1&lt;/ns2:ScriptKey&gt;&lt;ns2:ScriptKey&gt;script:1d53e92c-c3b6-11e4-b79d-bcadfb6b06d1&lt;/ns2:ScriptKey&gt;&lt;/ns2:Imports&gt;&lt;/ns2:XScriptedPolicy&gt;&lt;/wsp:Policy&gt;]]&gt;</ns11:Contents></ns11:PolicyConfigurationAsString></ns11:Policy></ns2:ExportPolicy></ns2:ExportObjectConfiguration><ns2:ExportObjectConfiguration><ns1:IdentityKey><ns1:Key>Local Domain\lykyM#hT5kQxAzw39a9J6w==</ns1:Key><ns1:DomainName>Local Domain</ns1:DomainName><ns1:UserName>lykyM#hT5kQxAzw39a9J6w==</ns1:UserName></ns1:IdentityKey><ns2:ExportUserIdentity><ns14:User DomainName="Local Domain" UserName="lykyM#hT5kQxAzw39a9J6w=="><ns14:FullName>Service: uddi:2f09bb4f-c9e8-11e4-b34e-c1e7b9cfed01</ns14:FullName><ns14:IdentityKey>urn:uuid:2f0c5360-c9e8-11e4-b34e-c1e7b9cfed01</ns14:IdentityKey><ns14:Password>U5kKh9ZkylBlukgkTZd+woV22O0uZdnKOpR1XnKm48aemgm24FS8sg4kuMp/T5vXTspbT9GLb8oqXJklUwwzWA==</ns14:Password><ns14:Disabled>false</ns14:Disabled><ns14:ForcePwdResetOnNextLogin>false</ns14:ForcePwdResetOnNextLogin><ns14:Expired>false</ns14:Expired><ns14:ReadOnly>true</ns14:ReadOnly><ns14:PasswordFrmSeed>0</ns14:PasswordFrmSeed><ns14:OrganizationKey>uddi:soa.com:registryorganization</ns14:OrganizationKey><ns14:PasswordSalt>xfJD6Gv0JqdafV5Hu+NPQjYLvGxxNxusr1+6JdLuK0FytBfdmwosEyb9Se3OXBldF/x6BMj/WocqDJ6mgqpDQg==</ns14:PasswordSalt></ns14:User><ns2:PKIGenerated>true</ns2:PKIGenerated></ns2:ExportUserIdentity></ns2:ExportObjectConfiguration><ns2:ExportObjectConfiguration><ns1:IdentityKey><ns1:Key>Local Domain\vbx9QySUdavYhx2+InxPAA==</ns1:Key><ns1:DomainName>Local Domain</ns1:DomainName><ns1:UserName>vbx9QySUdavYhx2+InxPAA==</ns1:UserName></ns1:IdentityKey><ns2:ExportUserIdentity><ns14:User DomainName="Local Domain" UserName="vbx9QySUdavYhx2+InxPAA=="><ns14:FullName>Service: uddi:4198a3b3-c9ea-11e4-b34e-c1e7b9cfed01</ns14:FullName><ns14:IdentityKey>urn:uuid:4199dc34-c9ea-11e4-b34e-c1e7b9cfed01</ns14:IdentityKey><ns14:Password>9RhhHjZjI/PtakYIISLS+D1iXdxCpz5FS+FQy4EKRxfUattPmvWTFo/g/iSCH21gj08vg6Y4rRrytW22Hag7LA==</ns14:Password><ns14:Disabled>false</ns14:Disabled><ns14:ForcePwdResetOnNextLogin>false</ns14:ForcePwdResetOnNextLogin><ns14:Expired>false</ns14:Expired><ns14:ReadOnly>true</ns14:ReadOnly><ns14:PasswordFrmSeed>0</ns14:PasswordFrmSeed><ns14:OrganizationKey>uddi:soa.com:registryorganization</ns14:OrganizationKey><ns14:PasswordSalt>ys3MlvscnL7ffJFCCsrkXX7WoHGI2rDtfx02f5RT0vTuWXGQVr3+KzmH8RAPYyGBxU/WmZiyi7+Trn3yFzAgGA==</ns14:PasswordSalt></ns14:User><ns2:PKIGenerated>true</ns2:PKIGenerated></ns2:ExportUserIdentity></ns2:ExportObjectConfiguration><ns2:ExportObjectConfiguration><ns1:IdentityKey><ns1:Key>Local Domain\acLXIELtJgq9HpXj2RKLVg==</ns1:Key><ns1:DomainName>Local Domain</ns1:DomainName><ns1:UserName>acLXIELtJgq9HpXj2RKLVg==</ns1:UserName></ns1:IdentityKey><ns2:ExportUserIdentity><ns14:User DomainName="Local Domain" UserName="acLXIELtJgq9HpXj2RKLVg=="><ns14:FullName>Service: uddi:ed9f2490-b56d-11e4-86ce-86c450a25418</ns14:FullName><ns14:IdentityKey>urn:uuid:8174f0ff-b585-11e4-86ce-86c450a25418</ns14:IdentityKey><ns14:Password>O3PXFSe+ASpitMkCaaP6zLWFnD/E00+SbV0BWJ+U4Bx/Fq1md/CxlrTjLei39osgxBCkxsC7nShijFEITNtoYQ==</ns14:Password><ns14:Disabled>false</ns14:Disabled><ns14:ForcePwdResetOnNextLogin>false</ns14:ForcePwdResetOnNextLogin><ns14:Expired>false</ns14:Expired><ns14:ReadOnly>true</ns14:ReadOnly><ns14:PasswordFrmSeed>0</ns14:PasswordFrmSeed><ns14:OrganizationKey>uddi:soa.com:registryorganization</ns14:OrganizationKey><ns14:PasswordSalt>FG+mMe022+JJwltupRlK5sePo35g4ImCPUsU8Y+Qokf3kaCHaeFmNy1vSPaThYHbyxsecBDIRV2PztpwRHbI/g==</ns14:PasswordSalt></ns14:User><ns2:PKIGenerated>true</ns2:PKIGenerated></ns2:ExportUserIdentity></ns2:ExportObjectConfiguration></ns2:ExportConfiguration>