<?xml version="1.0" encoding="UTF-8"?>
<process name="GET__helloworld" ns2:processKey="bpel:2ced6974-cc4a-11e4-93fa-864b2dedf790" targetNamespace="https://spreadsheets.google.com/feeds" xmlns="http://schemas.xmlsoap.org/ws/2003/03/business-process/" xmlns:ns10="http://soa.com/capabilities/service/virtualization/bpel/activity" xmlns:ns2="http://soa.com/bpel/ext" xmlns:ns3="http://soa.com/capabilities/service/virtualization/bpel" xmlns:ns4="http://schemas.xmlsoap.org/ws/2006/02/addressingidentity" xmlns:ns5="http://www.w3.org/2000/09/xmldsig#" xmlns:ns6="http://docs.oasis-open.org/wss/2004/01/oasis-200401-wss-wssecurity-secext-1.0.xsd" xmlns:ns7="http://docs.oasis-open.org/wss/2004/01/oasis-200401-wss-wssecurity-utility-1.0.xsd" xmlns:ns8="http://schemas.xmlsoap.org/ws/2004/09/mex" xmlns:ns9="http://schemas.xmlsoap.org/ws/2003/05/partner-link/"><ns9:partnerLinkType name="Google_Sheets_API_Hook_PortTypeProvider"><ns9:role name="Provider"><ns9:portType name="ns11:Google_Sheets_API_Hook_PortType" xmlns:ns11="https://spreadsheets.google.com/feeds"/></ns9:role></ns9:partnerLinkType><ns9:partnerLinkType name="ActivityPortTypeConsumer"><ns9:role name="Consumer"><ns9:portType name="ns10:ActivityPortType"/></ns9:role></ns9:partnerLinkType><ns10:Activities><ns10:Activity ActivityType="ns11:ScriptedActivity" LastUpdated="1426558567385" Name="add URI parms" xmlns:ns11="http://soa.com/uri/products/activity/script/xsd/1.0"><ns2:ScriptedActivity xmlns="http://soa.com/uri/products/activity/audit/xsd/1.0" xmlns:ns2="http://soa.com/uri/products/activity/script/xsd/1.0" xmlns:ns3="http://soa.com/uri/products/activity/stripxml/xsd/1.0" xmlns:ns4="http://soa.com/uri/products/activity/xform/xsd/1.0" xmlns:ns5="http://soa.com/uri/products/activity/process/xsd/1.0" xmlns:ns6="http://soa.com/uri/products/activity/insertxml/xsd/1.0" xmlns:ns7="http://soa.com/uri/products/activity/insertcontent/xsd/1.0"><ns2:Language>js</ns2:Language><ns2:Script>// *************************************************************
// *************************************************************
// **
// **  HTTP request configuration Script
// **
// **  Creates the Message Object to be used by the Goggle Sheets 
// **	 API Hook and inserts the visibility and protection variables
// **
// *************************************************************
// *************************************************************
auditLog.debug("Creating Hello World Search");

//Set Bearer token for Box Call (headers1 has is do avoid name clashes in other scripts)
var helloworld = msgFactory.create();

//set the visability and protection URL parms
var paraprop = new java.util.HashMap();
paraprop.put("visibility", "private");
paraprop.put("protection", "full");
helloworld.setProperty("http.binding.path.params", paraprop);

//Set boxSearch process variable
processContext.setVariable("HelloWorld",helloworld);

auditLog.debug("Finished Hello World Search");</ns2:Script></ns2:ScriptedActivity></ns10:Activity></ns10:Activities><ns9:partnerLinkType name="Google_Sheets_API_PortTypeConsumer"><ns9:role name="Consumer"><ns9:portType name="ns11:Google_Sheets_API_PortType" xmlns:ns11="https://spreadsheets.google.com/feeds"/></ns9:role></ns9:partnerLinkType><partnerLinks><partnerLink myRole="Provider" name="initial" partnerLinkType="ns11:Google_Sheets_API_Hook_PortTypeProvider" xmlns:ns11="https://spreadsheets.google.com/feeds"/><partnerLink myRole="Consumer" name="Activity" partnerLinkType="ns11:ActivityPortTypeConsumer" xmlns:ns11="https://spreadsheets.google.com/feeds"/><partnerLink myRole="Consumer" name="Google_Sheets_API_PortTypePartnerLink" partnerLinkType="ns11:Google_Sheets_API_PortTypeConsumer" xmlns:ns11="https://spreadsheets.google.com/feeds"/></partnerLinks><variables><variable defaultValue="" messageType="ns11:ActivityMessage" name="message" xmlns:ns11="http://soa.com/process/activity"/><variable defaultValue="" messageType="ns11:ActivityMessage" name="fault" xmlns:ns11="http://soa.com/process/activity"/><variable defaultValue="" messageType="ns11:ActivityMessage" name="HelloWorld" xmlns:ns11="http://soa.com/process/activity"/><variable defaultValue="" messageType="ns11:ActivityMessage" name="HWResponse" xmlns:ns11="http://soa.com/process/activity"/></variables><faultHandlers><catchAll><sequence><reply faultName="ns2:ExistingFault" name="FaultReply" operation="GET__helloworld" partnerLink="initial" portType="ns11:Google_Sheets_API_Hook_PortType" variable="fault" xmlns:ns11="https://spreadsheets.google.com/feeds"/></sequence></catchAll></faultHandlers><sequence><receive createInstance="yes" name="Receive" operation="GET__helloworld" partnerLink="initial" portType="ns11:Google_Sheets_API_Hook_PortType" variable="message" xmlns:ns11="https://spreadsheets.google.com/feeds"/><invoke inputVariable="message" name="add URI parms" operation="invoke" outputVariable="message" partnerLink="Activity" portType="ns10:ActivityPortType"><ns2:InvocationExt endpoint="add URI parms" propagateExchange="true" service="ns10:ActivityService"/></invoke><invoke inputVariable="HelloWorld" name="Invoke1" operation="GET__spreadsheets__visibility___protection_" outputVariable="HWResponse" partnerLink="Google_Sheets_API_PortTypePartnerLink" portType="ns11:Google_Sheets_API_PortType" xmlns:ns11="https://spreadsheets.google.com/feeds"><ns2:InvocationExt service="ns11:Google_Sheets_API"><ns2:Audit/></ns2:InvocationExt></invoke><reply name="Reply" operation="GET__helloworld" partnerLink="initial" portType="ns11:Google_Sheets_API_Hook_PortType" variable="HWResponse" xmlns:ns11="https://spreadsheets.google.com/feeds"/></sequence></process>