<?xml version="1.0" encoding="UTF-8"?>
<VirtualServiceConfiguration LastUpdated="1425622171645" ServiceName="ns13:Google_Sheets_API_vs0" xmlns="http://soa.com/capabilities/service/virtualization/bpel" xmlns:ns10="http://schemas.xmlsoap.org/ws/2003/03/business-process/" xmlns:ns11="http://soa.com/bpel/ext" xmlns:ns12="http://schemas.xmlsoap.org/ws/2003/05/partner-link/" xmlns:ns13="https://spreadsheets.google.com/feeds" xmlns:ns2="http://schemas.xmlsoap.org/ws/2004/09/mex" xmlns:ns3="http://schemas.xmlsoap.org/ws/2006/02/addressingidentity" xmlns:ns4="http://www.w3.org/2000/09/xmldsig#" xmlns:ns5="http://docs.oasis-open.org/wss/2004/01/oasis-200401-wss-wssecurity-secext-1.0.xsd" xmlns:ns6="http://docs.oasis-open.org/wss/2004/01/oasis-200401-wss-wssecurity-utility-1.0.xsd" xmlns:ns7="http://soa.com/capabilities/service/virtualization/bpel/activity" xmlns:ns8="http://www.w3.org/2001/04/xmlenc#" xmlns:ns9="http://federatedgovernance.org/mc/configuration/x509"><OutboundIdentityConfig><UseInboundIdentities xmlns:xs="http://www.w3.org/2001/XMLSchema" xmlns:xsi="http://www.w3.org/2001/XMLSchema-instance" xsi:type="xs:boolean">true</UseInboundIdentities><UseServiceIdentityForHTTPS>false</UseServiceIdentityForHTTPS></OutboundIdentityConfig><PolicyImplementationConfig><ImplementPolicies>true</ImplementPolicies></PolicyImplementationConfig><OperationImplementation InterfaceName="ns13:Google_Sheets_API_PortType" LastUpdated="1425614841170" OperationName="DELETE__list__key___worksheetId___visibility___protection_"><Process/><BindingHeaderInstructions><PreserveBindingHeaders>true</PreserveBindingHeaders></BindingHeaderInstructions><TransportHeaderInstructions><PreserveTransportHeaders>true</PreserveTransportHeaders></TransportHeaderInstructions></OperationImplementation><OperationImplementation InterfaceName="ns13:Google_Sheets_API_PortType" LastUpdated="1425614841195" OperationName="DELETE__worksheets__key___visibility___protection_"><Process/><BindingHeaderInstructions><PreserveBindingHeaders>true</PreserveBindingHeaders></BindingHeaderInstructions><TransportHeaderInstructions><PreserveTransportHeaders>true</PreserveTransportHeaders></TransportHeaderInstructions></OperationImplementation><OperationImplementation InterfaceName="ns13:Google_Sheets_API_PortType" LastUpdated="1425614841220" OperationName="GET__cells__key___worksheetId___visibility___protection_"><Process/><BindingHeaderInstructions><PreserveBindingHeaders>true</PreserveBindingHeaders></BindingHeaderInstructions><TransportHeaderInstructions><PreserveTransportHeaders>true</PreserveTransportHeaders></TransportHeaderInstructions></OperationImplementation><OperationImplementation InterfaceName="ns13:Google_Sheets_API_PortType" LastUpdated="1425614841249" OperationName="GET__list__key___worksheetId___visibility___protection_"><Process/><BindingHeaderInstructions><PreserveBindingHeaders>true</PreserveBindingHeaders></BindingHeaderInstructions><TransportHeaderInstructions><PreserveTransportHeaders>true</PreserveTransportHeaders></TransportHeaderInstructions></OperationImplementation><OperationImplementation InterfaceName="ns13:Google_Sheets_API_PortType" LastUpdated="1425614841277" OperationName="GET__spreadsheets__visibility___protection_"><Process/><BindingHeaderInstructions><PreserveBindingHeaders>true</PreserveBindingHeaders></BindingHeaderInstructions><TransportHeaderInstructions><PreserveTransportHeaders>true</PreserveTransportHeaders></TransportHeaderInstructions></OperationImplementation><OperationImplementation InterfaceName="ns13:Google_Sheets_API_PortType" LastUpdated="1425614841306" OperationName="GET__worksheets__key___visibility___protection_"><Process/><BindingHeaderInstructions><PreserveBindingHeaders>true</PreserveBindingHeaders></BindingHeaderInstructions><TransportHeaderInstructions><PreserveTransportHeaders>true</PreserveTransportHeaders></TransportHeaderInstructions></OperationImplementation><OperationImplementation InterfaceName="ns13:Google_Sheets_API_PortType" LastUpdated="1425622171645" OperationName="POST__cells__key___worksheetId___visibility___protection___cell__batch"><Process/><BindingHeaderInstructions><PreserveBindingHeaders>true</PreserveBindingHeaders></BindingHeaderInstructions><TransportHeaderInstructions><PreserveTransportHeaders>true</PreserveTransportHeaders></TransportHeaderInstructions></OperationImplementation><OperationImplementation InterfaceName="ns13:Google_Sheets_API_PortType" LastUpdated="1425622108592" OperationName="POST__list__key___worksheetId___visibility___protection_"><Process/><BindingHeaderInstructions><PreserveBindingHeaders>true</PreserveBindingHeaders></BindingHeaderInstructions><TransportHeaderInstructions><PreserveTransportHeaders>true</PreserveTransportHeaders></TransportHeaderInstructions></OperationImplementation><OperationImplementation InterfaceName="ns13:Google_Sheets_API_PortType" LastUpdated="1425622092577" OperationName="POST__worksheets__key___visibility___protection_"><Process/><BindingHeaderInstructions><PreserveBindingHeaders>true</PreserveBindingHeaders></BindingHeaderInstructions><TransportHeaderInstructions><PreserveTransportHeaders>true</PreserveTransportHeaders></TransportHeaderInstructions></OperationImplementation><OperationImplementation InterfaceName="ns13:Google_Sheets_API_PortType" LastUpdated="1425614841417" OperationName="PUT__cells__key___worksheetId___visibility___protection___cell_"><Process/><BindingHeaderInstructions><PreserveBindingHeaders>true</PreserveBindingHeaders></BindingHeaderInstructions><TransportHeaderInstructions><PreserveTransportHeaders>true</PreserveTransportHeaders></TransportHeaderInstructions></OperationImplementation><OperationImplementation InterfaceName="ns13:Google_Sheets_API_PortType" LastUpdated="1425614841441" OperationName="PUT__list__key___worksheetId___visibility___protection_"><Process/><BindingHeaderInstructions><PreserveBindingHeaders>true</PreserveBindingHeaders></BindingHeaderInstructions><TransportHeaderInstructions><PreserveTransportHeaders>true</PreserveTransportHeaders></TransportHeaderInstructions></OperationImplementation><OperationImplementation InterfaceName="ns13:Google_Sheets_API_PortType" LastUpdated="1425614841466" OperationName="PUT__worksheets__key___visibility___protection_"><Process/><BindingHeaderInstructions><PreserveBindingHeaders>true</PreserveBindingHeaders></BindingHeaderInstructions><TransportHeaderInstructions><PreserveTransportHeaders>true</PreserveTransportHeaders></TransportHeaderInstructions></OperationImplementation></VirtualServiceConfiguration>