<?xml version="1.0" encoding="UTF-8"?>
<ns2:ExportConfiguration xmlns:ns1="http://digev.com/uri/products/Types/xsd/1.0" xmlns:ns10="http://soa.com/uri/products/IdentityAuthorization/xsd/1.0" xmlns:ns11="http://soa.com/uri/products/Policy/xsd/1.0" xmlns:ns12="http://digev.com/uri/products/AlertManager/xsd/1.0" xmlns:ns13="http://soa.com/uri/products/Contracts/xsd/1.0" xmlns:ns14="http://digev.com/uri/products/PolicyManager/xsd/1.0" xmlns:ns15="urn:uddi-org:sub_v3" xmlns:ns2="http://www.soa.com/uri/products/ServiceManagerMigration/xsd/1.0" xmlns:ns3="http://digev.com/uri/products/ManagementServer/xsd/1.0" xmlns:ns4="http://www.soa.com/uri/products/SLAPolicy/xsd/1.0" xmlns:ns5="urn:uddi-org:api_v3" xmlns:ns6="http://www.w3.org/2000/09/xmldsig#" xmlns:ns7="http://soa.com/uri/products/ServiceProperties/1.0" xmlns:ns8="http://soa.com/uri/products/ServiceEndpointProperties/1.0" xmlns:ns9="http://soa.com/uri/products/Organization/xsd/1.0"><ns2:SourceOrganization><ns1:Key>uddi:soa.com:registryorganization</ns1:Key></ns2:SourceOrganization><ns2:ExportObjectConfiguration><ns1:OrganizationKey><ns1:Key>uddi:5ccceeea-b56b-11e4-86ce-86c450a25418</ns1:Key></ns1:OrganizationKey><ns2:ExportOrganization><ns9:Organization><ns9:OrganizationKey><ns1:Key>uddi:5ccceeea-b56b-11e4-86ce-86c450a25418</ns1:Key></ns9:OrganizationKey><ns9:ParentKey><ns1:Key>uddi:soa.com:registryorganization</ns1:Key></ns9:ParentKey><ns9:Name>Google Sheets API Hook</ns9:Name><ns9:Description></ns9:Description><ns9:OrganizationType>Project</ns9:OrganizationType></ns9:Organization><ns5:businessEntity businessKey="uddi:5ccceeea-b56b-11e4-86ce-86c450a25418"><ns5:name>Google Sheets API Hook</ns5:name><ns5:categoryBag><ns5:keyedReferenceGroup tModelKey="uddi:soa.com:organization:group"><ns5:keyedReference keyName="Organization type" keyValue="Project" tModelKey="uddi:soa.com:categorization:organizationtype"/></ns5:keyedReferenceGroup></ns5:categoryBag></ns5:businessEntity></ns2:ExportOrganization></ns2:ExportObjectConfiguration><ns2:ExportObjectConfiguration><ns1:ScriptKey><ns1:Key>script:cab432a2-a4f4-11e4-8c33-f78776b6b53c</ns1:Key></ns1:ScriptKey><ns2:ExportScript><ns2:ScriptUri>scripts/script_cab432a2-a4f4-11e4-8c33-f78776b6b53c.xml</ns2:ScriptUri><ns2:Name>Signature</ns2:Name><ns2:Description>uses Java to signed the object passed in, with the method passed in as a parameter</ns2:Description><ns2:ScriptKey>script:cab432a2-a4f4-11e4-8c33-f78776b6b53c</ns2:ScriptKey><ns2:OrganizationKey>uddi:9adb52b6-b649-11e4-9c29-d6275be28ced</ns2:OrganizationKey><ns2:Type>js</ns2:Type></ns2:ExportScript></ns2:ExportObjectConfiguration><ns2:ExportObjectConfiguration><ns1:BpelKey><ns1:Key>bpel:21735124-a674-11e4-8e6b-f088256c1208</ns1:Key></ns1:BpelKey><ns2:ExportBpel><ns2:BpelUri>bpels/bpel_21735124-a674-11e4-8e6b-f088256c1208.xml</ns2:BpelUri></ns2:ExportBpel></ns2:ExportObjectConfiguration><ns2:ExportObjectConfiguration><ns1:BpelKey><ns1:Key>bpel:00863c4d-b56c-11e4-86ce-86c450a25418</ns1:Key></ns1:BpelKey><ns2:ExportBpel><ns2:BpelUri>bpels/bpel_00863c4d-b56c-11e4-86ce-86c450a25418.xml</ns2:BpelUri></ns2:ExportBpel></ns2:ExportObjectConfiguration><ns2:ExportObjectConfiguration><ns1:BpelKey><ns1:Key>bpel:e8b6f2ad-9f93-11e4-bd8a-eaa1e8f31cf2</ns1:Key></ns1:BpelKey><ns2:ExportBpel><ns2:BpelUri>bpels/bpel_e8b6f2ad-9f93-11e4-bd8a-eaa1e8f31cf2.xml</ns2:BpelUri></ns2:ExportBpel></ns2:ExportObjectConfiguration><ns2:ExportObjectConfiguration><ns1:BpelKey><ns1:Key>bpel:db68460c-a6b6-11e4-8e6b-f088256c1208</ns1:Key></ns1:BpelKey><ns2:ExportBpel><ns2:BpelUri>bpels/bpel_db68460c-a6b6-11e4-8e6b-f088256c1208.xml</ns2:BpelUri></ns2:ExportBpel></ns2:ExportObjectConfiguration><ns2:ExportObjectConfiguration><ns1:BpelKey><ns1:Key>bpel:aba48fd0-a6a9-11e4-8e6b-f088256c1208</ns1:Key></ns1:BpelKey><ns2:ExportBpel><ns2:BpelUri>bpels/bpel_aba48fd0-a6a9-11e4-8e6b-f088256c1208.xml</ns2:BpelUri></ns2:ExportBpel></ns2:ExportObjectConfiguration><ns2:ExportObjectConfiguration><ns1:InterfaceKey><ns1:Key>uddi:781b74bf-471c-1c42-8acf-0f2326c2f806</ns1:Key><ns1:InterfaceQName>{https://www.googleapis.com/oauth2/v3}Google_Auth_API</ns1:InterfaceQName></ns1:InterfaceKey><ns2:ExportInterface><ns5:tModel deleted="false" tModelKey="uddi:781b74bf-471c-1c42-8acf-0f2326c2f806"><ns5:name>Google_Auth_API</ns5:name><ns5:categoryBag><ns5:keyedReference keyName="portType namespace" keyValue="https://www.googleapis.com/oauth2/v3" tModelKey="uddi:uddi.org:xml:namespace"/><ns5:keyedReference keyName="WSDL type" keyValue="portType" tModelKey="uddi:uddi.org:wsdl:types"/></ns5:categoryBag></ns5:tModel><ns2:InterfaceWsdlUri>wsdls/uddi_781b74bf-471c-1c42-8acf-0f2326c2f806.wsdl</ns2:InterfaceWsdlUri></ns2:ExportInterface></ns2:ExportObjectConfiguration><ns2:ExportObjectConfiguration><ns1:InterfaceKey><ns1:Key>uddi:bb558a13-b96e-badc-0100-166708e01454</ns1:Key><ns1:InterfaceQName>{https://spreadsheets.google.com/feeds}Google_Sheets_API_PortType</ns1:InterfaceQName></ns1:InterfaceKey><ns2:ExportInterface><ns5:tModel deleted="false" tModelKey="uddi:bb558a13-b96e-badc-0100-166708e01454"><ns5:name>Google_Sheets_API_PortType</ns5:name><ns5:categoryBag><ns5:keyedReference keyName="WSDL type" keyValue="portType" tModelKey="uddi:uddi.org:wsdl:types"/><ns5:keyedReference keyName="portType namespace" keyValue="https://spreadsheets.google.com/feeds" tModelKey="uddi:uddi.org:xml:namespace"/></ns5:categoryBag></ns5:tModel><ns2:InterfaceWsdlUri>wsdls/uddi_bb558a13-b96e-badc-0100-166708e01454.wsdl</ns2:InterfaceWsdlUri></ns2:ExportInterface></ns2:ExportObjectConfiguration><ns2:ExportObjectConfiguration><ns1:InterfaceKey><ns1:Key>uddi:6fdd964c-07a9-e591-4296-563ade8b2f8e</ns1:Key><ns1:InterfaceQName>{http://win7-64-vm:80/cell}Google_Sheets_Integrator_PortType</ns1:InterfaceQName></ns1:InterfaceKey><ns2:ExportInterface><ns5:tModel deleted="false" tModelKey="uddi:6fdd964c-07a9-e591-4296-563ade8b2f8e"><ns5:name>Google_Sheets_Integrator_PortType</ns5:name><ns5:categoryBag><ns5:keyedReference keyName="WSDL type" keyValue="portType" tModelKey="uddi:uddi.org:wsdl:types"/><ns5:keyedReference keyName="portType namespace" keyValue="http://win7-64-vm:80/cell" tModelKey="uddi:uddi.org:xml:namespace"/></ns5:categoryBag></ns5:tModel><ns2:InterfaceWsdlUri>wsdls/uddi_6fdd964c-07a9-e591-4296-563ade8b2f8e.wsdl</ns2:InterfaceWsdlUri></ns2:ExportInterface></ns2:ExportObjectConfiguration><ns2:ExportObjectConfiguration><ns1:BindingKey><ns1:Key>uddi:ac5d5cda-dba3-2d2e-6713-eae3735fc87c</ns1:Key><ns1:BindingQName>{https://spreadsheets.google.com/feeds}Google_Sheets_API_Binding</ns1:BindingQName><ns1:BindingType>binding.http</ns1:BindingType></ns1:BindingKey><ns2:ExportBinding><ns5:tModel deleted="false" tModelKey="uddi:ac5d5cda-dba3-2d2e-6713-eae3735fc87c"><ns5:name>Google_Sheets_API_Binding</ns5:name><ns5:categoryBag><ns5:keyedReference keyName="uddi-org:types" keyValue="wsdlSpec" tModelKey="uddi:uddi.org:categorization:types"/><ns5:keyedReference keyName="WSDL type" keyValue="binding" tModelKey="uddi:uddi.org:wsdl:types"/><ns5:keyedReference keyName="binding namespace" keyValue="https://spreadsheets.google.com/feeds" tModelKey="uddi:uddi.org:xml:namespace"/><ns5:keyedReference keyName="portType Reference" keyValue="uddi:bb558a13-b96e-badc-0100-166708e01454" tModelKey="uddi:uddi.org:wsdl:porttypereference"/></ns5:categoryBag></ns5:tModel><ns2:BindingWsdlUri>wsdls/uddi_ac5d5cda-dba3-2d2e-6713-eae3735fc87c.wsdl</ns2:BindingWsdlUri></ns2:ExportBinding></ns2:ExportObjectConfiguration><ns2:ExportObjectConfiguration><ns1:BindingKey><ns1:Key>uddi:0dac1a25-0999-43e5-a99f-505fdab11531</ns1:Key><ns1:BindingQName>{http://win7-64-vm:80/cell}Google_Sheets_Integrator_Binding</ns1:BindingQName><ns1:BindingType>binding.http</ns1:BindingType></ns1:BindingKey><ns2:ExportBinding><ns5:tModel deleted="false" tModelKey="uddi:0dac1a25-0999-43e5-a99f-505fdab11531"><ns5:name>Google_Sheets_Integrator_Binding</ns5:name><ns5:categoryBag><ns5:keyedReference keyName="uddi-org:types" keyValue="wsdlSpec" tModelKey="uddi:uddi.org:categorization:types"/><ns5:keyedReference keyName="portType Reference" keyValue="uddi:6fdd964c-07a9-e591-4296-563ade8b2f8e" tModelKey="uddi:uddi.org:wsdl:porttypereference"/><ns5:keyedReference keyName="WSDL type" keyValue="binding" tModelKey="uddi:uddi.org:wsdl:types"/><ns5:keyedReference keyName="binding namespace" keyValue="http://win7-64-vm:80/cell" tModelKey="uddi:uddi.org:xml:namespace"/></ns5:categoryBag></ns5:tModel><ns2:BindingWsdlUri>wsdls/uddi_0dac1a25-0999-43e5-a99f-505fdab11531.wsdl</ns2:BindingWsdlUri></ns2:ExportBinding></ns2:ExportObjectConfiguration><ns2:ExportObjectConfiguration><ns1:BindingKey><ns1:Key>uddi:4eba56b4-9ecf-2095-ee70-490162d8a4e7</ns1:Key><ns1:BindingQName>{https://www.googleapis.com/oauth2/v3}Google_Auth_API</ns1:BindingQName><ns1:BindingType>binding.http</ns1:BindingType></ns1:BindingKey><ns2:ExportBinding><ns5:tModel deleted="false" tModelKey="uddi:4eba56b4-9ecf-2095-ee70-490162d8a4e7"><ns5:name>Google_Auth_API</ns5:name><ns5:categoryBag><ns5:keyedReference keyName="binding namespace" keyValue="https://www.googleapis.com/oauth2/v3" tModelKey="uddi:uddi.org:xml:namespace"/><ns5:keyedReference keyName="WSDL type" keyValue="binding" tModelKey="uddi:uddi.org:wsdl:types"/><ns5:keyedReference keyName="portType Reference" keyValue="uddi:781b74bf-471c-1c42-8acf-0f2326c2f806" tModelKey="uddi:uddi.org:wsdl:porttypereference"/><ns5:keyedReference keyName="uddi-org:types" keyValue="wsdlSpec" tModelKey="uddi:uddi.org:categorization:types"/></ns5:categoryBag></ns5:tModel><ns2:BindingWsdlUri>wsdls/uddi_4eba56b4-9ecf-2095-ee70-490162d8a4e7.wsdl</ns2:BindingWsdlUri></ns2:ExportBinding></ns2:ExportObjectConfiguration><ns2:ExportObjectConfiguration><ns1:ServiceKey><ns1:Key>uddi:ed9f2490-b56d-11e4-86ce-86c450a25418</ns1:Key><ns1:ServiceQName>{https://www.googleapis.com/oauth2/sheets/hook/v3}Google_Auth_API</ns1:ServiceQName></ns1:ServiceKey><ns2:ExportService><ns3:PhysicalService BusinessKey="uddi:5ccceeea-b56b-11e4-86ce-86c450a25418" Discovered="false" ServiceKey="uddi:ed9f2490-b56d-11e4-86ce-86c450a25418" WsdlServiceLocalName="Google_Auth_API" WsdlTargetNamespaceUrl="https://www.googleapis.com/oauth2/sheets/hook/v3"><ns3:Name>Google_Auth_API</ns3:Name><ns3:Description></ns3:Description><ns3:Operations><ns3:Operation InterfaceName="{https://www.googleapis.com/oauth2/v3}Google_Auth_API" ManagementState="Enabled" NumOfVirtualizedOperations="1" OperationKey="81959862-b585-11e4-86ce-86c450a25418" OperationLastUpdatedAt="2015-02-16T03:45:00.403Z" OperationName="POST /token" PolicyAvailable="true" ServiceKey="uddi:ed9f2490-b56d-11e4-86ce-86c450a25418" WsdlOperationName="POST__token"/></ns3:Operations></ns3:PhysicalService><ns5:businessService businessKey="uddi:5ccceeea-b56b-11e4-86ce-86c450a25418" serviceKey="uddi:ed9f2490-b56d-11e4-86ce-86c450a25418"><ns5:name>Google_Auth_API</ns5:name><ns5:bindingTemplates><ns5:bindingTemplate bindingKey="uddi:edee07e7-b56d-11e4-86ce-86c450a25418" serviceKey="uddi:ed9f2490-b56d-11e4-86ce-86c450a25418"><ns5:accessPoint useType="endPoint">https://www.googleapis.com/oauth2/v3</ns5:accessPoint><ns5:tModelInstanceDetails><ns5:tModelInstanceInfo tModelKey="uddi:4eba56b4-9ecf-2095-ee70-490162d8a4e7"><ns5:description>The wsdl:binding that this wsdl:port implements. The instanceParms specifies the port local name.</ns5:description><ns5:instanceDetails><ns5:instanceParms>Google_Auth_API_port</ns5:instanceParms></ns5:instanceDetails></ns5:tModelInstanceInfo><ns5:tModelInstanceInfo tModelKey="uddi:781b74bf-471c-1c42-8acf-0f2326c2f806"><ns5:description>The wsdl:portType that this wsdl:port implements.</ns5:description></ns5:tModelInstanceInfo></ns5:tModelInstanceDetails><ns5:categoryBag><ns5:keyedReference keyName="WSDL type" keyValue="port" tModelKey="uddi:uddi.org:wsdl:types"/></ns5:categoryBag></ns5:bindingTemplate></ns5:bindingTemplates><ns5:categoryBag><ns5:keyedReference keyName="Staging" keyValue="Staging" tModelKey="uddi:soa.com:servicelifecyclestage"/><ns5:keyedReference keyName="WSDL type" keyValue="service" tModelKey="uddi:uddi.org:wsdl:types"/><ns5:keyedReference keyName="service namespace" keyValue="https://www.googleapis.com/oauth2/sheets/hook/v3" tModelKey="uddi:uddi.org:xml:namespace"/><ns5:keyedReference keyName="service local name" keyValue="Google_Auth_API" tModelKey="uddi:uddi.org:xml:localname"/><ns5:keyedReference keyName="1.0" keyValue="748bf63b-9f30-49b0-89f5-c29aa095ae43" tModelKey="uddi:soa.com:serviceversion"/><ns5:keyedReferenceGroup tModelKey="uddi:soa.com:service:group"/></ns5:categoryBag></ns5:businessService><ns2:ExportServiceEndpoint><ns8:ServiceEndpoint><ns8:ServiceKey>uddi:ed9f2490-b56d-11e4-86ce-86c450a25418</ns8:ServiceKey><ns8:Name>uddi:edee07e7-b56d-11e4-86ce-86c450a25418</ns8:Name><ns8:Url>https://www.googleapis.com/oauth2/v3</ns8:Url><ns8:BindingQName>{https://www.googleapis.com/oauth2/v3}Google_Auth_API</ns8:BindingQName><ns8:PortName>Google_Auth_API_port</ns8:PortName><ns8:Protocol>https</ns8:Protocol></ns8:ServiceEndpoint><ns2:EndpointWsdlUri>wsdls/uddi_edee07e7-b56d-11e4-86ce-86c450a25418.wsdl</ns2:EndpointWsdlUri></ns2:ExportServiceEndpoint></ns2:ExportService></ns2:ExportObjectConfiguration><ns2:ExportObjectConfiguration><ns1:ServiceKey><ns1:Key>uddi:c0e2bfef-9f90-11e4-bd8a-eaa1e8f31cf2</ns1:Key><ns1:ServiceQName>{https://spreadsheets.google.com/feeds}Google_Sheets_API</ns1:ServiceQName></ns1:ServiceKey><ns2:ExportService><ns3:PhysicalService BusinessKey="uddi:5ccceeea-b56b-11e4-86ce-86c450a25418" Discovered="false" ServiceKey="uddi:c0e2bfef-9f90-11e4-bd8a-eaa1e8f31cf2" WsdlServiceLocalName="Google_Sheets_API" WsdlTargetNamespaceUrl="https://spreadsheets.google.com/feeds"><ns3:Name>Google_Sheets_API</ns3:Name><ns3:Operations><ns3:Operation InterfaceName="{https://spreadsheets.google.com/feeds}Google_Sheets_API_PortType" ManagementState="Enabled" NumOfVirtualizedOperations="0" OperationKey="81c4e5da-b585-11e4-86ce-86c450a25418" OperationLastUpdatedAt="2015-02-16T02:42:55.850Z" OperationName="DELETE /list/{key}/{worksheetId}/{visibility}/{protection}" PolicyAvailable="true" ServiceKey="uddi:c0e2bfef-9f90-11e4-bd8a-eaa1e8f31cf2" WsdlOperationName="DELETE__list__key___worksheetId___visibility___protection_"/><ns3:Operation InterfaceName="{https://spreadsheets.google.com/feeds}Google_Sheets_API_PortType" ManagementState="Enabled" NumOfVirtualizedOperations="0" OperationKey="81c2ea02-b585-11e4-86ce-86c450a25418" OperationLastUpdatedAt="2015-02-16T02:42:55.850Z" OperationName="DELETE /worksheets/{key}/{visibility}/{protection}" PolicyAvailable="true" ServiceKey="uddi:c0e2bfef-9f90-11e4-bd8a-eaa1e8f31cf2" WsdlOperationName="DELETE__worksheets__key___visibility___protection_"/><ns3:Operation InterfaceName="{https://spreadsheets.google.com/feeds}Google_Sheets_API_PortType" ManagementState="Enabled" NumOfVirtualizedOperations="1" OperationKey="81c533fb-b585-11e4-86ce-86c450a25418" OperationLastUpdatedAt="2015-02-16T02:42:55.850Z" OperationName="GET /cells/{key}/{worksheetId}/{visibility}/{protection}" PolicyAvailable="true" ServiceKey="uddi:c0e2bfef-9f90-11e4-bd8a-eaa1e8f31cf2" WsdlOperationName="GET__cells__key___worksheetId___visibility___protection_"/><ns3:Operation InterfaceName="{https://spreadsheets.google.com/feeds}Google_Sheets_API_PortType" ManagementState="Enabled" NumOfVirtualizedOperations="0" OperationKey="81c35f33-b585-11e4-86ce-86c450a25418" OperationLastUpdatedAt="2015-02-16T02:42:55.850Z" OperationName="GET /list/{key}/{worksheetId}/{visibility}/{protection}" PolicyAvailable="true" ServiceKey="uddi:c0e2bfef-9f90-11e4-bd8a-eaa1e8f31cf2" WsdlOperationName="GET__list__key___worksheetId___visibility___protection_"/><ns3:Operation InterfaceName="{https://spreadsheets.google.com/feeds}Google_Sheets_API_PortType" ManagementState="Enabled" NumOfVirtualizedOperations="0" OperationKey="81c0ee28-b585-11e4-86ce-86c450a25418" OperationLastUpdatedAt="2015-02-16T02:42:55.850Z" OperationName="GET /spreadsheets/{visibility}/{protection}" PolicyAvailable="true" ServiceKey="uddi:c0e2bfef-9f90-11e4-bd8a-eaa1e8f31cf2" WsdlOperationName="GET__spreadsheets__visibility___protection_"/><ns3:Operation InterfaceName="{https://spreadsheets.google.com/feeds}Google_Sheets_API_PortType" ManagementState="Enabled" NumOfVirtualizedOperations="1" OperationKey="81c1635a-b585-11e4-86ce-86c450a25418" OperationLastUpdatedAt="2015-02-16T02:42:55.850Z" OperationName="GET /worksheets/{key}/{visibility}/{protection}" PolicyAvailable="true" ServiceKey="uddi:c0e2bfef-9f90-11e4-bd8a-eaa1e8f31cf2" WsdlOperationName="GET__worksheets__key___visibility___protection_"/><ns3:Operation InterfaceName="{https://spreadsheets.google.com/feeds}Google_Sheets_API_PortType" ManagementState="Enabled" NumOfVirtualizedOperations="0" OperationKey="81c64570-b585-11e4-86ce-86c450a25418" OperationLastUpdatedAt="2015-02-16T02:42:55.850Z" OperationName="POST /cells/{key}/{worksheetId}/{visibility}/{protection}/batch" PolicyAvailable="true" ServiceKey="uddi:c0e2bfef-9f90-11e4-bd8a-eaa1e8f31cf2" WsdlOperationName="POST__cells__key___worksheetId___visibility___protection__batch"/><ns3:Operation InterfaceName="{https://spreadsheets.google.com/feeds}Google_Sheets_API_PortType" ManagementState="Enabled" NumOfVirtualizedOperations="0" OperationKey="81c3d465-b585-11e4-86ce-86c450a25418" OperationLastUpdatedAt="2015-02-16T02:42:55.850Z" OperationName="POST /list/{key}/{worksheetId}/{visibility}/{protection}" PolicyAvailable="true" ServiceKey="uddi:c0e2bfef-9f90-11e4-bd8a-eaa1e8f31cf2" WsdlOperationName="POST__list__key___worksheetId___visibility___protection_"/><ns3:Operation InterfaceName="{https://spreadsheets.google.com/feeds}Google_Sheets_API_PortType" ManagementState="Enabled" NumOfVirtualizedOperations="0" OperationKey="81c1d88c-b585-11e4-86ce-86c450a25418" OperationLastUpdatedAt="2015-02-16T02:42:55.850Z" OperationName="POST /worksheets/{key}/{visibility}/{protection}" PolicyAvailable="true" ServiceKey="uddi:c0e2bfef-9f90-11e4-bd8a-eaa1e8f31cf2" WsdlOperationName="POST__worksheets__key___visibility___protection_"/><ns3:Operation InterfaceName="{https://spreadsheets.google.com/feeds}Google_Sheets_API_PortType" ManagementState="Enabled" NumOfVirtualizedOperations="0" OperationKey="81c5d03d-b585-11e4-86ce-86c450a25418" OperationLastUpdatedAt="2015-02-16T02:42:55.850Z" OperationName="PUT /cells/{key}/{worksheetId}/{visibility}/{protection}" PolicyAvailable="true" ServiceKey="uddi:c0e2bfef-9f90-11e4-bd8a-eaa1e8f31cf2" WsdlOperationName="PUT__cells__key___worksheetId___visibility___protection_"/><ns3:Operation InterfaceName="{https://spreadsheets.google.com/feeds}Google_Sheets_API_PortType" ManagementState="Enabled" NumOfVirtualizedOperations="0" OperationKey="81c44997-b585-11e4-86ce-86c450a25418" OperationLastUpdatedAt="2015-02-16T02:42:55.850Z" OperationName="PUT /list/{key}/{worksheetId}/{visibility}/{protection}" PolicyAvailable="true" ServiceKey="uddi:c0e2bfef-9f90-11e4-bd8a-eaa1e8f31cf2" WsdlOperationName="PUT__list__key___worksheetId___visibility___protection_"/><ns3:Operation InterfaceName="{https://spreadsheets.google.com/feeds}Google_Sheets_API_PortType" ManagementState="Enabled" NumOfVirtualizedOperations="0" OperationKey="81c274cf-b585-11e4-86ce-86c450a25418" OperationLastUpdatedAt="2015-02-16T02:42:55.850Z" OperationName="PUT /worksheets/{key}/{visibility}/{protection}" PolicyAvailable="true" ServiceKey="uddi:c0e2bfef-9f90-11e4-bd8a-eaa1e8f31cf2" WsdlOperationName="PUT__worksheets__key___visibility___protection_"/></ns3:Operations></ns3:PhysicalService><ns5:businessService businessKey="uddi:5ccceeea-b56b-11e4-86ce-86c450a25418" serviceKey="uddi:c0e2bfef-9f90-11e4-bd8a-eaa1e8f31cf2"><ns5:name>Google_Sheets_API</ns5:name><ns5:bindingTemplates><ns5:bindingTemplate bindingKey="uddi:c15a6019-9f90-11e4-bd8a-eaa1e8f31cf2" serviceKey="uddi:c0e2bfef-9f90-11e4-bd8a-eaa1e8f31cf2"><ns5:accessPoint useType="endPoint">https://spreadsheets.google.com/feeds</ns5:accessPoint><ns5:tModelInstanceDetails><ns5:tModelInstanceInfo tModelKey="uddi:ac5d5cda-dba3-2d2e-6713-eae3735fc87c"><ns5:description>The wsdl:binding that this wsdl:port implements. The instanceParms specifies the port local name.</ns5:description><ns5:instanceDetails><ns5:instanceParms>Google_Sheets_API_port</ns5:instanceParms></ns5:instanceDetails></ns5:tModelInstanceInfo><ns5:tModelInstanceInfo tModelKey="uddi:bb558a13-b96e-badc-0100-166708e01454"><ns5:description>The wsdl:portType that this wsdl:port implements.</ns5:description></ns5:tModelInstanceInfo></ns5:tModelInstanceDetails><ns5:categoryBag><ns5:keyedReference keyName="WSDL type" keyValue="port" tModelKey="uddi:uddi.org:wsdl:types"/></ns5:categoryBag></ns5:bindingTemplate></ns5:bindingTemplates><ns5:categoryBag><ns5:keyedReference keyName="Staging" keyValue="Staging" tModelKey="uddi:soa.com:servicelifecyclestage"/><ns5:keyedReference keyName="WSDL type" keyValue="service" tModelKey="uddi:uddi.org:wsdl:types"/><ns5:keyedReference keyName="service namespace" keyValue="https://spreadsheets.google.com/feeds" tModelKey="uddi:uddi.org:xml:namespace"/><ns5:keyedReference keyName="service local name" keyValue="Google_Sheets_API" tModelKey="uddi:uddi.org:xml:localname"/><ns5:keyedReference keyName="1.0" keyValue="0ec6d979-b6e1-4017-a23d-d0ab44bb60db" tModelKey="uddi:soa.com:serviceversion"/><ns5:keyedReferenceGroup tModelKey="uddi:soa.com:service:group"/></ns5:categoryBag></ns5:businessService><ns2:ExportServiceEndpoint><ns8:ServiceEndpoint><ns8:ServiceKey>uddi:c0e2bfef-9f90-11e4-bd8a-eaa1e8f31cf2</ns8:ServiceKey><ns8:Name>uddi:c15a6019-9f90-11e4-bd8a-eaa1e8f31cf2</ns8:Name><ns8:Url>https://spreadsheets.google.com/feeds</ns8:Url><ns8:BindingQName>{https://spreadsheets.google.com/feeds}Google_Sheets_API_Binding</ns8:BindingQName><ns8:PortName>Google_Sheets_API_port</ns8:PortName><ns8:Protocol>https</ns8:Protocol></ns8:ServiceEndpoint><ns2:EndpointWsdlUri>wsdls/uddi_c15a6019-9f90-11e4-bd8a-eaa1e8f31cf2.wsdl</ns2:EndpointWsdlUri></ns2:ExportServiceEndpoint></ns2:ExportService></ns2:ExportObjectConfiguration><ns2:ExportObjectConfiguration><ns1:ServiceKey><ns1:Key>uddi:e6fe8932-9f92-11e4-bd8a-eaa1e8f31cf2</ns1:Key><ns1:ServiceQName>{http://win7-64-vm:80/cell}Google_Sheets_Integrator</ns1:ServiceQName></ns1:ServiceKey><ns2:ExportService><ns3:VirtualService BusinessKey="uddi:5ccceeea-b56b-11e4-86ce-86c450a25418" ServiceKey="uddi:e6fe8932-9f92-11e4-bd8a-eaa1e8f31cf2" WsdlServiceLocalName="Google_Sheets_Integrator" WsdlTargetNamespaceUrl="http://win7-64-vm:80/cell"><ns3:Name>Google_Sheets_Integrator</ns3:Name><ns3:Operations><ns3:LogicalOperation InterfaceName="{http://win7-64-vm:80/cell}Google_Sheets_Integrator_PortType" ManagementState="Enabled" NextHopOperationKey="uddi:5a0e7613-b25c-11e4-9d14-dc40c838bd18$$${https://www.googleapis.com/drive/v2}Google_Drive_API.raml_PortType$$$GET__files" NextHopOperationName="GET /cells/{key}/{worksheetId}/{visibility}/{protection}" NextHopServiceKey="uddi:c0e2bfef-9f90-11e4-bd8a-eaa1e8f31cf2" NextHopServiceName="Google_Sheets_API" NumOfVirtualizedOperations="0" OperationKey="8201eef1-b585-11e4-86ce-86c450a25418" OperationLastUpdatedAt="2015-02-18T23:12:43.263Z" OperationName="GET /cell" PolicyAvailable="true" ServiceKey="uddi:e6fe8932-9f92-11e4-bd8a-eaa1e8f31cf2" WsdlOperationName="GET__cell"><ns3:NextHopOperation InterfaceName="{https://spreadsheets.google.com/feeds}Google_Sheets_API_PortType" OperationKey="81c533fb-b585-11e4-86ce-86c450a25418" OperationLastUpdatedAt="2015-02-16T02:42:55.850Z" OperationName="GET /cells/{key}/{worksheetId}/{visibility}/{protection}" ServiceKey="uddi:c0e2bfef-9f90-11e4-bd8a-eaa1e8f31cf2" ServiceName="Google_Sheets_API" WsdlOperationName="GET__cells__key___worksheetId___visibility___protection_"/></ns3:LogicalOperation></ns3:Operations></ns3:VirtualService><ns5:businessService businessKey="uddi:5ccceeea-b56b-11e4-86ce-86c450a25418" serviceKey="uddi:e6fe8932-9f92-11e4-bd8a-eaa1e8f31cf2"><ns5:name>Google_Sheets_Integrator</ns5:name><ns5:bindingTemplates><ns5:bindingTemplate bindingKey="uddi:82e3ea84-b585-11e4-86ce-86c450a25418" serviceKey="uddi:e6fe8932-9f92-11e4-bd8a-eaa1e8f31cf2"><ns5:accessPoint useType="endPoint">http://win7-64-vm:80/cell</ns5:accessPoint><ns5:tModelInstanceDetails><ns5:tModelInstanceInfo tModelKey="uddi:0dac1a25-0999-43e5-a99f-505fdab11531"><ns5:description>The wsdl:binding that this wsdl:port implements. The instanceParms specifies the port local name.</ns5:description><ns5:instanceDetails><ns5:instanceParms>HTTP</ns5:instanceParms></ns5:instanceDetails></ns5:tModelInstanceInfo><ns5:tModelInstanceInfo tModelKey="uddi:6fdd964c-07a9-e591-4296-563ade8b2f8e"><ns5:description>The wsdl:portType that this wsdl:port implements.</ns5:description></ns5:tModelInstanceInfo></ns5:tModelInstanceDetails><ns5:categoryBag><ns5:keyedReference keyName="WSDL type" keyValue="port" tModelKey="uddi:uddi.org:wsdl:types"/><ns5:keyedReferenceGroup tModelKey="uddi:soa.com:serviceendpoint:group"><ns5:keyedReference keyName="containerKey" keyValue="ND-Cluster" tModelKey="uddi:soa.com:serviceendpoint:containername"/><ns5:keyedReference keyName="listenerName" keyValue="default-http0" tModelKey="uddi:soa.com:serviceendpoint:listenername"/></ns5:keyedReferenceGroup></ns5:categoryBag></ns5:bindingTemplate></ns5:bindingTemplates><ns5:categoryBag><ns5:keyedReference keyName="Virtual Service" keyValue="Virtual Service" tModelKey="uddi:digev.com:categorization:services"/><ns5:keyedReference keyName="Staging" keyValue="Staging" tModelKey="uddi:soa.com:servicelifecyclestage"/><ns5:keyedReference keyName="WSDL type" keyValue="service" tModelKey="uddi:uddi.org:wsdl:types"/><ns5:keyedReference keyName="service namespace" keyValue="http://win7-64-vm:80/cell" tModelKey="uddi:uddi.org:xml:namespace"/><ns5:keyedReference keyName="service local name" keyValue="Google_Sheets_Integrator" tModelKey="uddi:uddi.org:xml:localname"/><ns5:keyedReference keyName="Managed Service" keyValue="Managed Service" tModelKey="uddi:digev.com:categorization:services"/><ns5:keyedReferenceGroup tModelKey="uddi:soa.com:service:group"/></ns5:categoryBag></ns5:businessService><ns2:ExportServiceEndpoint><ns8:ServiceEndpoint><ns8:ServiceKey>uddi:e6fe8932-9f92-11e4-bd8a-eaa1e8f31cf2</ns8:ServiceKey><ns8:Name>uddi:82e3ea84-b585-11e4-86ce-86c450a25418</ns8:Name><ns8:Url>http://win7-64-vm:80/cell</ns8:Url><ns8:BindingQName>{http://win7-64-vm:80/cell}Google_Sheets_Integrator_Binding</ns8:BindingQName><ns8:PortName>HTTP</ns8:PortName><ns8:Protocol>http</ns8:Protocol><ns8:ContainerKey>ND-Cluster</ns8:ContainerKey><ns8:ListenerName>default-http0</ns8:ListenerName></ns8:ServiceEndpoint><ns2:EndpointWsdlUri>wsdls/uddi_82e3ea84-b585-11e4-86ce-86c450a25418.wsdl</ns2:EndpointWsdlUri></ns2:ExportServiceEndpoint><ns2:BpelUri>services/uddi_e6fe8932-9f92-11e4-bd8a-eaa1e8f31cf2/bpel.xml</ns2:BpelUri><ns2:ManagementUri>services/uddi_e6fe8932-9f92-11e4-bd8a-eaa1e8f31cf2/management.xml</ns2:ManagementUri></ns2:ExportService></ns2:ExportObjectConfiguration><ns2:ExportObjectConfiguration><ns1:ContractKey><ns1:Key>40747a4e-b56f-11e4-86ce-86c450a25418</ns1:Key></ns1:ContractKey><ns2:ExportContract><ns13:Contract><ns13:ContractInfo Anonymous="true" Key="40747a4e-b56f-11e4-86ce-86c450a25418:1091" Name="Anonymous" State="Activated"><ns13:Description></ns13:Description><ns13:ProviderOrganizationKey>uddi:5ccceeea-b56b-11e4-86ce-86c450a25418</ns13:ProviderOrganizationKey><ns1:EffectiveDateTimes><ns1:StartDateTime><ns1:DateTime>2015-02-16T11:03:00+11:00</ns1:DateTime><ns1:TimezoneName>Australia/Sydney</ns1:TimezoneName></ns1:StartDateTime><ns1:EndDateTime><ns1:DateTime>2016-02-16T11:03:00+11:00</ns1:DateTime><ns1:TimezoneName>Australia/Sydney</ns1:TimezoneName></ns1:EndDateTime><ns1:Expire>false</ns1:Expire></ns1:EffectiveDateTimes><ns13:ContractVersionInfo><ns13:LastModifiedTimestamp>2015-02-16+11:00</ns13:LastModifiedTimestamp><ns13:User>Local Domain\administrator</ns13:User><ns13:MetadataVersion>1</ns13:MetadataVersion><ns13:ActiveMetadataVersion>1</ns13:ActiveMetadataVersion></ns13:ContractVersionInfo><ns13:ContractType>service.contract</ns13:ContractType></ns13:ContractInfo><ns13:ContractScope><ns1:ServiceKey>uddi:e6fe8932-9f92-11e4-bd8a-eaa1e8f31cf2</ns1:ServiceKey></ns13:ContractScope></ns13:Contract></ns2:ExportContract></ns2:ExportObjectConfiguration><ns2:ExportObjectConfiguration><ns1:PolicyKey><ns1:Key>urn:uuid:c3243f89-b56e-11e4-86ce-86c450a25418</ns1:Key></ns1:PolicyKey><ns2:ExportPolicy><ns11:Policy PolicyName="Insert JWT into Downstream request"><ns11:PolicyKey>urn:uuid:c3243f89-b56e-11e4-86ce-86c450a25418</ns11:PolicyKey><ns11:OrganizationKey>uddi:5ccceeea-b56b-11e4-86ce-86c450a25418</ns11:OrganizationKey><ns11:PolicyType>Operational Policy</ns11:PolicyType><ns11:PolicySubType>policy.xml</ns11:PolicySubType><ns11:Description></ns11:Description><ns11:ReadOnly>false</ns11:ReadOnly><ns11:LocalPolicy>false</ns11:LocalPolicy><ns11:LastUpdatedTime>2015-02-16T02:42:54.513Z</ns11:LastUpdatedTime><ns11:PolicyConfigurationAsString><ns11:Contents>&lt;![CDATA[&lt;?xml version="1.0" encoding="UTF-8"?&gt;
&lt;wsp:Policy visibility="public" xmlns:tns="http://com.soa.pso/policy/" xmlns:wsp="http://schemas.xmlsoap.org/ws/2004/09/policy"&gt;
    &lt;tns:JWTToken&gt;
    	&lt;tns:fileLocation&gt;c://API Project-d6e02d5ef2f2.p12&lt;/tns:fileLocation&gt;
    	&lt;tns:serviceAccountEmail&gt;464838240704-gjrgniev78n29hg24l5fjol42o8uspqv@developer.gserviceaccount.com&lt;/tns:serviceAccountEmail&gt;
     &lt;tns:userAccountEmail&gt;paulpog@japarasolutions.com&lt;/tns:userAccountEmail&gt;
    &lt;/tns:JWTToken&gt;
&lt;/wsp:Policy&gt;]]&gt;</ns11:Contents></ns11:PolicyConfigurationAsString></ns11:Policy></ns2:ExportPolicy></ns2:ExportObjectConfiguration><ns2:ExportObjectConfiguration><ns1:IdentityKey><ns1:Key>Local Domain\acLXIELtJgq9HpXj2RKLVg==</ns1:Key><ns1:DomainName>Local Domain</ns1:DomainName><ns1:UserName>acLXIELtJgq9HpXj2RKLVg==</ns1:UserName></ns1:IdentityKey><ns2:ExportUserIdentity><ns14:User DomainName="Local Domain" UserName="acLXIELtJgq9HpXj2RKLVg=="><ns14:FullName>Service: uddi:ed9f2490-b56d-11e4-86ce-86c450a25418</ns14:FullName><ns14:IdentityKey>urn:uuid:8174f0ff-b585-11e4-86ce-86c450a25418</ns14:IdentityKey><ns14:Password>O3PXFSe+ASpitMkCaaP6zLWFnD/E00+SbV0BWJ+U4Bx/Fq1md/CxlrTjLei39osgxBCkxsC7nShijFEITNtoYQ==</ns14:Password><ns14:Disabled>false</ns14:Disabled><ns14:ForcePwdResetOnNextLogin>false</ns14:ForcePwdResetOnNextLogin><ns14:Expired>false</ns14:Expired><ns14:ReadOnly>true</ns14:ReadOnly><ns14:PasswordFrmSeed>0</ns14:PasswordFrmSeed><ns14:OrganizationKey>uddi:soa.com:registryorganization</ns14:OrganizationKey><ns14:PasswordSalt>FG+mMe022+JJwltupRlK5sePo35g4ImCPUsU8Y+Qokf3kaCHaeFmNy1vSPaThYHbyxsecBDIRV2PztpwRHbI/g==</ns14:PasswordSalt></ns14:User><ns2:PKIGenerated>true</ns2:PKIGenerated></ns2:ExportUserIdentity></ns2:ExportObjectConfiguration><ns2:ExportObjectConfiguration><ns1:IdentityKey><ns1:Key>Local Domain\ga5b7M5G3zDbLfDOI9xl3Q==</ns1:Key><ns1:DomainName>Local Domain</ns1:DomainName><ns1:UserName>ga5b7M5G3zDbLfDOI9xl3Q==</ns1:UserName></ns1:IdentityKey><ns2:ExportUserIdentity><ns14:User DomainName="Local Domain" UserName="ga5b7M5G3zDbLfDOI9xl3Q=="><ns14:FullName>Service: uddi:e6fe8932-9f92-11e4-bd8a-eaa1e8f31cf2</ns14:FullName><ns14:IdentityKey>urn:uuid:81e3b88e-b585-11e4-86ce-86c450a25418</ns14:IdentityKey><ns14:Password>/dpkfQ0gIgxK1zdCg8y5Af1/7ePhxTBm8Rfx2vqcbeF9xDPQZuIlQjixMPsBVvbHBtG2i+yBfKPEKSc0IuRJGw==</ns14:Password><ns14:Disabled>false</ns14:Disabled><ns14:ForcePwdResetOnNextLogin>false</ns14:ForcePwdResetOnNextLogin><ns14:Expired>false</ns14:Expired><ns14:ReadOnly>true</ns14:ReadOnly><ns14:PasswordFrmSeed>0</ns14:PasswordFrmSeed><ns14:OrganizationKey>uddi:soa.com:registryorganization</ns14:OrganizationKey><ns14:PasswordSalt>1fuqfZUwOBvN3icbhR3FoFIiTqPuK2wFSBAjG6uaneNJ4WDIHt+Lzy8VKbW5rXk5SnqKE9SH/72BRP/g/YUxGg==</ns14:PasswordSalt></ns14:User><ns2:PKIGenerated>true</ns2:PKIGenerated></ns2:ExportUserIdentity></ns2:ExportObjectConfiguration><ns2:ExportObjectConfiguration><ns1:IdentityKey><ns1:Key>Local Domain\cYUf5fVctXpbnNuu1Fx64Q==</ns1:Key><ns1:DomainName>Local Domain</ns1:DomainName><ns1:UserName>cYUf5fVctXpbnNuu1Fx64Q==</ns1:UserName></ns1:IdentityKey><ns2:ExportUserIdentity><ns14:User DomainName="Local Domain" UserName="cYUf5fVctXpbnNuu1Fx64Q=="><ns14:FullName>Service: uddi:c0e2bfef-9f90-11e4-bd8a-eaa1e8f31cf2</ns14:FullName><ns14:IdentityKey>urn:uuid:81a501b5-b585-11e4-86ce-86c450a25418</ns14:IdentityKey><ns14:Password>AT4GjLWZljfDCzZpXkHE6nDK9GgSkJlH6NVuojC/WV4JD6Mr/md7Jp5YOhn3SmarrOVLsKtSQTSYZrlanA15Sg==</ns14:Password><ns14:Disabled>false</ns14:Disabled><ns14:ForcePwdResetOnNextLogin>false</ns14:ForcePwdResetOnNextLogin><ns14:Expired>false</ns14:Expired><ns14:ReadOnly>true</ns14:ReadOnly><ns14:PasswordFrmSeed>0</ns14:PasswordFrmSeed><ns14:OrganizationKey>uddi:soa.com:registryorganization</ns14:OrganizationKey><ns14:PasswordSalt>ZB8ZmCfrkeT0e670Mj+trll77MJJWNXzAMOf/bbDFO6Ha57e1vceHix+nJBAuhnrHzn6aSOOr4oV5pCoRO1Kng==</ns14:PasswordSalt></ns14:User><ns2:PKIGenerated>true</ns2:PKIGenerated></ns2:ExportUserIdentity></ns2:ExportObjectConfiguration></ns2:ExportConfiguration>