<?xml version="1.0" encoding="UTF-8"?>
<ns2:ExportConfiguration xmlns="http://digev.com/uri/products/PolicyManager/xsd/1.0" xmlns:ns10="http://www.soa.com/uri/products/SLAPolicy/xsd/1.0" xmlns:ns11="http://soa.com/uri/products/ServiceProperties/1.0" xmlns:ns12="http://soa.com/uri/products/ServiceEndpointProperties/1.0" xmlns:ns13="http://soa.com/uri/products/Organization/xsd/1.0" xmlns:ns14="http://soa.com/uri/products/IdentityAuthorization/xsd/1.0" xmlns:ns15="http://soa.com/uri/products/Contracts/xsd/1.0" xmlns:ns2="http://www.soa.com/uri/products/ServiceManagerMigration/xsd/1.0" xmlns:ns3="http://soa.com/uri/products/Policy/xsd/1.0" xmlns:ns4="urn:uddi-org:api_v3" xmlns:ns5="http://www.w3.org/2000/09/xmldsig#" xmlns:ns6="urn:uddi-org:sub_v3" xmlns:ns7="http://digev.com/uri/products/AlertManager/xsd/1.0" xmlns:ns8="http://digev.com/uri/products/Types/xsd/1.0" xmlns:ns9="http://digev.com/uri/products/ManagementServer/xsd/1.0"><ns2:SourceOrganization><ns8:Key>uddi:soa.com:registryorganization</ns8:Key></ns2:SourceOrganization><ns2:ExportObjectConfiguration><ns8:OrganizationKey><ns8:Key>uddi:603d313b-c3b4-11e4-b79d-bcadfb6b06d1</ns8:Key></ns8:OrganizationKey><ns2:ExportOrganization><ns13:Organization><ns13:OrganizationKey><ns8:Key>uddi:603d313b-c3b4-11e4-b79d-bcadfb6b06d1</ns8:Key></ns13:OrganizationKey><ns13:ParentKey><ns8:Key>uddi:soa.com:registryorganization</ns8:Key></ns13:ParentKey><ns13:Name>Google Sheets API Hook</ns13:Name><ns13:Description></ns13:Description><ns13:OrganizationType>Project</ns13:OrganizationType></ns13:Organization><ns4:businessEntity businessKey="uddi:603d313b-c3b4-11e4-b79d-bcadfb6b06d1"><ns4:name>Google Sheets API Hook</ns4:name><ns4:categoryBag><ns4:keyedReferenceGroup tModelKey="uddi:soa.com:organization:group"><ns4:keyedReference keyName="Organization type" keyValue="Project" tModelKey="uddi:soa.com:categorization:organizationtype"/></ns4:keyedReferenceGroup></ns4:categoryBag></ns4:businessEntity></ns2:ExportOrganization></ns2:ExportObjectConfiguration><ns2:ExportObjectConfiguration><ns8:ScriptKey><ns8:Key>script:1d53e92c-c3b6-11e4-b79d-bcadfb6b06d1</ns8:Key></ns8:ScriptKey><ns2:ExportScript><ns2:ScriptUri>scripts/script_1d53e92c-c3b6-11e4-b79d-bcadfb6b06d1.xml</ns2:ScriptUri><ns2:Name>GetGoogleAuthToken</ns2:Name><ns2:Description></ns2:Description><ns2:ScriptKey>script:1d53e92c-c3b6-11e4-b79d-bcadfb6b06d1</ns2:ScriptKey><ns2:OrganizationKey>uddi:603d313b-c3b4-11e4-b79d-bcadfb6b06d1</ns2:OrganizationKey><ns2:Type>js</ns2:Type></ns2:ExportScript></ns2:ExportObjectConfiguration><ns2:ExportObjectConfiguration><ns8:ScriptKey><ns8:Key>script:1abddfbb-c22f-11e4-a8c1-9fc598e31387</ns8:Key></ns8:ScriptKey><ns2:ExportScript><ns2:ScriptUri>scripts/script_1abddfbb-c22f-11e4-a8c1-9fc598e31387.xml</ns2:ScriptUri><ns2:Name>sheets-Common</ns2:Name><ns2:Description></ns2:Description><ns2:ScriptKey>script:1abddfbb-c22f-11e4-a8c1-9fc598e31387</ns2:ScriptKey><ns2:OrganizationKey>uddi:603d313b-c3b4-11e4-b79d-bcadfb6b06d1</ns2:OrganizationKey><ns2:Type>js</ns2:Type></ns2:ExportScript></ns2:ExportObjectConfiguration><ns2:ExportObjectConfiguration><ns8:BpelKey><ns8:Key>bpel:47144d1c-c2fb-11e4-b79d-bcadfb6b06d1</ns8:Key></ns8:BpelKey><ns2:ExportBpel><ns2:BpelUri>bpels/bpel_47144d1c-c2fb-11e4-b79d-bcadfb6b06d1.xml</ns2:BpelUri></ns2:ExportBpel></ns2:ExportObjectConfiguration><ns2:ExportObjectConfiguration><ns8:BpelKey><ns8:Key>bpel:46ee4e86-c2fb-11e4-b79d-bcadfb6b06d1</ns8:Key></ns8:BpelKey><ns2:ExportBpel><ns2:BpelUri>bpels/bpel_46ee4e86-c2fb-11e4-b79d-bcadfb6b06d1.xml</ns2:BpelUri></ns2:ExportBpel></ns2:ExportObjectConfiguration><ns2:ExportObjectConfiguration><ns8:BpelKey><ns8:Key>bpel:47083f2a-c2fb-11e4-b79d-bcadfb6b06d1</ns8:Key></ns8:BpelKey><ns2:ExportBpel><ns2:BpelUri>bpels/bpel_47083f2a-c2fb-11e4-b79d-bcadfb6b06d1.xml</ns2:BpelUri></ns2:ExportBpel></ns2:ExportObjectConfiguration><ns2:ExportObjectConfiguration><ns8:BpelKey><ns8:Key>bpel:470de47b-c2fb-11e4-b79d-bcadfb6b06d1</ns8:Key></ns8:BpelKey><ns2:ExportBpel><ns2:BpelUri>bpels/bpel_470de47b-c2fb-11e4-b79d-bcadfb6b06d1.xml</ns2:BpelUri></ns2:ExportBpel></ns2:ExportObjectConfiguration><ns2:ExportObjectConfiguration><ns8:BpelKey><ns8:Key>bpel:471a8ead-c2fb-11e4-b79d-bcadfb6b06d1</ns8:Key></ns8:BpelKey><ns2:ExportBpel><ns2:BpelUri>bpels/bpel_471a8ead-c2fb-11e4-b79d-bcadfb6b06d1.xml</ns2:BpelUri></ns2:ExportBpel></ns2:ExportObjectConfiguration><ns2:ExportObjectConfiguration><ns8:BpelKey><ns8:Key>bpel:472b3080-c2fb-11e4-b79d-bcadfb6b06d1</ns8:Key></ns8:BpelKey><ns2:ExportBpel><ns2:BpelUri>bpels/bpel_472b3080-c2fb-11e4-b79d-bcadfb6b06d1.xml</ns2:BpelUri></ns2:ExportBpel></ns2:ExportObjectConfiguration><ns2:ExportObjectConfiguration><ns8:BpelKey><ns8:Key>bpel:46fb6de8-c2fb-11e4-b79d-bcadfb6b06d1</ns8:Key></ns8:BpelKey><ns2:ExportBpel><ns2:BpelUri>bpels/bpel_46fb6de8-c2fb-11e4-b79d-bcadfb6b06d1.xml</ns2:BpelUri></ns2:ExportBpel></ns2:ExportObjectConfiguration><ns2:ExportObjectConfiguration><ns8:BpelKey><ns8:Key>bpel:46f5c897-c2fb-11e4-b79d-bcadfb6b06d1</ns8:Key></ns8:BpelKey><ns2:ExportBpel><ns2:BpelUri>bpels/bpel_46f5c897-c2fb-11e4-b79d-bcadfb6b06d1.xml</ns2:BpelUri></ns2:ExportBpel></ns2:ExportObjectConfiguration><ns2:ExportObjectConfiguration><ns8:BpelKey><ns8:Key>bpel:47314b01-c2fb-11e4-b79d-bcadfb6b06d1</ns8:Key></ns8:BpelKey><ns2:ExportBpel><ns2:BpelUri>bpels/bpel_47314b01-c2fb-11e4-b79d-bcadfb6b06d1.xml</ns2:BpelUri></ns2:ExportBpel></ns2:ExportObjectConfiguration><ns2:ExportObjectConfiguration><ns8:BpelKey><ns8:Key>bpel:47018869-c2fb-11e4-b79d-bcadfb6b06d1</ns8:Key></ns8:BpelKey><ns2:ExportBpel><ns2:BpelUri>bpels/bpel_47018869-c2fb-11e4-b79d-bcadfb6b06d1.xml</ns2:BpelUri></ns2:ExportBpel></ns2:ExportObjectConfiguration><ns2:ExportObjectConfiguration><ns8:BpelKey><ns8:Key>bpel:4725b23f-c2fb-11e4-b79d-bcadfb6b06d1</ns8:Key></ns8:BpelKey><ns2:ExportBpel><ns2:BpelUri>bpels/bpel_4725b23f-c2fb-11e4-b79d-bcadfb6b06d1.xml</ns2:BpelUri></ns2:ExportBpel></ns2:ExportObjectConfiguration><ns2:ExportObjectConfiguration><ns8:BpelKey><ns8:Key>bpel:472033fe-c2fb-11e4-b79d-bcadfb6b06d1</ns8:Key></ns8:BpelKey><ns2:ExportBpel><ns2:BpelUri>bpels/bpel_472033fe-c2fb-11e4-b79d-bcadfb6b06d1.xml</ns2:BpelUri></ns2:ExportBpel></ns2:ExportObjectConfiguration><ns2:ExportObjectConfiguration><ns8:InterfaceKey><ns8:Key>uddi:bb558a13-b96e-badc-0100-166708e01454</ns8:Key><ns8:InterfaceQName>{https://spreadsheets.google.com/feeds}Google_Sheets_API_PortType</ns8:InterfaceQName></ns8:InterfaceKey><ns2:ExportInterface><ns4:tModel deleted="false" tModelKey="uddi:bb558a13-b96e-badc-0100-166708e01454"><ns4:name>Google_Sheets_API_PortType</ns4:name><ns4:categoryBag><ns4:keyedReference keyName="portType namespace" keyValue="https://spreadsheets.google.com/feeds" tModelKey="uddi:uddi.org:xml:namespace"/><ns4:keyedReference keyName="WSDL type" keyValue="portType" tModelKey="uddi:uddi.org:wsdl:types"/></ns4:categoryBag></ns4:tModel><ns2:InterfaceWsdlUri>wsdls/uddi_bb558a13-b96e-badc-0100-166708e01454.wsdl</ns2:InterfaceWsdlUri></ns2:ExportInterface></ns2:ExportObjectConfiguration><ns2:ExportObjectConfiguration><ns8:InterfaceKey><ns8:Key>uddi:781b74bf-471c-1c42-8acf-0f2326c2f806</ns8:Key><ns8:InterfaceQName>{https://www.googleapis.com/oauth2/v3}Google_Auth_API</ns8:InterfaceQName></ns8:InterfaceKey><ns2:ExportInterface><ns4:tModel deleted="false" tModelKey="uddi:781b74bf-471c-1c42-8acf-0f2326c2f806"><ns4:name>Google_Auth_API</ns4:name><ns4:categoryBag><ns4:keyedReference keyName="portType namespace" keyValue="https://www.googleapis.com/oauth2/v3" tModelKey="uddi:uddi.org:xml:namespace"/><ns4:keyedReference keyName="WSDL type" keyValue="portType" tModelKey="uddi:uddi.org:wsdl:types"/></ns4:categoryBag></ns4:tModel><ns2:InterfaceWsdlUri>wsdls/uddi_781b74bf-471c-1c42-8acf-0f2326c2f806.wsdl</ns2:InterfaceWsdlUri></ns2:ExportInterface></ns2:ExportObjectConfiguration><ns2:ExportObjectConfiguration><ns8:BindingKey><ns8:Key>uddi:ac5d5cda-dba3-2d2e-6713-eae3735fc87c</ns8:Key><ns8:BindingQName>{https://spreadsheets.google.com/feeds}Google_Sheets_API_Binding</ns8:BindingQName><ns8:BindingType>binding.http</ns8:BindingType></ns8:BindingKey><ns2:ExportBinding><ns4:tModel deleted="false" tModelKey="uddi:ac5d5cda-dba3-2d2e-6713-eae3735fc87c"><ns4:name>Google_Sheets_API_Binding</ns4:name><ns4:categoryBag><ns4:keyedReference keyName="binding namespace" keyValue="https://spreadsheets.google.com/feeds" tModelKey="uddi:uddi.org:xml:namespace"/><ns4:keyedReference keyName="WSDL type" keyValue="binding" tModelKey="uddi:uddi.org:wsdl:types"/><ns4:keyedReference keyName="uddi-org:types" keyValue="wsdlSpec" tModelKey="uddi:uddi.org:categorization:types"/><ns4:keyedReference keyName="portType Reference" keyValue="uddi:bb558a13-b96e-badc-0100-166708e01454" tModelKey="uddi:uddi.org:wsdl:porttypereference"/></ns4:categoryBag></ns4:tModel><ns2:BindingWsdlUri>wsdls/uddi_ac5d5cda-dba3-2d2e-6713-eae3735fc87c.wsdl</ns2:BindingWsdlUri></ns2:ExportBinding></ns2:ExportObjectConfiguration><ns2:ExportObjectConfiguration><ns8:BindingKey><ns8:Key>uddi:4eba56b4-9ecf-2095-ee70-490162d8a4e7</ns8:Key><ns8:BindingQName>{https://www.googleapis.com/oauth2/v3}Google_Auth_API</ns8:BindingQName><ns8:BindingType>binding.http</ns8:BindingType></ns8:BindingKey><ns2:ExportBinding><ns4:tModel deleted="false" tModelKey="uddi:4eba56b4-9ecf-2095-ee70-490162d8a4e7"><ns4:name>Google_Auth_API</ns4:name><ns4:categoryBag><ns4:keyedReference keyName="binding namespace" keyValue="https://www.googleapis.com/oauth2/v3" tModelKey="uddi:uddi.org:xml:namespace"/><ns4:keyedReference keyName="WSDL type" keyValue="binding" tModelKey="uddi:uddi.org:wsdl:types"/><ns4:keyedReference keyName="portType Reference" keyValue="uddi:781b74bf-471c-1c42-8acf-0f2326c2f806" tModelKey="uddi:uddi.org:wsdl:porttypereference"/><ns4:keyedReference keyName="uddi-org:types" keyValue="wsdlSpec" tModelKey="uddi:uddi.org:categorization:types"/></ns4:categoryBag></ns4:tModel><ns2:BindingWsdlUri>wsdls/uddi_4eba56b4-9ecf-2095-ee70-490162d8a4e7.wsdl</ns2:BindingWsdlUri></ns2:ExportBinding></ns2:ExportObjectConfiguration><ns2:ExportObjectConfiguration><ns8:ServiceKey><ns8:Key>uddi:ed9f2490-b56d-11e4-86ce-86c450a25418</ns8:Key><ns8:ServiceQName>{https://www.googleapis.com/oauth2/sheets/hook/v3}Google_Auth_API</ns8:ServiceQName></ns8:ServiceKey><ns2:ExportService><ns9:PhysicalService BusinessKey="uddi:603d313b-c3b4-11e4-b79d-bcadfb6b06d1" Discovered="false" ServiceKey="uddi:ed9f2490-b56d-11e4-86ce-86c450a25418" WsdlServiceLocalName="Google_Auth_API" WsdlTargetNamespaceUrl="https://www.googleapis.com/oauth2/sheets/hook/v3"><ns9:Name>Google_Auth_API</ns9:Name><ns9:Description></ns9:Description><ns9:Operations><ns9:Operation InterfaceName="{https://www.googleapis.com/oauth2/v3}Google_Auth_API" ManagementState="Enabled" NumOfVirtualizedOperations="0" OperationKey="81959862-b585-11e4-86ce-86c450a25418" OperationLastUpdatedAt="2015-03-06T04:22:10.763Z" OperationName="POST /token" PolicyAvailable="true" ServiceKey="uddi:ed9f2490-b56d-11e4-86ce-86c450a25418" WsdlOperationName="POST__token"/></ns9:Operations></ns9:PhysicalService><ns4:businessService businessKey="uddi:603d313b-c3b4-11e4-b79d-bcadfb6b06d1" serviceKey="uddi:ed9f2490-b56d-11e4-86ce-86c450a25418"><ns4:name>Google_Auth_API</ns4:name><ns4:bindingTemplates><ns4:bindingTemplate bindingKey="uddi:edee07e7-b56d-11e4-86ce-86c450a25418" serviceKey="uddi:ed9f2490-b56d-11e4-86ce-86c450a25418"><ns4:accessPoint useType="endPoint">https://www.googleapis.com/oauth2/v3</ns4:accessPoint><ns4:tModelInstanceDetails><ns4:tModelInstanceInfo tModelKey="uddi:4eba56b4-9ecf-2095-ee70-490162d8a4e7"><ns4:description>The wsdl:binding that this wsdl:port implements. The instanceParms specifies the port local name.</ns4:description><ns4:instanceDetails><ns4:instanceParms>Google_Auth_API_port</ns4:instanceParms></ns4:instanceDetails></ns4:tModelInstanceInfo><ns4:tModelInstanceInfo tModelKey="uddi:781b74bf-471c-1c42-8acf-0f2326c2f806"><ns4:description>The wsdl:portType that this wsdl:port implements.</ns4:description></ns4:tModelInstanceInfo></ns4:tModelInstanceDetails><ns4:categoryBag><ns4:keyedReference keyName="WSDL type" keyValue="port" tModelKey="uddi:uddi.org:wsdl:types"/></ns4:categoryBag></ns4:bindingTemplate></ns4:bindingTemplates><ns4:categoryBag><ns4:keyedReference keyName="Staging" keyValue="Staging" tModelKey="uddi:soa.com:servicelifecyclestage"/><ns4:keyedReference keyName="WSDL type" keyValue="service" tModelKey="uddi:uddi.org:wsdl:types"/><ns4:keyedReference keyName="service namespace" keyValue="https://www.googleapis.com/oauth2/sheets/hook/v3" tModelKey="uddi:uddi.org:xml:namespace"/><ns4:keyedReference keyName="service local name" keyValue="Google_Auth_API" tModelKey="uddi:uddi.org:xml:localname"/><ns4:keyedReference keyName="1.0" keyValue="748bf63b-9f30-49b0-89f5-c29aa095ae43" tModelKey="uddi:soa.com:serviceversion"/><ns4:keyedReferenceGroup tModelKey="uddi:soa.com:service:group"/></ns4:categoryBag></ns4:businessService><ns2:ExportServiceEndpoint><ns12:ServiceEndpoint><ns12:ServiceKey>uddi:ed9f2490-b56d-11e4-86ce-86c450a25418</ns12:ServiceKey><ns12:Name>uddi:edee07e7-b56d-11e4-86ce-86c450a25418</ns12:Name><ns12:Url>https://www.googleapis.com/oauth2/v3</ns12:Url><ns12:BindingQName>{https://www.googleapis.com/oauth2/v3}Google_Auth_API</ns12:BindingQName><ns12:PortName>Google_Auth_API_port</ns12:PortName><ns12:Protocol>https</ns12:Protocol></ns12:ServiceEndpoint><ns2:EndpointWsdlUri>wsdls/uddi_edee07e7-b56d-11e4-86ce-86c450a25418.wsdl</ns2:EndpointWsdlUri></ns2:ExportServiceEndpoint></ns2:ExportService></ns2:ExportObjectConfiguration><ns2:ExportObjectConfiguration><ns8:ServiceKey><ns8:Key>uddi:c0e2bfef-9f90-11e4-bd8a-eaa1e8f31cf2</ns8:Key><ns8:ServiceQName>{https://spreadsheets.google.com/feeds}Google_Sheets_API</ns8:ServiceQName></ns8:ServiceKey><ns2:ExportService><ns9:PhysicalService BusinessKey="uddi:603d313b-c3b4-11e4-b79d-bcadfb6b06d1" Discovered="false" ServiceKey="uddi:c0e2bfef-9f90-11e4-bd8a-eaa1e8f31cf2" WsdlServiceLocalName="Google_Sheets_API" WsdlTargetNamespaceUrl="https://spreadsheets.google.com/feeds"><ns9:Name>Google_Sheets_API</ns9:Name><ns9:Operations><ns9:Operation InterfaceName="{https://spreadsheets.google.com/feeds}Google_Sheets_API_PortType" ManagementState="Enabled" NumOfVirtualizedOperations="1" OperationKey="2868b698-c146-11e4-a8c1-9fc598e31387" OperationLastUpdatedAt="2015-03-06T06:09:49.313Z" OperationName="DELETE /list/{key}/{worksheetId}/{visibility}/{protection}" PolicyAvailable="true" ServiceKey="uddi:c0e2bfef-9f90-11e4-bd8a-eaa1e8f31cf2" WsdlOperationName="DELETE__list__key___worksheetId___visibility___protection_"/><ns9:Operation InterfaceName="{https://spreadsheets.google.com/feeds}Google_Sheets_API_PortType" ManagementState="Enabled" NumOfVirtualizedOperations="1" OperationKey="28661e80-c146-11e4-a8c1-9fc598e31387" OperationLastUpdatedAt="2015-03-06T06:09:49.313Z" OperationName="DELETE /worksheets/{key}/{visibility}/{protection}" PolicyAvailable="true" ServiceKey="uddi:c0e2bfef-9f90-11e4-bd8a-eaa1e8f31cf2" WsdlOperationName="DELETE__worksheets__key___visibility___protection_"/><ns9:Operation InterfaceName="{https://spreadsheets.google.com/feeds}Google_Sheets_API_PortType" ManagementState="Enabled" NumOfVirtualizedOperations="1" OperationKey="286952d9-c146-11e4-a8c1-9fc598e31387" OperationLastUpdatedAt="2015-03-06T06:09:49.313Z" OperationName="GET /cells/{key}/{worksheetId}/{visibility}/{protection}" PolicyAvailable="true" ServiceKey="uddi:c0e2bfef-9f90-11e4-bd8a-eaa1e8f31cf2" WsdlOperationName="GET__cells__key___worksheetId___visibility___protection_"/><ns9:Operation InterfaceName="{https://spreadsheets.google.com/feeds}Google_Sheets_API_PortType" ManagementState="Enabled" NumOfVirtualizedOperations="1" OperationKey="2866bac1-c146-11e4-a8c1-9fc598e31387" OperationLastUpdatedAt="2015-03-06T06:09:49.313Z" OperationName="GET /list/{key}/{worksheetId}/{visibility}/{protection}" PolicyAvailable="true" ServiceKey="uddi:c0e2bfef-9f90-11e4-bd8a-eaa1e8f31cf2" WsdlOperationName="GET__list__key___worksheetId___visibility___protection_"/><ns9:Operation InterfaceName="{https://spreadsheets.google.com/feeds}Google_Sheets_API_PortType" ManagementState="Enabled" NumOfVirtualizedOperations="1" OperationKey="28631136-c146-11e4-a8c1-9fc598e31387" OperationLastUpdatedAt="2015-03-06T06:09:49.313Z" OperationName="GET /spreadsheets/{visibility}/{protection}" PolicyAvailable="true" ServiceKey="uddi:c0e2bfef-9f90-11e4-bd8a-eaa1e8f31cf2" WsdlOperationName="GET__spreadsheets__visibility___protection_"/><ns9:Operation InterfaceName="{https://spreadsheets.google.com/feeds}Google_Sheets_API_PortType" ManagementState="Enabled" NumOfVirtualizedOperations="1" OperationKey="286422a8-c146-11e4-a8c1-9fc598e31387" OperationLastUpdatedAt="2015-03-06T06:09:49.313Z" OperationName="GET /worksheets/{key}/{visibility}/{protection}" PolicyAvailable="true" ServiceKey="uddi:c0e2bfef-9f90-11e4-bd8a-eaa1e8f31cf2" WsdlOperationName="GET__worksheets__key___visibility___protection_"/><ns9:Operation InterfaceName="{https://spreadsheets.google.com/feeds}Google_Sheets_API_PortType" ManagementState="Enabled" NumOfVirtualizedOperations="1" OperationKey="1fec7eeb-c2fb-11e4-b79d-bcadfb6b06d1" OperationLastUpdatedAt="2015-03-06T06:09:49.313Z" OperationName="POST /cells/{key}/{worksheetId}/{visibility}/{protection}/{cell}/batch" PolicyAvailable="true" ServiceKey="uddi:c0e2bfef-9f90-11e4-bd8a-eaa1e8f31cf2" WsdlOperationName="POST__cells__key___worksheetId___visibility___protection___cell__batch"/><ns9:Operation InterfaceName="{https://spreadsheets.google.com/feeds}Google_Sheets_API_PortType" ManagementState="Enabled" NumOfVirtualizedOperations="1" OperationKey="28677e13-c146-11e4-a8c1-9fc598e31387" OperationLastUpdatedAt="2015-03-06T06:09:49.313Z" OperationName="POST /list/{key}/{worksheetId}/{visibility}/{protection}" PolicyAvailable="true" ServiceKey="uddi:c0e2bfef-9f90-11e4-bd8a-eaa1e8f31cf2" WsdlOperationName="POST__list__key___worksheetId___visibility___protection_"/><ns9:Operation InterfaceName="{https://spreadsheets.google.com/feeds}Google_Sheets_API_PortType" ManagementState="Enabled" NumOfVirtualizedOperations="1" OperationKey="2864beea-c146-11e4-a8c1-9fc598e31387" OperationLastUpdatedAt="2015-03-06T06:09:49.313Z" OperationName="POST /worksheets/{key}/{visibility}/{protection}" PolicyAvailable="true" ServiceKey="uddi:c0e2bfef-9f90-11e4-bd8a-eaa1e8f31cf2" WsdlOperationName="POST__worksheets__key___visibility___protection_"/><ns9:Operation InterfaceName="{https://spreadsheets.google.com/feeds}Google_Sheets_API_PortType" ManagementState="Enabled" NumOfVirtualizedOperations="1" OperationKey="1feaaa28-c2fb-11e4-b79d-bcadfb6b06d1" OperationLastUpdatedAt="2015-03-06T06:09:49.313Z" OperationName="PUT /cells/{key}/{worksheetId}/{visibility}/{protection}/{cell}" PolicyAvailable="true" ServiceKey="uddi:c0e2bfef-9f90-11e4-bd8a-eaa1e8f31cf2" WsdlOperationName="PUT__cells__key___worksheetId___visibility___protection___cell_"/><ns9:Operation InterfaceName="{https://spreadsheets.google.com/feeds}Google_Sheets_API_PortType" ManagementState="Enabled" NumOfVirtualizedOperations="1" OperationKey="28681a55-c146-11e4-a8c1-9fc598e31387" OperationLastUpdatedAt="2015-03-06T06:09:49.313Z" OperationName="PUT /list/{key}/{worksheetId}/{visibility}/{protection}" PolicyAvailable="true" ServiceKey="uddi:c0e2bfef-9f90-11e4-bd8a-eaa1e8f31cf2" WsdlOperationName="PUT__list__key___worksheetId___visibility___protection_"/><ns9:Operation InterfaceName="{https://spreadsheets.google.com/feeds}Google_Sheets_API_PortType" ManagementState="Enabled" NumOfVirtualizedOperations="1" OperationKey="2865823d-c146-11e4-a8c1-9fc598e31387" OperationLastUpdatedAt="2015-03-06T06:09:49.313Z" OperationName="PUT /worksheets/{key}/{visibility}/{protection}" PolicyAvailable="true" ServiceKey="uddi:c0e2bfef-9f90-11e4-bd8a-eaa1e8f31cf2" WsdlOperationName="PUT__worksheets__key___visibility___protection_"/></ns9:Operations></ns9:PhysicalService><ns4:businessService businessKey="uddi:603d313b-c3b4-11e4-b79d-bcadfb6b06d1" serviceKey="uddi:c0e2bfef-9f90-11e4-bd8a-eaa1e8f31cf2"><ns4:name>Google_Sheets_API</ns4:name><ns4:bindingTemplates><ns4:bindingTemplate bindingKey="uddi:29418a7d-c146-11e4-a8c1-9fc598e31387" serviceKey="uddi:c0e2bfef-9f90-11e4-bd8a-eaa1e8f31cf2"><ns4:accessPoint useType="endPoint">https://spreadsheets.google.com/feeds</ns4:accessPoint><ns4:tModelInstanceDetails><ns4:tModelInstanceInfo tModelKey="uddi:ac5d5cda-dba3-2d2e-6713-eae3735fc87c"><ns4:description>The wsdl:binding that this wsdl:port implements. The instanceParms specifies the port local name.</ns4:description><ns4:instanceDetails><ns4:instanceParms>Google_Sheets_API_port</ns4:instanceParms></ns4:instanceDetails></ns4:tModelInstanceInfo><ns4:tModelInstanceInfo tModelKey="uddi:bb558a13-b96e-badc-0100-166708e01454"><ns4:description>The wsdl:portType that this wsdl:port implements.</ns4:description></ns4:tModelInstanceInfo></ns4:tModelInstanceDetails><ns4:categoryBag><ns4:keyedReference keyName="WSDL type" keyValue="port" tModelKey="uddi:uddi.org:wsdl:types"/></ns4:categoryBag></ns4:bindingTemplate></ns4:bindingTemplates><ns4:categoryBag><ns4:keyedReference keyName="Staging" keyValue="Staging" tModelKey="uddi:soa.com:servicelifecyclestage"/><ns4:keyedReference keyName="WSDL type" keyValue="service" tModelKey="uddi:uddi.org:wsdl:types"/><ns4:keyedReference keyName="service namespace" keyValue="https://spreadsheets.google.com/feeds" tModelKey="uddi:uddi.org:xml:namespace"/><ns4:keyedReference keyName="service local name" keyValue="Google_Sheets_API" tModelKey="uddi:uddi.org:xml:localname"/><ns4:keyedReference keyName="1.0" keyValue="0ec6d979-b6e1-4017-a23d-d0ab44bb60db" tModelKey="uddi:soa.com:serviceversion"/><ns4:keyedReferenceGroup tModelKey="uddi:soa.com:service:group"><ns4:keyedReference keyName="WSDL Url" keyValue="Google Sheets API.raml" tModelKey="uddi:soa.com:wsdl:location"/></ns4:keyedReferenceGroup></ns4:categoryBag></ns4:businessService><ns2:ExportServiceEndpoint><ns12:ServiceEndpoint><ns12:ServiceKey>uddi:c0e2bfef-9f90-11e4-bd8a-eaa1e8f31cf2</ns12:ServiceKey><ns12:Name>uddi:29418a7d-c146-11e4-a8c1-9fc598e31387</ns12:Name><ns12:Url>https://spreadsheets.google.com/feeds</ns12:Url><ns12:BindingQName>{https://spreadsheets.google.com/feeds}Google_Sheets_API_Binding</ns12:BindingQName><ns12:PortName>Google_Sheets_API_port</ns12:PortName><ns12:Protocol>https</ns12:Protocol></ns12:ServiceEndpoint><ns2:EndpointWsdlUri>wsdls/uddi_29418a7d-c146-11e4-a8c1-9fc598e31387.wsdl</ns2:EndpointWsdlUri></ns2:ExportServiceEndpoint></ns2:ExportService></ns2:ExportObjectConfiguration><ns2:ExportObjectConfiguration><ns8:ServiceKey><ns8:Key>uddi:46a696f8-c2fb-11e4-b79d-bcadfb6b06d1</ns8:Key><ns8:ServiceQName>{https://spreadsheets.google.com/feeds}Google_Sheets_API_vs0</ns8:ServiceQName></ns8:ServiceKey><ns2:ExportService><ns9:VirtualService BusinessKey="uddi:603d313b-c3b4-11e4-b79d-bcadfb6b06d1" ServiceKey="uddi:46a696f8-c2fb-11e4-b79d-bcadfb6b06d1" WsdlServiceLocalName="Google_Sheets_API_vs0" WsdlTargetNamespaceUrl="https://spreadsheets.google.com/feeds"><ns9:Name>Google_Sheets_API_vs0</ns9:Name><ns9:Description></ns9:Description><ns9:Operations><ns9:LogicalOperation InterfaceName="{https://spreadsheets.google.com/feeds}Google_Sheets_API_PortType" ManagementState="Enabled" NextHopOperationKey="uddi:c0e2bfef-9f90-11e4-bd8a-eaa1e8f31cf2$$${https://spreadsheets.google.com/feeds}Google_Sheets_API_PortType$$$DELETE__list__key___worksheetId___visibility___protection_" NextHopOperationName="DELETE /list/{key}/{worksheetId}/{visibility}/{protection}" NextHopServiceKey="uddi:c0e2bfef-9f90-11e4-bd8a-eaa1e8f31cf2" NextHopServiceName="Google_Sheets_API" NumOfVirtualizedOperations="0" OperationKey="46c96150-c2fb-11e4-b79d-bcadfb6b06d1" OperationLastUpdatedAt="2015-03-06T06:09:31.657Z" OperationName="DELETE /list/{key}/{worksheetId}/{visibility}/{protection}" PolicyAvailable="true" ServiceKey="uddi:46a696f8-c2fb-11e4-b79d-bcadfb6b06d1" WsdlOperationName="DELETE__list__key___worksheetId___visibility___protection_"><ns9:NextHopOperation InterfaceName="{https://spreadsheets.google.com/feeds}Google_Sheets_API_PortType" OperationKey="2868b698-c146-11e4-a8c1-9fc598e31387" OperationLastUpdatedAt="2015-03-06T06:09:49.313Z" OperationName="DELETE /list/{key}/{worksheetId}/{visibility}/{protection}" ServiceKey="uddi:c0e2bfef-9f90-11e4-bd8a-eaa1e8f31cf2" ServiceName="Google_Sheets_API" WsdlOperationName="DELETE__list__key___worksheetId___visibility___protection_"/></ns9:LogicalOperation><ns9:LogicalOperation InterfaceName="{https://spreadsheets.google.com/feeds}Google_Sheets_API_PortType" ManagementState="Enabled" NextHopOperationKey="uddi:c0e2bfef-9f90-11e4-bd8a-eaa1e8f31cf2$$${https://spreadsheets.google.com/feeds}Google_Sheets_API_PortType$$$DELETE__worksheets__key___visibility___protection_" NextHopOperationName="DELETE /worksheets/{key}/{visibility}/{protection}" NextHopServiceKey="uddi:c0e2bfef-9f90-11e4-bd8a-eaa1e8f31cf2" NextHopServiceName="Google_Sheets_API" NumOfVirtualizedOperations="0" OperationKey="46c67b16-c2fb-11e4-b79d-bcadfb6b06d1" OperationLastUpdatedAt="2015-03-06T06:09:31.657Z" OperationName="DELETE /worksheets/{key}/{visibility}/{protection}" PolicyAvailable="true" ServiceKey="uddi:46a696f8-c2fb-11e4-b79d-bcadfb6b06d1" WsdlOperationName="DELETE__worksheets__key___visibility___protection_"><ns9:NextHopOperation InterfaceName="{https://spreadsheets.google.com/feeds}Google_Sheets_API_PortType" OperationKey="28661e80-c146-11e4-a8c1-9fc598e31387" OperationLastUpdatedAt="2015-03-06T06:09:49.313Z" OperationName="DELETE /worksheets/{key}/{visibility}/{protection}" ServiceKey="uddi:c0e2bfef-9f90-11e4-bd8a-eaa1e8f31cf2" ServiceName="Google_Sheets_API" WsdlOperationName="DELETE__worksheets__key___visibility___protection_"/></ns9:LogicalOperation><ns9:LogicalOperation InterfaceName="{https://spreadsheets.google.com/feeds}Google_Sheets_API_PortType" ManagementState="Enabled" NextHopOperationKey="uddi:c0e2bfef-9f90-11e4-bd8a-eaa1e8f31cf2$$${https://spreadsheets.google.com/feeds}Google_Sheets_API_PortType$$$GET__cells__key___worksheetId___visibility___protection_" NextHopOperationName="GET /cells/{key}/{worksheetId}/{visibility}/{protection}" NextHopServiceKey="uddi:c0e2bfef-9f90-11e4-bd8a-eaa1e8f31cf2" NextHopServiceName="Google_Sheets_API" NumOfVirtualizedOperations="1" OperationKey="46ca72c2-c2fb-11e4-b79d-bcadfb6b06d1" OperationLastUpdatedAt="2015-03-06T06:09:31.657Z" OperationName="GET /cells/{key}/{worksheetId}/{visibility}/{protection}" PolicyAvailable="true" ServiceKey="uddi:46a696f8-c2fb-11e4-b79d-bcadfb6b06d1" WsdlOperationName="GET__cells__key___worksheetId___visibility___protection_"><ns9:NextHopOperation InterfaceName="{https://spreadsheets.google.com/feeds}Google_Sheets_API_PortType" OperationKey="286952d9-c146-11e4-a8c1-9fc598e31387" OperationLastUpdatedAt="2015-03-06T06:09:49.313Z" OperationName="GET /cells/{key}/{worksheetId}/{visibility}/{protection}" ServiceKey="uddi:c0e2bfef-9f90-11e4-bd8a-eaa1e8f31cf2" ServiceName="Google_Sheets_API" WsdlOperationName="GET__cells__key___worksheetId___visibility___protection_"/></ns9:LogicalOperation><ns9:LogicalOperation InterfaceName="{https://spreadsheets.google.com/feeds}Google_Sheets_API_PortType" ManagementState="Enabled" NextHopOperationKey="uddi:c0e2bfef-9f90-11e4-bd8a-eaa1e8f31cf2$$${https://spreadsheets.google.com/feeds}Google_Sheets_API_PortType$$$GET__list__key___worksheetId___visibility___protection_" NextHopOperationName="GET /list/{key}/{worksheetId}/{visibility}/{protection}" NextHopServiceKey="uddi:c0e2bfef-9f90-11e4-bd8a-eaa1e8f31cf2" NextHopServiceName="Google_Sheets_API" NumOfVirtualizedOperations="0" OperationKey="46c73e68-c2fb-11e4-b79d-bcadfb6b06d1" OperationLastUpdatedAt="2015-03-06T06:09:31.657Z" OperationName="GET /list/{key}/{worksheetId}/{visibility}/{protection}" PolicyAvailable="true" ServiceKey="uddi:46a696f8-c2fb-11e4-b79d-bcadfb6b06d1" WsdlOperationName="GET__list__key___worksheetId___visibility___protection_"><ns9:NextHopOperation InterfaceName="{https://spreadsheets.google.com/feeds}Google_Sheets_API_PortType" OperationKey="2866bac1-c146-11e4-a8c1-9fc598e31387" OperationLastUpdatedAt="2015-03-06T06:09:49.313Z" OperationName="GET /list/{key}/{worksheetId}/{visibility}/{protection}" ServiceKey="uddi:c0e2bfef-9f90-11e4-bd8a-eaa1e8f31cf2" ServiceName="Google_Sheets_API" WsdlOperationName="GET__list__key___worksheetId___visibility___protection_"/></ns9:LogicalOperation><ns9:LogicalOperation InterfaceName="{https://spreadsheets.google.com/feeds}Google_Sheets_API_PortType" ManagementState="Enabled" NextHopOperationKey="uddi:c0e2bfef-9f90-11e4-bd8a-eaa1e8f31cf2$$${https://spreadsheets.google.com/feeds}Google_Sheets_API_PortType$$$GET__spreadsheets__visibility___protection_" NextHopOperationName="GET /spreadsheets/{visibility}/{protection}" NextHopServiceKey="uddi:c0e2bfef-9f90-11e4-bd8a-eaa1e8f31cf2" NextHopServiceName="Google_Sheets_API" NumOfVirtualizedOperations="0" OperationKey="46c36dcc-c2fb-11e4-b79d-bcadfb6b06d1" OperationLastUpdatedAt="2015-03-06T06:09:31.657Z" OperationName="GET /spreadsheets/{visibility}/{protection}" PolicyAvailable="true" ServiceKey="uddi:46a696f8-c2fb-11e4-b79d-bcadfb6b06d1" WsdlOperationName="GET__spreadsheets__visibility___protection_"><ns9:NextHopOperation InterfaceName="{https://spreadsheets.google.com/feeds}Google_Sheets_API_PortType" OperationKey="28631136-c146-11e4-a8c1-9fc598e31387" OperationLastUpdatedAt="2015-03-06T06:09:49.313Z" OperationName="GET /spreadsheets/{visibility}/{protection}" ServiceKey="uddi:c0e2bfef-9f90-11e4-bd8a-eaa1e8f31cf2" ServiceName="Google_Sheets_API" WsdlOperationName="GET__spreadsheets__visibility___protection_"/></ns9:LogicalOperation><ns9:LogicalOperation InterfaceName="{https://spreadsheets.google.com/feeds}Google_Sheets_API_PortType" ManagementState="Enabled" NextHopOperationKey="uddi:c0e2bfef-9f90-11e4-bd8a-eaa1e8f31cf2$$${https://spreadsheets.google.com/feeds}Google_Sheets_API_PortType$$$GET__worksheets__key___visibility___protection_" NextHopOperationName="GET /worksheets/{key}/{visibility}/{protection}" NextHopServiceKey="uddi:c0e2bfef-9f90-11e4-bd8a-eaa1e8f31cf2" NextHopServiceName="Google_Sheets_API" NumOfVirtualizedOperations="1" OperationKey="46c4582e-c2fb-11e4-b79d-bcadfb6b06d1" OperationLastUpdatedAt="2015-03-06T06:09:31.657Z" OperationName="GET /worksheets/{key}/{visibility}/{protection}" PolicyAvailable="true" ServiceKey="uddi:46a696f8-c2fb-11e4-b79d-bcadfb6b06d1" WsdlOperationName="GET__worksheets__key___visibility___protection_"><ns9:NextHopOperation InterfaceName="{https://spreadsheets.google.com/feeds}Google_Sheets_API_PortType" OperationKey="286422a8-c146-11e4-a8c1-9fc598e31387" OperationLastUpdatedAt="2015-03-06T06:09:49.313Z" OperationName="GET /worksheets/{key}/{visibility}/{protection}" ServiceKey="uddi:c0e2bfef-9f90-11e4-bd8a-eaa1e8f31cf2" ServiceName="Google_Sheets_API" WsdlOperationName="GET__worksheets__key___visibility___protection_"/></ns9:LogicalOperation><ns9:LogicalOperation InterfaceName="{https://spreadsheets.google.com/feeds}Google_Sheets_API_PortType" ManagementState="Enabled" NextHopOperationKey="uddi:c0e2bfef-9f90-11e4-bd8a-eaa1e8f31cf2$$${https://spreadsheets.google.com/feeds}Google_Sheets_API_PortType$$$POST__cells__key___worksheetId___visibility___protection___cell__batch" NextHopOperationName="POST /cells/{key}/{worksheetId}/{visibility}/{protection}/{cell}/batch" NextHopServiceKey="uddi:c0e2bfef-9f90-11e4-bd8a-eaa1e8f31cf2" NextHopServiceName="Google_Sheets_API" NumOfVirtualizedOperations="0" OperationKey="46cbd257-c2fb-11e4-b79d-bcadfb6b06d1" OperationLastUpdatedAt="2015-03-06T06:09:31.657Z" OperationName="POST /cells/{key}/{worksheetId}/{visibility}/{protection}/{cell}/batch" PolicyAvailable="true" ServiceKey="uddi:46a696f8-c2fb-11e4-b79d-bcadfb6b06d1" WsdlOperationName="POST__cells__key___worksheetId___visibility___protection___cell__batch"><ns9:NextHopOperation InterfaceName="{https://spreadsheets.google.com/feeds}Google_Sheets_API_PortType" OperationKey="1fec7eeb-c2fb-11e4-b79d-bcadfb6b06d1" OperationLastUpdatedAt="2015-03-06T06:09:49.313Z" OperationName="POST /cells/{key}/{worksheetId}/{visibility}/{protection}/{cell}/batch" ServiceKey="uddi:c0e2bfef-9f90-11e4-bd8a-eaa1e8f31cf2" ServiceName="Google_Sheets_API" WsdlOperationName="POST__cells__key___worksheetId___visibility___protection___cell__batch"/></ns9:LogicalOperation><ns9:LogicalOperation InterfaceName="{https://spreadsheets.google.com/feeds}Google_Sheets_API_PortType" ManagementState="Enabled" NextHopOperationKey="uddi:c0e2bfef-9f90-11e4-bd8a-eaa1e8f31cf2$$${https://spreadsheets.google.com/feeds}Google_Sheets_API_PortType$$$POST__list__key___worksheetId___visibility___protection_" NextHopOperationName="POST /list/{key}/{worksheetId}/{visibility}/{protection}" NextHopServiceKey="uddi:c0e2bfef-9f90-11e4-bd8a-eaa1e8f31cf2" NextHopServiceName="Google_Sheets_API" NumOfVirtualizedOperations="0" OperationKey="46c801ba-c2fb-11e4-b79d-bcadfb6b06d1" OperationLastUpdatedAt="2015-03-06T06:09:31.657Z" OperationName="POST /list/{key}/{worksheetId}/{visibility}/{protection}" PolicyAvailable="true" ServiceKey="uddi:46a696f8-c2fb-11e4-b79d-bcadfb6b06d1" WsdlOperationName="POST__list__key___worksheetId___visibility___protection_"><ns9:NextHopOperation InterfaceName="{https://spreadsheets.google.com/feeds}Google_Sheets_API_PortType" OperationKey="28677e13-c146-11e4-a8c1-9fc598e31387" OperationLastUpdatedAt="2015-03-06T06:09:49.313Z" OperationName="POST /list/{key}/{worksheetId}/{visibility}/{protection}" ServiceKey="uddi:c0e2bfef-9f90-11e4-bd8a-eaa1e8f31cf2" ServiceName="Google_Sheets_API" WsdlOperationName="POST__list__key___worksheetId___visibility___protection_"/></ns9:LogicalOperation><ns9:LogicalOperation InterfaceName="{https://spreadsheets.google.com/feeds}Google_Sheets_API_PortType" ManagementState="Enabled" NextHopOperationKey="uddi:c0e2bfef-9f90-11e4-bd8a-eaa1e8f31cf2$$${https://spreadsheets.google.com/feeds}Google_Sheets_API_PortType$$$POST__worksheets__key___visibility___protection_" NextHopOperationName="POST /worksheets/{key}/{visibility}/{protection}" NextHopServiceKey="uddi:c0e2bfef-9f90-11e4-bd8a-eaa1e8f31cf2" NextHopServiceName="Google_Sheets_API" NumOfVirtualizedOperations="0" OperationKey="46c51b80-c2fb-11e4-b79d-bcadfb6b06d1" OperationLastUpdatedAt="2015-03-06T06:09:31.657Z" OperationName="POST /worksheets/{key}/{visibility}/{protection}" PolicyAvailable="true" ServiceKey="uddi:46a696f8-c2fb-11e4-b79d-bcadfb6b06d1" WsdlOperationName="POST__worksheets__key___visibility___protection_"><ns9:NextHopOperation InterfaceName="{https://spreadsheets.google.com/feeds}Google_Sheets_API_PortType" OperationKey="2864beea-c146-11e4-a8c1-9fc598e31387" OperationLastUpdatedAt="2015-03-06T06:09:49.313Z" OperationName="POST /worksheets/{key}/{visibility}/{protection}" ServiceKey="uddi:c0e2bfef-9f90-11e4-bd8a-eaa1e8f31cf2" ServiceName="Google_Sheets_API" WsdlOperationName="POST__worksheets__key___visibility___protection_"/></ns9:LogicalOperation><ns9:LogicalOperation InterfaceName="{https://spreadsheets.google.com/feeds}Google_Sheets_API_PortType" ManagementState="Enabled" NextHopOperationKey="uddi:c0e2bfef-9f90-11e4-bd8a-eaa1e8f31cf2$$${https://spreadsheets.google.com/feeds}Google_Sheets_API_PortType$$$PUT__cells__key___worksheetId___visibility___protection___cell_" NextHopOperationName="PUT /cells/{key}/{worksheetId}/{visibility}/{protection}/{cell}" NextHopServiceKey="uddi:c0e2bfef-9f90-11e4-bd8a-eaa1e8f31cf2" NextHopServiceName="Google_Sheets_API" NumOfVirtualizedOperations="0" OperationKey="46cb0f04-c2fb-11e4-b79d-bcadfb6b06d1" OperationLastUpdatedAt="2015-03-06T06:09:31.657Z" OperationName="PUT /cells/{key}/{worksheetId}/{visibility}/{protection}/{cell}" PolicyAvailable="true" ServiceKey="uddi:46a696f8-c2fb-11e4-b79d-bcadfb6b06d1" WsdlOperationName="PUT__cells__key___worksheetId___visibility___protection___cell_"><ns9:NextHopOperation InterfaceName="{https://spreadsheets.google.com/feeds}Google_Sheets_API_PortType" OperationKey="1feaaa28-c2fb-11e4-b79d-bcadfb6b06d1" OperationLastUpdatedAt="2015-03-06T06:09:49.313Z" OperationName="PUT /cells/{key}/{worksheetId}/{visibility}/{protection}/{cell}" ServiceKey="uddi:c0e2bfef-9f90-11e4-bd8a-eaa1e8f31cf2" ServiceName="Google_Sheets_API" WsdlOperationName="PUT__cells__key___worksheetId___visibility___protection___cell_"/></ns9:LogicalOperation><ns9:LogicalOperation InterfaceName="{https://spreadsheets.google.com/feeds}Google_Sheets_API_PortType" ManagementState="Enabled" NextHopOperationKey="uddi:c0e2bfef-9f90-11e4-bd8a-eaa1e8f31cf2$$${https://spreadsheets.google.com/feeds}Google_Sheets_API_PortType$$$PUT__list__key___worksheetId___visibility___protection_" NextHopOperationName="PUT /list/{key}/{worksheetId}/{visibility}/{protection}" NextHopServiceKey="uddi:c0e2bfef-9f90-11e4-bd8a-eaa1e8f31cf2" NextHopServiceName="Google_Sheets_API" NumOfVirtualizedOperations="0" OperationKey="46c8c50d-c2fb-11e4-b79d-bcadfb6b06d1" OperationLastUpdatedAt="2015-03-06T06:09:31.657Z" OperationName="PUT /list/{key}/{worksheetId}/{visibility}/{protection}" PolicyAvailable="true" ServiceKey="uddi:46a696f8-c2fb-11e4-b79d-bcadfb6b06d1" WsdlOperationName="PUT__list__key___worksheetId___visibility___protection_"><ns9:NextHopOperation InterfaceName="{https://spreadsheets.google.com/feeds}Google_Sheets_API_PortType" OperationKey="28681a55-c146-11e4-a8c1-9fc598e31387" OperationLastUpdatedAt="2015-03-06T06:09:49.313Z" OperationName="PUT /list/{key}/{worksheetId}/{visibility}/{protection}" ServiceKey="uddi:c0e2bfef-9f90-11e4-bd8a-eaa1e8f31cf2" ServiceName="Google_Sheets_API" WsdlOperationName="PUT__list__key___worksheetId___visibility___protection_"/></ns9:LogicalOperation><ns9:LogicalOperation InterfaceName="{https://spreadsheets.google.com/feeds}Google_Sheets_API_PortType" ManagementState="Enabled" NextHopOperationKey="uddi:c0e2bfef-9f90-11e4-bd8a-eaa1e8f31cf2$$${https://spreadsheets.google.com/feeds}Google_Sheets_API_PortType$$$PUT__worksheets__key___visibility___protection_" NextHopOperationName="PUT /worksheets/{key}/{visibility}/{protection}" NextHopServiceKey="uddi:c0e2bfef-9f90-11e4-bd8a-eaa1e8f31cf2" NextHopServiceName="Google_Sheets_API" NumOfVirtualizedOperations="0" OperationKey="46c5b7c3-c2fb-11e4-b79d-bcadfb6b06d1" OperationLastUpdatedAt="2015-03-06T06:09:31.657Z" OperationName="PUT /worksheets/{key}/{visibility}/{protection}" PolicyAvailable="true" ServiceKey="uddi:46a696f8-c2fb-11e4-b79d-bcadfb6b06d1" WsdlOperationName="PUT__worksheets__key___visibility___protection_"><ns9:NextHopOperation InterfaceName="{https://spreadsheets.google.com/feeds}Google_Sheets_API_PortType" OperationKey="2865823d-c146-11e4-a8c1-9fc598e31387" OperationLastUpdatedAt="2015-03-06T06:09:49.313Z" OperationName="PUT /worksheets/{key}/{visibility}/{protection}" ServiceKey="uddi:c0e2bfef-9f90-11e4-bd8a-eaa1e8f31cf2" ServiceName="Google_Sheets_API" WsdlOperationName="PUT__worksheets__key___visibility___protection_"/></ns9:LogicalOperation></ns9:Operations></ns9:VirtualService><ns4:businessService businessKey="uddi:603d313b-c3b4-11e4-b79d-bcadfb6b06d1" serviceKey="uddi:46a696f8-c2fb-11e4-b79d-bcadfb6b06d1"><ns4:name>Google_Sheets_API_vs0</ns4:name><ns4:bindingTemplates><ns4:bindingTemplate bindingKey="uddi:474ac672-c2fb-11e4-b79d-bcadfb6b06d1" serviceKey="uddi:46a696f8-c2fb-11e4-b79d-bcadfb6b06d1"><ns4:accessPoint useType="endPoint">http://win7-64-vm:80/sheets_hook</ns4:accessPoint><ns4:tModelInstanceDetails><ns4:tModelInstanceInfo tModelKey="uddi:ac5d5cda-dba3-2d2e-6713-eae3735fc87c"><ns4:description>The wsdl:binding that this wsdl:port implements. The instanceParms specifies the port local name.</ns4:description><ns4:instanceDetails><ns4:instanceParms>HTTP</ns4:instanceParms></ns4:instanceDetails></ns4:tModelInstanceInfo><ns4:tModelInstanceInfo tModelKey="uddi:bb558a13-b96e-badc-0100-166708e01454"><ns4:description>The wsdl:portType that this wsdl:port implements.</ns4:description></ns4:tModelInstanceInfo></ns4:tModelInstanceDetails><ns4:categoryBag><ns4:keyedReference keyName="WSDL type" keyValue="port" tModelKey="uddi:uddi.org:wsdl:types"/><ns4:keyedReferenceGroup tModelKey="uddi:soa.com:serviceendpoint:group"><ns4:keyedReference keyName="containerKey" keyValue="ND-Cluster" tModelKey="uddi:soa.com:serviceendpoint:containername"/><ns4:keyedReference keyName="listenerName" keyValue="default-http0" tModelKey="uddi:soa.com:serviceendpoint:listenername"/></ns4:keyedReferenceGroup></ns4:categoryBag></ns4:bindingTemplate></ns4:bindingTemplates><ns4:categoryBag><ns4:keyedReference keyName="Virtual Service" keyValue="Virtual Service" tModelKey="uddi:digev.com:categorization:services"/><ns4:keyedReference keyName="Design" keyValue="Design" tModelKey="uddi:soa.com:servicelifecyclestage"/><ns4:keyedReference keyName="WSDL type" keyValue="service" tModelKey="uddi:uddi.org:wsdl:types"/><ns4:keyedReference keyName="service namespace" keyValue="https://spreadsheets.google.com/feeds" tModelKey="uddi:uddi.org:xml:namespace"/><ns4:keyedReference keyName="service local name" keyValue="Google_Sheets_API_vs0" tModelKey="uddi:uddi.org:xml:localname"/><ns4:keyedReference keyName="Managed Service" keyValue="Managed Service" tModelKey="uddi:digev.com:categorization:services"/></ns4:categoryBag></ns4:businessService><ns2:ExportServiceEndpoint><ns12:ServiceEndpoint><ns12:ServiceKey>uddi:46a696f8-c2fb-11e4-b79d-bcadfb6b06d1</ns12:ServiceKey><ns12:Name>uddi:474ac672-c2fb-11e4-b79d-bcadfb6b06d1</ns12:Name><ns12:Url>http://win7-64-vm:80/sheets_hook</ns12:Url><ns12:BindingQName>{https://spreadsheets.google.com/feeds}Google_Sheets_API_Binding</ns12:BindingQName><ns12:PortName>HTTP</ns12:PortName><ns12:Protocol>http</ns12:Protocol><ns12:ContainerKey>ND-Cluster</ns12:ContainerKey><ns12:ListenerName>default-http0</ns12:ListenerName></ns12:ServiceEndpoint><ns2:EndpointWsdlUri>wsdls/uddi_474ac672-c2fb-11e4-b79d-bcadfb6b06d1.wsdl</ns2:EndpointWsdlUri></ns2:ExportServiceEndpoint><ns2:BpelUri>services/uddi_46a696f8-c2fb-11e4-b79d-bcadfb6b06d1/bpel.xml</ns2:BpelUri><ns2:ManagementUri>services/uddi_46a696f8-c2fb-11e4-b79d-bcadfb6b06d1/management.xml</ns2:ManagementUri></ns2:ExportService></ns2:ExportObjectConfiguration><ns2:ExportObjectConfiguration><ns8:ContractKey><ns8:Key>f5ea2805-c3c3-11e4-aaa1-f96d9bf69285</ns8:Key></ns8:ContractKey><ns2:ExportContract><ns15:Contract><ns15:ContractInfo Anonymous="true" Key="f5ea2805-c3c3-11e4-aaa1-f96d9bf69285:1161" Name="Anonymous" State="Activated"><ns15:Description></ns15:Description><ns15:ProviderOrganizationKey>uddi:603d313b-c3b4-11e4-b79d-bcadfb6b06d1</ns15:ProviderOrganizationKey><ns8:EffectiveDateTimes><ns8:StartDateTime><ns8:DateTime>2015-03-06T16:44:00+11:00</ns8:DateTime><ns8:TimezoneName>Australia/Sydney</ns8:TimezoneName></ns8:StartDateTime><ns8:EndDateTime><ns8:DateTime>2016-03-05T16:44:00+11:00</ns8:DateTime><ns8:TimezoneName>Australia/Sydney</ns8:TimezoneName></ns8:EndDateTime><ns8:Expire>false</ns8:Expire></ns8:EffectiveDateTimes><ns15:ContractVersionInfo><ns15:LastModifiedTimestamp>2015-03-06+11:00</ns15:LastModifiedTimestamp><ns15:User>Local Domain\administrator</ns15:User><ns15:MetadataVersion>1</ns15:MetadataVersion><ns15:ActiveMetadataVersion>1</ns15:ActiveMetadataVersion></ns15:ContractVersionInfo><ns15:ContractType>service.contract</ns15:ContractType></ns15:ContractInfo><ns15:ContractScope><ns8:OrganizationKey>uddi:603d313b-c3b4-11e4-b79d-bcadfb6b06d1</ns8:OrganizationKey></ns15:ContractScope></ns15:Contract></ns2:ExportContract></ns2:ExportObjectConfiguration><ns2:ExportObjectConfiguration><ns8:PolicyKey><ns8:Key>urn:uuid:c69f19d9-c3b5-11e4-b79d-bcadfb6b06d1</ns8:Key></ns8:PolicyKey><ns2:ExportPolicy><ns3:Policy PolicyName="GetAuthToken"><ns3:PolicyKey>urn:uuid:c69f19d9-c3b5-11e4-b79d-bcadfb6b06d1</ns3:PolicyKey><ns3:OrganizationKey>uddi:603d313b-c3b4-11e4-b79d-bcadfb6b06d1</ns3:OrganizationKey><ns3:PolicyType>Operational Policy</ns3:PolicyType><ns3:PolicySubType>pso.openapi.xopscript.policy</ns3:PolicySubType><ns3:Description></ns3:Description><ns3:ReadOnly>false</ns3:ReadOnly><ns3:LocalPolicy>false</ns3:LocalPolicy><ns3:LastUpdatedTime>2015-03-06T05:47:50.310Z</ns3:LastUpdatedTime><ns3:PolicyConfigurationAsString><ns3:Contents>&lt;![CDATA[&lt;?xml version="1.0" encoding="UTF-8"?&gt;
&lt;wsp:Policy visibility="public" xmlns:wsp="http://schemas.xmlsoap.org/ws/2004/09/policy"&gt;&lt;ns2:XScriptedPolicy xmlns:ns2="http://soa.com/pso/openapi/policy/opscripts/1.0/"&gt;&lt;ns2:Script&gt;auditLog.debug("Getting Google Token");	

//must be a global variable to post handler status
success = true;

if (messageContext.getParameterType() == 0) {
	var msg = messageContext.getMessage();
	var token = "";
	//set auth 
	var headers = msg.createTransportHeaders();
	
	if (token == ""){
		//try {
			token = authGoogleToken(200);
		/*}
		catch (e) {
			systemLog.error(String(e));
			auditLog.error("Error Getting OAuth Token: "+String(e));
			processContext.setVariable("ErrorMessage",String(e));
			auditLog.debug("ErrorMessage is :"+processContext.getVariable("ErrorMessage"));
			token = "false";
		}*/
	};
	
	if (token != "false") {
		auditLog.debug("Token is: "+ token.replace("\"", ''));
		headers.add("Authorization", "Bearer " + token.replace("\"", ''));
		auditLog.debug("Finished getting Google Token");
	}else {
		auditLog.debug("Finished getting Google Token with an error");
		success = false;
	}
}
/*return*/success;&lt;/ns2:Script&gt;&lt;ns2:ScriptEngine&gt;js&lt;/ns2:ScriptEngine&gt;&lt;ns2:Provider&gt;false&lt;/ns2:Provider&gt;&lt;ns2:Consumer&gt;true&lt;/ns2:Consumer&gt;&lt;ns2:Imports&gt;&lt;ns2:ScriptKey&gt;script:1d53e92c-c3b6-11e4-b79d-bcadfb6b06d1&lt;/ns2:ScriptKey&gt;&lt;ns2:ScriptKey&gt;script:1d53e92c-c3b6-11e4-b79d-bcadfb6b06d1&lt;/ns2:ScriptKey&gt;&lt;/ns2:Imports&gt;&lt;/ns2:XScriptedPolicy&gt;&lt;/wsp:Policy&gt;]]&gt;</ns3:Contents></ns3:PolicyConfigurationAsString></ns3:Policy></ns2:ExportPolicy></ns2:ExportObjectConfiguration><ns2:ExportObjectConfiguration><ns8:PolicyKey><ns8:Key>urn:uuid:e8726546-c3b7-11e4-b3fe-e060b1cf820a</ns8:Key></ns8:PolicyKey><ns2:ExportPolicy><ns3:Policy PolicyName="Insert JWT into Downstream request"><ns3:PolicyKey>urn:uuid:e8726546-c3b7-11e4-b3fe-e060b1cf820a</ns3:PolicyKey><ns3:OrganizationKey>uddi:603d313b-c3b4-11e4-b79d-bcadfb6b06d1</ns3:OrganizationKey><ns3:PolicyType>Operational Policy</ns3:PolicyType><ns3:PolicySubType>policy.xml</ns3:PolicySubType><ns3:Description></ns3:Description><ns3:ReadOnly>false</ns3:ReadOnly><ns3:LocalPolicy>false</ns3:LocalPolicy><ns3:LastUpdatedTime>2015-03-06T04:18:57.423Z</ns3:LastUpdatedTime><ns3:PolicyConfigurationAsString><ns3:Contents>&lt;![CDATA[&lt;?xml version="1.0" encoding="UTF-8"?&gt;
&lt;wsp:Policy visibility="public" xmlns:tns="http://com.soa.pso/policy/" xmlns:wsp="http://schemas.xmlsoap.org/ws/2004/09/policy"&gt;
    &lt;tns:JWTToken&gt;
    	&lt;tns:fileLocation&gt;c://API Project-d6e02d5ef2f2.p12&lt;/tns:fileLocation&gt;
    	&lt;tns:serviceAccountEmail&gt;464838240704-gjrgniev78n29hg24l5fjol42o8uspqv@developer.gserviceaccount.com&lt;/tns:serviceAccountEmail&gt;
     &lt;tns:userAccountEmail&gt;paulpog@japarasolutions.com&lt;/tns:userAccountEmail&gt;
    &lt;/tns:JWTToken&gt;
&lt;/wsp:Policy&gt;]]&gt;</ns3:Contents></ns3:PolicyConfigurationAsString></ns3:Policy></ns2:ExportPolicy></ns2:ExportObjectConfiguration><ns2:ExportObjectConfiguration><ns8:IdentityKey><ns8:Key>Local Domain\acLXIELtJgq9HpXj2RKLVg==</ns8:Key><ns8:DomainName>Local Domain</ns8:DomainName><ns8:UserName>acLXIELtJgq9HpXj2RKLVg==</ns8:UserName></ns8:IdentityKey><ns2:ExportUserIdentity><User DomainName="Local Domain" UserName="acLXIELtJgq9HpXj2RKLVg=="><FullName>Service: uddi:ed9f2490-b56d-11e4-86ce-86c450a25418</FullName><IdentityKey>urn:uuid:8174f0ff-b585-11e4-86ce-86c450a25418</IdentityKey><Password>O3PXFSe+ASpitMkCaaP6zLWFnD/E00+SbV0BWJ+U4Bx/Fq1md/CxlrTjLei39osgxBCkxsC7nShijFEITNtoYQ==</Password><Disabled>false</Disabled><ForcePwdResetOnNextLogin>false</ForcePwdResetOnNextLogin><Expired>false</Expired><ReadOnly>true</ReadOnly><PasswordFrmSeed>0</PasswordFrmSeed><OrganizationKey>uddi:soa.com:registryorganization</OrganizationKey><PasswordSalt>FG+mMe022+JJwltupRlK5sePo35g4ImCPUsU8Y+Qokf3kaCHaeFmNy1vSPaThYHbyxsecBDIRV2PztpwRHbI/g==</PasswordSalt></User><ns2:PKIGenerated>true</ns2:PKIGenerated></ns2:ExportUserIdentity></ns2:ExportObjectConfiguration><ns2:ExportObjectConfiguration><ns8:IdentityKey><ns8:Key>Local Domain\lfHZW291CQuTJ+p97tILYw==</ns8:Key><ns8:DomainName>Local Domain</ns8:DomainName><ns8:UserName>lfHZW291CQuTJ+p97tILYw==</ns8:UserName></ns8:IdentityKey><ns2:ExportUserIdentity><User DomainName="Local Domain" UserName="lfHZW291CQuTJ+p97tILYw=="><FullName>Service: uddi:46a696f8-c2fb-11e4-b79d-bcadfb6b06d1</FullName><IdentityKey>urn:uuid:46a844a9-c2fb-11e4-b79d-bcadfb6b06d1</IdentityKey><Password>cVEmSB8ZuxS0jgqUbe/4m5G/EvRg8K3JZJlYgQBW1H+4Cb7gy3g9rlo6AtgtBnexYQv+BuOw4xgBowTV3V8GFw==</Password><Disabled>false</Disabled><ForcePwdResetOnNextLogin>false</ForcePwdResetOnNextLogin><Expired>false</Expired><ReadOnly>true</ReadOnly><PasswordFrmSeed>0</PasswordFrmSeed><OrganizationKey>uddi:soa.com:registryorganization</OrganizationKey><PasswordSalt>OBkxbIN2UWBxzRIGnx3usbKcW7oW/6sGI7h+g58RevABHLUmCTT2DB5gEldFSBTxoEkhM8Es403zaaSejp71lA==</PasswordSalt></User><ns2:PKIGenerated>true</ns2:PKIGenerated></ns2:ExportUserIdentity></ns2:ExportObjectConfiguration><ns2:ExportObjectConfiguration><ns8:IdentityKey><ns8:Key>Local Domain\cYUf5fVctXpbnNuu1Fx64Q==</ns8:Key><ns8:DomainName>Local Domain</ns8:DomainName><ns8:UserName>cYUf5fVctXpbnNuu1Fx64Q==</ns8:UserName></ns8:IdentityKey><ns2:ExportUserIdentity><User DomainName="Local Domain" UserName="cYUf5fVctXpbnNuu1Fx64Q=="><FullName>Service: uddi:c0e2bfef-9f90-11e4-bd8a-eaa1e8f31cf2</FullName><IdentityKey>urn:uuid:81a501b5-b585-11e4-86ce-86c450a25418</IdentityKey><Password>AT4GjLWZljfDCzZpXkHE6nDK9GgSkJlH6NVuojC/WV4JD6Mr/md7Jp5YOhn3SmarrOVLsKtSQTSYZrlanA15Sg==</Password><Disabled>false</Disabled><ForcePwdResetOnNextLogin>false</ForcePwdResetOnNextLogin><Expired>false</Expired><ReadOnly>true</ReadOnly><PasswordFrmSeed>0</PasswordFrmSeed><OrganizationKey>uddi:soa.com:registryorganization</OrganizationKey><PasswordSalt>ZB8ZmCfrkeT0e670Mj+trll77MJJWNXzAMOf/bbDFO6Ha57e1vceHix+nJBAuhnrHzn6aSOOr4oV5pCoRO1Kng==</PasswordSalt></User><ns2:PKIGenerated>true</ns2:PKIGenerated></ns2:ExportUserIdentity></ns2:ExportObjectConfiguration></ns2:ExportConfiguration>