<?xml version="1.0" encoding="UTF-8"?>
<DepedendencyGraph version="1.1"><Nodes><Node type="urn:com:soa:ObjectKey"><ObjectKey class="com.soa.service.operation.model.OperationKey">2864beea-c146-11e4-a8c1-9fc598e31387</ObjectKey></Node><Node type="urn:com:soa:ObjectKey"><ObjectKey class="com.soa.svccontainer.ContainerKey">ND-Cluster</ObjectKey><property class="java.lang.String" name="_NAME_" type="urn:com:soa:SimpleProperty">ND-Cluster</property></Node><Node type="urn:com:soa:ObjectKey"><ObjectKey class="com.soa.organization.model.OrganizationKey">uddi:603d313b-c3b4-11e4-b79d-bcadfb6b06d1</ObjectKey><property class="java.lang.String" name="_NAME_" type="urn:com:soa:SimpleProperty">Google Sheets API Hook</property></Node><Node type="urn:com:soa:ObjectKey"><ObjectKey class="com.soa.service.operation.model.BindingOperationQualifiedKey">{https://spreadsheets.google.com/feeds}Google_Sheets_API$$${https://spreadsheets.google.com/feeds}Google_Sheets_API_Binding$$$GET__list__key___worksheetId___visibility___protection_</ObjectKey></Node><Node type="urn:com:soa:ObjectKey"><ObjectKey class="com.soa.bpel.BpelKey">bpel:47144d1c-c2fb-11e4-b79d-bcadfb6b06d1</ObjectKey></Node><Node type="urn:com:soa:ObjectKey"><ObjectKey class="com.soa.scripts.ScriptKey">script:1d53e92c-c3b6-11e4-b79d-bcadfb6b06d1</ObjectKey><property class="java.lang.String" name="_NAME_" type="urn:com:soa:SimpleProperty">GetGoogleAuthToken</property></Node><Node type="urn:com:soa:ObjectKey"><ObjectKey class="com.soa.service.operation.model.OperationKey">46c67b16-c2fb-11e4-b79d-bcadfb6b06d1</ObjectKey></Node><Node type="urn:com:soa:ObjectKey"><ObjectKey class="com.soa.service.operation.model.OperationKey">46cbd257-c2fb-11e4-b79d-bcadfb6b06d1</ObjectKey></Node><Node type="urn:com:soa:ObjectKey"><ObjectKey class="com.soa.service.operation.model.OperationKey">2868b698-c146-11e4-a8c1-9fc598e31387</ObjectKey></Node><Node type="urn:com:soa:ObjectKey"><ObjectKey class="com.soa.service.operation.model.OperationKey">28631136-c146-11e4-a8c1-9fc598e31387</ObjectKey></Node><Node type="urn:com:soa:ObjectKey"><ObjectKey class="com.soa.service.operation.model.BindingOperationQualifiedKey">{https://spreadsheets.google.com/feeds}Google_Sheets_API_vs0$$${https://spreadsheets.google.com/feeds}Google_Sheets_API_Binding$$$DELETE__worksheets__key___visibility___protection_</ObjectKey></Node><Node type="urn:com:soa:ObjectKey"><ObjectKey class="com.soa.service.operation.model.OperationKey">46ca72c2-c2fb-11e4-b79d-bcadfb6b06d1</ObjectKey></Node><Node type="urn:com:soa:ObjectKey"><ObjectKey class="com.soa.service.endpoint.EndpointKey">uddi:edee07e7-b56d-11e4-86ce-86c450a25418</ObjectKey></Node><Node type="urn:com:soa:ObjectKey"><ObjectKey class="com.soa.service.operation.model.OperationKey">1feaaa28-c2fb-11e4-b79d-bcadfb6b06d1</ObjectKey></Node><Node type="urn:com:soa:ObjectKey"><ObjectKey class="com.soa.service.operation.model.OperationKey">2865823d-c146-11e4-a8c1-9fc598e31387</ObjectKey></Node><Node type="urn:com:soa:ObjectKey"><ObjectKey class="com.soa.bpel.BpelKey">bpel:46ee4e86-c2fb-11e4-b79d-bcadfb6b06d1</ObjectKey></Node><Node type="urn:com:soa:ObjectKey"><ObjectKey class="com.soa.bpel.BpelKey">bpel:47083f2a-c2fb-11e4-b79d-bcadfb6b06d1</ObjectKey></Node><Node type="urn:com:soa:ObjectKey"><ObjectKey class="com.soa.service.operation.model.BindingOperationQualifiedKey">{https://spreadsheets.google.com/feeds}Google_Sheets_API_vs0$$${https://spreadsheets.google.com/feeds}Google_Sheets_API_Binding$$$PUT__worksheets__key___visibility___protection_</ObjectKey></Node><Node type="urn:com:soa:ObjectKey"><ObjectKey class="com.soa.service.operation.model.BindingOperationQualifiedKey">{https://spreadsheets.google.com/feeds}Google_Sheets_API_vs0$$${https://spreadsheets.google.com/feeds}Google_Sheets_API_Binding$$$POST__cells__key___worksheetId___visibility___protection___cell__batch</ObjectKey></Node><Node type="urn:com:soa:ObjectKey"><ObjectKey class="com.soa.security.util.QualifiedUserName">Local Domain\acLXIELtJgq9HpXj2RKLVg==</ObjectKey></Node><Node type="urn:com:soa:ObjectKey"><ObjectKey class="com.soa.service.operation.model.BindingOperationQualifiedKey">{https://spreadsheets.google.com/feeds}Google_Sheets_API$$${https://spreadsheets.google.com/feeds}Google_Sheets_API_Binding$$$POST__cells__key___worksheetId___visibility___protection___cell__batch</ObjectKey></Node><Node type="urn:com:soa:ObjectKey"><ObjectKey class="com.soa.bpel.BpelKey">bpel:470de47b-c2fb-11e4-b79d-bcadfb6b06d1</ObjectKey></Node><Node type="urn:com:soa:ObjectKey"><ObjectKey class="com.soa.service.operation.model.BindingOperationQualifiedKey">{https://spreadsheets.google.com/feeds}Google_Sheets_API_vs0$$${https://spreadsheets.google.com/feeds}Google_Sheets_API_Binding$$$PUT__list__key___worksheetId___visibility___protection_</ObjectKey></Node><Node type="urn:com:soa:ObjectKey"><ObjectKey class="com.soa.policy.config.model.PolicyKey">urn:uuid:c69f19d9-c3b5-11e4-b79d-bcadfb6b06d1</ObjectKey><property class="java.lang.String" name="_NAME_" type="urn:com:soa:SimpleProperty">GetAuthToken</property></Node><Node type="urn:com:soa:ObjectKey"><ObjectKey class="com.soa.service.operation.model.OperationKey">46c96150-c2fb-11e4-b79d-bcadfb6b06d1</ObjectKey></Node><Node type="urn:com:soa:ObjectKey"><ObjectKey class="com.soa.bpel.BpelKey">bpel:471a8ead-c2fb-11e4-b79d-bcadfb6b06d1</ObjectKey></Node><Node type="urn:com:soa:ObjectKey"><ObjectKey class="com.soa.service.operation.model.BindingOperationQualifiedKey">{https://spreadsheets.google.com/feeds}Google_Sheets_API$$${https://spreadsheets.google.com/feeds}Google_Sheets_API_Binding$$$GET__spreadsheets__visibility___protection_</ObjectKey></Node><Node type="urn:com:soa:ObjectKey"><ObjectKey class="com.soa.service.operation.model.BindingOperationQualifiedKey">{https://spreadsheets.google.com/feeds}Google_Sheets_API$$${https://spreadsheets.google.com/feeds}Google_Sheets_API_Binding$$$DELETE__worksheets__key___visibility___protection_</ObjectKey></Node><Node type="urn:com:soa:ObjectKey"><ObjectKey class="com.soa.service.operation.model.OperationKey">286422a8-c146-11e4-a8c1-9fc598e31387</ObjectKey></Node><Node type="urn:com:soa:ObjectKey"><ObjectKey class="com.soa.policy.config.model.PolicyKey">DetailedAuditing</ObjectKey><property class="java.lang.String" name="_NAME_" type="urn:com:soa:SimpleProperty">DetailedAuditing</property></Node><Node type="urn:com:soa:ObjectKey"><ObjectKey class="com.soa.service.operation.model.OperationKey">2866bac1-c146-11e4-a8c1-9fc598e31387</ObjectKey></Node><Node type="urn:com:soa:ObjectKey"><ObjectKey class="com.soa.service.operation.model.OperationKey">46c36dcc-c2fb-11e4-b79d-bcadfb6b06d1</ObjectKey></Node><Node type="urn:com:soa:ObjectKey"><ObjectKey class="com.soa.service.operation.model.OperationKey">286952d9-c146-11e4-a8c1-9fc598e31387</ObjectKey></Node><Node type="urn:com:soa:ObjectKey"><ObjectKey class="com.soa.scripts.ScriptKey">script:1abddfbb-c22f-11e4-a8c1-9fc598e31387</ObjectKey><property class="java.lang.String" name="_NAME_" type="urn:com:soa:SimpleProperty">sheets-Common</property></Node><Node type="urn:com:soa:ObjectKey"><ObjectKey class="com.soa.service.operation.model.OperationKey">81959862-b585-11e4-86ce-86c450a25418</ObjectKey></Node><Node type="urn:com:soa:ObjectKey"><ObjectKey class="com.soa.service.operation.model.BindingOperationQualifiedKey">{https://spreadsheets.google.com/feeds}Google_Sheets_API$$${https://spreadsheets.google.com/feeds}Google_Sheets_API_Binding$$$GET__cells__key___worksheetId___visibility___protection_</ObjectKey></Node><Node type="urn:com:soa:ObjectKey"><ObjectKey class="com.soa.bpel.BpelKey">bpel:472b3080-c2fb-11e4-b79d-bcadfb6b06d1</ObjectKey></Node><Node type="urn:com:soa:ObjectKey"><ObjectKey class="com.soa.service.operation.model.BindingOperationQualifiedKey">{https://spreadsheets.google.com/feeds}Google_Sheets_API$$${https://spreadsheets.google.com/feeds}Google_Sheets_API_Binding$$$PUT__cells__key___worksheetId___visibility___protection___cell_</ObjectKey></Node><Node type="urn:com:soa:ObjectKey"><ObjectKey class="com.soa.service.operation.model.BindingOperationQualifiedKey">{https://spreadsheets.google.com/feeds}Google_Sheets_API_vs0$$${https://spreadsheets.google.com/feeds}Google_Sheets_API_Binding$$$GET__list__key___worksheetId___visibility___protection_</ObjectKey></Node><Node type="urn:com:soa:ObjectKey"><ObjectKey class="com.soa.policy.config.model.PolicyKey">urn:uuid:e8726546-c3b7-11e4-b3fe-e060b1cf820a</ObjectKey><property class="java.lang.String" name="_NAME_" type="urn:com:soa:SimpleProperty">Insert JWT into Downstream request</property></Node><Node type="urn:com:soa:ObjectKey"><ObjectKey class="com.soa.service.operation.model.OperationKey">46c801ba-c2fb-11e4-b79d-bcadfb6b06d1</ObjectKey></Node><Node type="urn:com:soa:ObjectKey"><ObjectKey class="com.soa.service.operation.model.OperationKey">46c5b7c3-c2fb-11e4-b79d-bcadfb6b06d1</ObjectKey></Node><Node type="urn:com:soa:ObjectKey"><ObjectKey class="com.soa.security.util.QualifiedUserName">Local Domain\lfHZW291CQuTJ+p97tILYw==</ObjectKey></Node><Node type="urn:com:soa:ObjectKey"><ObjectKey class="com.soa.service.model.ServiceKey">uddi:ed9f2490-b56d-11e4-86ce-86c450a25418</ObjectKey><property class="java.lang.String" name="_NAME_" type="urn:com:soa:SimpleProperty">Google_Auth_API</property></Node><Node type="urn:com:soa:ObjectKey"><ObjectKey class="com.soa.contracts.ContractKey">f5ea2805-c3c3-11e4-aaa1-f96d9bf69285:1161</ObjectKey><property class="java.lang.String" name="_NAME_" type="urn:com:soa:SimpleProperty">Anonymous</property></Node><Node type="urn:com:soa:ObjectKey"><ObjectKey class="com.soa.service.operation.model.OperationKey">28677e13-c146-11e4-a8c1-9fc598e31387</ObjectKey></Node><Node type="urn:com:soa:ObjectKey"><ObjectKey class="com.soa.wsdl.model.impl.WsdlInterfaceImpl">uddi:bb558a13-b96e-badc-0100-166708e01454</ObjectKey><property class="java.lang.String" name="_NAME_" type="urn:com:soa:SimpleProperty">{https://spreadsheets.google.com/feeds}Google_Sheets_API_PortType</property></Node><Node type="urn:com:soa:ObjectKey"><ObjectKey class="com.soa.service.operation.model.BindingOperationQualifiedKey">{https://spreadsheets.google.com/feeds}Google_Sheets_API$$${https://spreadsheets.google.com/feeds}Google_Sheets_API_Binding$$$PUT__list__key___worksheetId___visibility___protection_</ObjectKey></Node><Node type="urn:com:soa:ObjectKey"><ObjectKey class="com.soa.service.operation.model.BindingOperationQualifiedKey">{https://spreadsheets.google.com/feeds}Google_Sheets_API$$${https://spreadsheets.google.com/feeds}Google_Sheets_API_Binding$$$PUT__worksheets__key___visibility___protection_</ObjectKey></Node><Node type="urn:com:soa:ObjectKey"><ObjectKey class="com.soa.bpel.BpelKey">bpel:46fb6de8-c2fb-11e4-b79d-bcadfb6b06d1</ObjectKey></Node><Node type="urn:com:soa:ObjectKey"><ObjectKey class="com.soa.service.operation.model.OperationKey">1fec7eeb-c2fb-11e4-b79d-bcadfb6b06d1</ObjectKey></Node><Node type="urn:com:soa:ObjectKey"><ObjectKey class="com.soa.service.model.ServiceKey">uddi:c0e2bfef-9f90-11e4-bd8a-eaa1e8f31cf2</ObjectKey><property class="java.lang.String" name="_NAME_" type="urn:com:soa:SimpleProperty">Google_Sheets_API</property></Node><Node type="urn:com:soa:ObjectKey"><ObjectKey class="com.soa.service.operation.model.BindingOperationQualifiedKey">{https://spreadsheets.google.com/feeds}Google_Sheets_API$$${https://spreadsheets.google.com/feeds}Google_Sheets_API_Binding$$$POST__list__key___worksheetId___visibility___protection_</ObjectKey></Node><Node type="urn:com:soa:ObjectKey"><ObjectKey class="com.soa.service.endpoint.EndpointKey">uddi:29418a7d-c146-11e4-a8c1-9fc598e31387</ObjectKey></Node><Node type="urn:com:soa:ObjectKey"><ObjectKey class="com.soa.bpel.BpelKey">bpel:46f5c897-c2fb-11e4-b79d-bcadfb6b06d1</ObjectKey></Node><Node type="urn:com:soa:ObjectKey"><ObjectKey class="com.soa.wsdl.model.impl.WsdlBindingImpl">uddi:ac5d5cda-dba3-2d2e-6713-eae3735fc87c</ObjectKey><property class="java.lang.String" name="_NAME_" type="urn:com:soa:SimpleProperty">{https://spreadsheets.google.com/feeds}Google_Sheets_API_Binding</property></Node><Node type="urn:com:soa:ObjectKey"><ObjectKey class="com.soa.service.operation.model.BindingOperationQualifiedKey">{https://spreadsheets.google.com/feeds}Google_Sheets_API_vs0$$${https://spreadsheets.google.com/feeds}Google_Sheets_API_Binding$$$GET__worksheets__key___visibility___protection_</ObjectKey></Node><Node type="urn:com:soa:ObjectKey"><ObjectKey class="com.soa.wsdl.model.impl.WsdlBindingImpl">uddi:4eba56b4-9ecf-2095-ee70-490162d8a4e7</ObjectKey><property class="java.lang.String" name="_NAME_" type="urn:com:soa:SimpleProperty">{https://www.googleapis.com/oauth2/v3}Google_Auth_API</property></Node><Node type="urn:com:soa:ObjectKey"><ObjectKey class="com.soa.wsdl.model.impl.WsdlInterfaceImpl">uddi:781b74bf-471c-1c42-8acf-0f2326c2f806</ObjectKey><property class="java.lang.String" name="_NAME_" type="urn:com:soa:SimpleProperty">{https://www.googleapis.com/oauth2/v3}Google_Auth_API</property></Node><Node type="urn:com:soa:ObjectKey"><ObjectKey class="com.soa.bpel.BpelKey">bpel:47314b01-c2fb-11e4-b79d-bcadfb6b06d1</ObjectKey></Node><Node type="urn:com:soa:ObjectKey"><ObjectKey class="com.soa.bpel.BpelKey">bpel:47018869-c2fb-11e4-b79d-bcadfb6b06d1</ObjectKey></Node><Node type="urn:com:soa:ObjectKey"><ObjectKey class="com.soa.service.operation.model.BindingOperationQualifiedKey">{https://spreadsheets.google.com/feeds}Google_Sheets_API$$${https://spreadsheets.google.com/feeds}Google_Sheets_API_Binding$$$POST__worksheets__key___visibility___protection_</ObjectKey></Node><Node type="urn:com:soa:ObjectKey"><ObjectKey class="com.soa.service.operation.model.BindingOperationQualifiedKey">{https://spreadsheets.google.com/feeds}Google_Sheets_API_vs0$$${https://spreadsheets.google.com/feeds}Google_Sheets_API_Binding$$$POST__list__key___worksheetId___visibility___protection_</ObjectKey></Node><Node type="urn:com:soa:ObjectKey"><ObjectKey class="com.soa.bpel.BpelKey">bpel:4725b23f-c2fb-11e4-b79d-bcadfb6b06d1</ObjectKey></Node><Node type="urn:com:soa:ObjectKey"><ObjectKey class="com.soa.service.operation.model.OperationKey">46c51b80-c2fb-11e4-b79d-bcadfb6b06d1</ObjectKey></Node><Node type="urn:com:soa:ObjectKey"><ObjectKey class="com.soa.service.operation.model.BindingOperationQualifiedKey">{https://spreadsheets.google.com/feeds}Google_Sheets_API_vs0$$${https://spreadsheets.google.com/feeds}Google_Sheets_API_Binding$$$GET__cells__key___worksheetId___visibility___protection_</ObjectKey></Node><Node type="urn:com:soa:ObjectKey"><ObjectKey class="com.soa.service.endpoint.EndpointKey">uddi:474ac672-c2fb-11e4-b79d-bcadfb6b06d1</ObjectKey></Node><Node type="urn:com:soa:ObjectKey"><ObjectKey class="com.soa.service.operation.model.OperationKey">46c4582e-c2fb-11e4-b79d-bcadfb6b06d1</ObjectKey></Node><Node type="urn:com:soa:ObjectKey"><ObjectKey class="com.soa.service.operation.model.BindingOperationQualifiedKey">{https://spreadsheets.google.com/feeds}Google_Sheets_API$$${https://spreadsheets.google.com/feeds}Google_Sheets_API_Binding$$$DELETE__list__key___worksheetId___visibility___protection_</ObjectKey></Node><Node type="urn:com:soa:ObjectKey"><ObjectKey class="com.soa.service.operation.model.BindingOperationQualifiedKey">{https://spreadsheets.google.com/feeds}Google_Sheets_API_vs0$$${https://spreadsheets.google.com/feeds}Google_Sheets_API_Binding$$$PUT__cells__key___worksheetId___visibility___protection___cell_</ObjectKey></Node><Node type="urn:com:soa:ObjectKey"><ObjectKey class="com.soa.bpel.BpelKey">bpel:472033fe-c2fb-11e4-b79d-bcadfb6b06d1</ObjectKey></Node><Node type="urn:com:soa:ObjectKey"><ObjectKey class="com.soa.service.operation.model.OperationKey">46c8c50d-c2fb-11e4-b79d-bcadfb6b06d1</ObjectKey></Node><Node type="urn:com:soa:ObjectKey"><ObjectKey class="com.soa.service.operation.model.BindingOperationQualifiedKey">{https://spreadsheets.google.com/feeds}Google_Sheets_API$$${https://spreadsheets.google.com/feeds}Google_Sheets_API_Binding$$$GET__worksheets__key___visibility___protection_</ObjectKey></Node><Node type="urn:com:soa:ObjectKey"><ObjectKey class="com.soa.service.model.ServiceKey">uddi:46a696f8-c2fb-11e4-b79d-bcadfb6b06d1</ObjectKey><property class="java.lang.String" name="_NAME_" type="urn:com:soa:SimpleProperty">Google_Sheets_API_vs0</property></Node><Node type="urn:com:soa:ObjectKey"><ObjectKey class="com.soa.service.operation.model.OperationKey">46cb0f04-c2fb-11e4-b79d-bcadfb6b06d1</ObjectKey></Node><Node type="urn:com:soa:ObjectKey"><ObjectKey class="com.soa.service.operation.model.OperationKey">46c73e68-c2fb-11e4-b79d-bcadfb6b06d1</ObjectKey></Node><Node type="urn:com:soa:ObjectKey"><ObjectKey class="com.soa.service.operation.model.BindingOperationQualifiedKey">{https://spreadsheets.google.com/feeds}Google_Sheets_API_vs0$$${https://spreadsheets.google.com/feeds}Google_Sheets_API_Binding$$$POST__worksheets__key___visibility___protection_</ObjectKey></Node><Node type="urn:com:soa:ObjectKey"><ObjectKey class="com.soa.service.operation.model.BindingOperationQualifiedKey">{https://spreadsheets.google.com/feeds}Google_Sheets_API_vs0$$${https://spreadsheets.google.com/feeds}Google_Sheets_API_Binding$$$GET__spreadsheets__visibility___protection_</ObjectKey></Node><Node type="urn:com:soa:ObjectKey"><ObjectKey class="com.soa.service.operation.model.OperationKey">28681a55-c146-11e4-a8c1-9fc598e31387</ObjectKey></Node><Node type="urn:com:soa:ObjectKey"><ObjectKey class="com.soa.service.operation.model.BindingOperationQualifiedKey">{https://spreadsheets.google.com/feeds}Google_Sheets_API_vs0$$${https://spreadsheets.google.com/feeds}Google_Sheets_API_Binding$$$DELETE__list__key___worksheetId___visibility___protection_</ObjectKey></Node><Node type="urn:com:soa:ObjectKey"><ObjectKey class="com.soa.service.operation.model.OperationKey">28661e80-c146-11e4-a8c1-9fc598e31387</ObjectKey></Node><Node type="urn:com:soa:ObjectKey"><ObjectKey class="com.soa.security.util.QualifiedUserName">Local Domain\cYUf5fVctXpbnNuu1Fx64Q==</ObjectKey></Node><Node type="urn:com:soa:ObjectKey"><ObjectKey class="com.soa.service.operation.model.BindingOperationQualifiedKey">{https://www.googleapis.com/oauth2/sheets/hook/v3}Google_Auth_API$$${https://www.googleapis.com/oauth2/v3}Google_Auth_API$$$POST__token</ObjectKey></Node></Nodes><Links><Link type="service->bndoperation:child"><From><Node type="urn:com:soa:ObjectKey"><ObjectKey class="com.soa.service.model.ServiceKey">uddi:c0e2bfef-9f90-11e4-bd8a-eaa1e8f31cf2</ObjectKey></Node></From><To><Node type="urn:com:soa:ObjectKey"><ObjectKey class="com.soa.service.operation.model.BindingOperationQualifiedKey">{https://spreadsheets.google.com/feeds}Google_Sheets_API$$${https://spreadsheets.google.com/feeds}Google_Sheets_API_Binding$$$GET__worksheets__key___visibility___protection_</ObjectKey></Node></To></Link><Link type="operation->service:parent"><From><Node type="urn:com:soa:ObjectKey"><ObjectKey class="com.soa.service.operation.model.OperationKey">46c8c50d-c2fb-11e4-b79d-bcadfb6b06d1</ObjectKey></Node></From><To><Node type="urn:com:soa:ObjectKey"><ObjectKey class="com.soa.service.model.ServiceKey">uddi:46a696f8-c2fb-11e4-b79d-bcadfb6b06d1</ObjectKey></Node></To></Link><Link type="operation->service:parent"><From><Node type="urn:com:soa:ObjectKey"><ObjectKey class="com.soa.service.operation.model.OperationKey">46c51b80-c2fb-11e4-b79d-bcadfb6b06d1</ObjectKey></Node></From><To><Node type="urn:com:soa:ObjectKey"><ObjectKey class="com.soa.service.model.ServiceKey">uddi:46a696f8-c2fb-11e4-b79d-bcadfb6b06d1</ObjectKey></Node></To></Link><Link type="service->interface:ImplementedBy"><From><Node type="urn:com:soa:ObjectKey"><ObjectKey class="com.soa.service.model.ServiceKey">uddi:46a696f8-c2fb-11e4-b79d-bcadfb6b06d1</ObjectKey></Node></From><To><Node type="urn:com:soa:ObjectKey"><ObjectKey class="com.soa.wsdl.model.impl.WsdlInterfaceImpl">uddi:bb558a13-b96e-badc-0100-166708e01454</ObjectKey></Node></To></Link><Link type="service->operation:child"><From><Node type="urn:com:soa:ObjectKey"><ObjectKey class="com.soa.service.model.ServiceKey">uddi:ed9f2490-b56d-11e4-86ce-86c450a25418</ObjectKey></Node></From><To><Node type="urn:com:soa:ObjectKey"><ObjectKey class="com.soa.service.operation.model.OperationKey">81959862-b585-11e4-86ce-86c450a25418</ObjectKey></Node></To></Link><Link type="operational_policy->org:parent"><From><Node type="urn:com:soa:ObjectKey"><ObjectKey class="com.soa.policy.config.model.PolicyKey">urn:uuid:c69f19d9-c3b5-11e4-b79d-bcadfb6b06d1</ObjectKey></Node></From><To><Node type="urn:com:soa:ObjectKey"><ObjectKey class="com.soa.organization.model.OrganizationKey">uddi:603d313b-c3b4-11e4-b79d-bcadfb6b06d1</ObjectKey></Node></To></Link><Link type="binding->service:implements"><From><Node type="urn:com:soa:ObjectKey"><ObjectKey class="com.soa.wsdl.model.impl.WsdlBindingImpl">uddi:ac5d5cda-dba3-2d2e-6713-eae3735fc87c</ObjectKey></Node></From><To><Node type="urn:com:soa:ObjectKey"><ObjectKey class="com.soa.service.model.ServiceKey">uddi:c0e2bfef-9f90-11e4-bd8a-eaa1e8f31cf2</ObjectKey></Node></To></Link><Link type="organization->script:ReferedBy"><From><Node type="urn:com:soa:ObjectKey"><ObjectKey class="com.soa.organization.model.OrganizationKey">uddi:603d313b-c3b4-11e4-b79d-bcadfb6b06d1</ObjectKey></Node></From><To><Node type="urn:com:soa:ObjectKey"><ObjectKey class="com.soa.scripts.ScriptKey">script:1abddfbb-c22f-11e4-a8c1-9fc598e31387</ObjectKey></Node></To></Link><Link type="operation->service:parent"><From><Node type="urn:com:soa:ObjectKey"><ObjectKey class="com.soa.service.operation.model.OperationKey">28677e13-c146-11e4-a8c1-9fc598e31387</ObjectKey></Node></From><To><Node type="urn:com:soa:ObjectKey"><ObjectKey class="com.soa.service.model.ServiceKey">uddi:c0e2bfef-9f90-11e4-bd8a-eaa1e8f31cf2</ObjectKey></Node></To></Link><Link type="bndoperation->service:parent"><From><Node type="urn:com:soa:ObjectKey"><ObjectKey class="com.soa.service.operation.model.BindingOperationQualifiedKey">{https://spreadsheets.google.com/feeds}Google_Sheets_API$$${https://spreadsheets.google.com/feeds}Google_Sheets_API_Binding$$$GET__worksheets__key___visibility___protection_</ObjectKey></Node></From><To><Node type="urn:com:soa:ObjectKey"><ObjectKey class="com.soa.service.model.ServiceKey">uddi:c0e2bfef-9f90-11e4-bd8a-eaa1e8f31cf2</ObjectKey></Node></To></Link><Link type="service->binding:ImplementedBy"><From><Node type="urn:com:soa:ObjectKey"><ObjectKey class="com.soa.service.model.ServiceKey">uddi:46a696f8-c2fb-11e4-b79d-bcadfb6b06d1</ObjectKey></Node></From><To><Node type="urn:com:soa:ObjectKey"><ObjectKey class="com.soa.wsdl.model.impl.WsdlBindingImpl">uddi:ac5d5cda-dba3-2d2e-6713-eae3735fc87c</ObjectKey></Node></To></Link><Link type="operation->service:parent"><From><Node type="urn:com:soa:ObjectKey"><ObjectKey class="com.soa.service.operation.model.OperationKey">1fec7eeb-c2fb-11e4-b79d-bcadfb6b06d1</ObjectKey></Node></From><To><Node type="urn:com:soa:ObjectKey"><ObjectKey class="com.soa.service.model.ServiceKey">uddi:c0e2bfef-9f90-11e4-bd8a-eaa1e8f31cf2</ObjectKey></Node></To></Link><Link type="service->operation:child"><From><Node type="urn:com:soa:ObjectKey"><ObjectKey class="com.soa.service.model.ServiceKey">uddi:c0e2bfef-9f90-11e4-bd8a-eaa1e8f31cf2</ObjectKey></Node></From><To><Node type="urn:com:soa:ObjectKey"><ObjectKey class="com.soa.service.operation.model.OperationKey">28631136-c146-11e4-a8c1-9fc598e31387</ObjectKey></Node></To></Link><Link type="operationalpolicy->service:refer"><From><Node type="urn:com:soa:ObjectKey"><ObjectKey class="com.soa.policy.config.model.PolicyKey">urn:uuid:c69f19d9-c3b5-11e4-b79d-bcadfb6b06d1</ObjectKey></Node></From><To><Node type="urn:com:soa:ObjectKey"><ObjectKey class="com.soa.service.model.ServiceKey">uddi:c0e2bfef-9f90-11e4-bd8a-eaa1e8f31cf2</ObjectKey></Node></To></Link><Link type="service->bndoperation:child"><From><Node type="urn:com:soa:ObjectKey"><ObjectKey class="com.soa.service.model.ServiceKey">uddi:c0e2bfef-9f90-11e4-bd8a-eaa1e8f31cf2</ObjectKey></Node></From><To><Node type="urn:com:soa:ObjectKey"><ObjectKey class="com.soa.service.operation.model.BindingOperationQualifiedKey">{https://spreadsheets.google.com/feeds}Google_Sheets_API$$${https://spreadsheets.google.com/feeds}Google_Sheets_API_Binding$$$PUT__list__key___worksheetId___visibility___protection_</ObjectKey></Node></To></Link><Link type="service->binding:ImplementedBy"><From><Node type="urn:com:soa:ObjectKey"><ObjectKey class="com.soa.service.model.ServiceKey">uddi:ed9f2490-b56d-11e4-86ce-86c450a25418</ObjectKey></Node></From><To><Node type="urn:com:soa:ObjectKey"><ObjectKey class="com.soa.wsdl.model.impl.WsdlBindingImpl">uddi:4eba56b4-9ecf-2095-ee70-490162d8a4e7</ObjectKey></Node></To></Link><Link type="service->endpoint:child"><From><Node type="urn:com:soa:ObjectKey"><ObjectKey class="com.soa.service.model.ServiceKey">uddi:46a696f8-c2fb-11e4-b79d-bcadfb6b06d1</ObjectKey></Node></From><To><Node type="urn:com:soa:ObjectKey"><ObjectKey class="com.soa.service.endpoint.EndpointKey">uddi:474ac672-c2fb-11e4-b79d-bcadfb6b06d1</ObjectKey></Node></To></Link><Link type="service->interface:ImplementedBy"><From><Node type="urn:com:soa:ObjectKey"><ObjectKey class="com.soa.service.model.ServiceKey">uddi:ed9f2490-b56d-11e4-86ce-86c450a25418</ObjectKey></Node></From><To><Node type="urn:com:soa:ObjectKey"><ObjectKey class="com.soa.wsdl.model.impl.WsdlInterfaceImpl">uddi:781b74bf-471c-1c42-8acf-0f2326c2f806</ObjectKey></Node></To></Link><Link type="interface->binding:implements"><From><Node type="urn:com:soa:ObjectKey"><ObjectKey class="com.soa.wsdl.model.impl.WsdlInterfaceImpl">uddi:781b74bf-471c-1c42-8acf-0f2326c2f806</ObjectKey></Node></From><To><Node type="urn:com:soa:ObjectKey"><ObjectKey class="com.soa.wsdl.model.impl.WsdlBindingImpl">uddi:4eba56b4-9ecf-2095-ee70-490162d8a4e7</ObjectKey></Node></To></Link><Link type="service->operation:child"><From><Node type="urn:com:soa:ObjectKey"><ObjectKey class="com.soa.service.model.ServiceKey">uddi:46a696f8-c2fb-11e4-b79d-bcadfb6b06d1</ObjectKey></Node></From><To><Node type="urn:com:soa:ObjectKey"><ObjectKey class="com.soa.service.operation.model.OperationKey">46c96150-c2fb-11e4-b79d-bcadfb6b06d1</ObjectKey></Node></To></Link><Link type="service->bndoperation:child"><From><Node type="urn:com:soa:ObjectKey"><ObjectKey class="com.soa.service.model.ServiceKey">uddi:46a696f8-c2fb-11e4-b79d-bcadfb6b06d1</ObjectKey></Node></From><To><Node type="urn:com:soa:ObjectKey"><ObjectKey class="com.soa.service.operation.model.BindingOperationQualifiedKey">{https://spreadsheets.google.com/feeds}Google_Sheets_API_vs0$$${https://spreadsheets.google.com/feeds}Google_Sheets_API_Binding$$$POST__worksheets__key___visibility___protection_</ObjectKey></Node></To></Link><Link type="service->org:parent"><From><Node type="urn:com:soa:ObjectKey"><ObjectKey class="com.soa.service.model.ServiceKey">uddi:c0e2bfef-9f90-11e4-bd8a-eaa1e8f31cf2</ObjectKey></Node></From><To><Node type="urn:com:soa:ObjectKey"><ObjectKey class="com.soa.organization.model.OrganizationKey">uddi:603d313b-c3b4-11e4-b79d-bcadfb6b06d1</ObjectKey></Node></To></Link><Link type="operation->service:parent"><From><Node type="urn:com:soa:ObjectKey"><ObjectKey class="com.soa.service.operation.model.OperationKey">28661e80-c146-11e4-a8c1-9fc598e31387</ObjectKey></Node></From><To><Node type="urn:com:soa:ObjectKey"><ObjectKey class="com.soa.service.model.ServiceKey">uddi:c0e2bfef-9f90-11e4-bd8a-eaa1e8f31cf2</ObjectKey></Node></To></Link><Link type="operation->service:parent"><From><Node type="urn:com:soa:ObjectKey"><ObjectKey class="com.soa.service.operation.model.OperationKey">46c801ba-c2fb-11e4-b79d-bcadfb6b06d1</ObjectKey></Node></From><To><Node type="urn:com:soa:ObjectKey"><ObjectKey class="com.soa.service.model.ServiceKey">uddi:46a696f8-c2fb-11e4-b79d-bcadfb6b06d1</ObjectKey></Node></To></Link><Link type="service->bndoperation:child"><From><Node type="urn:com:soa:ObjectKey"><ObjectKey class="com.soa.service.model.ServiceKey">uddi:46a696f8-c2fb-11e4-b79d-bcadfb6b06d1</ObjectKey></Node></From><To><Node type="urn:com:soa:ObjectKey"><ObjectKey class="com.soa.service.operation.model.BindingOperationQualifiedKey">{https://spreadsheets.google.com/feeds}Google_Sheets_API_vs0$$${https://spreadsheets.google.com/feeds}Google_Sheets_API_Binding$$$DELETE__list__key___worksheetId___visibility___protection_</ObjectKey></Node></To></Link><Link type="service->endpoint:child"><From><Node type="urn:com:soa:ObjectKey"><ObjectKey class="com.soa.service.model.ServiceKey">uddi:c0e2bfef-9f90-11e4-bd8a-eaa1e8f31cf2</ObjectKey></Node></From><To><Node type="urn:com:soa:ObjectKey"><ObjectKey class="com.soa.service.endpoint.EndpointKey">uddi:29418a7d-c146-11e4-a8c1-9fc598e31387</ObjectKey></Node></To></Link><Link type="organization->script:ReferedBy"><From><Node type="urn:com:soa:ObjectKey"><ObjectKey class="com.soa.organization.model.OrganizationKey">uddi:603d313b-c3b4-11e4-b79d-bcadfb6b06d1</ObjectKey></Node></From><To><Node type="urn:com:soa:ObjectKey"><ObjectKey class="com.soa.scripts.ScriptKey">script:1d53e92c-c3b6-11e4-b79d-bcadfb6b06d1</ObjectKey></Node></To></Link><Link type="service->operation:child"><From><Node type="urn:com:soa:ObjectKey"><ObjectKey class="com.soa.service.model.ServiceKey">uddi:c0e2bfef-9f90-11e4-bd8a-eaa1e8f31cf2</ObjectKey></Node></From><To><Node type="urn:com:soa:ObjectKey"><ObjectKey class="com.soa.service.operation.model.OperationKey">2864beea-c146-11e4-a8c1-9fc598e31387</ObjectKey></Node></To></Link><Link type="bndoperation->service:parent"><From><Node type="urn:com:soa:ObjectKey"><ObjectKey class="com.soa.service.operation.model.BindingOperationQualifiedKey">{https://spreadsheets.google.com/feeds}Google_Sheets_API_vs0$$${https://spreadsheets.google.com/feeds}Google_Sheets_API_Binding$$$DELETE__list__key___worksheetId___visibility___protection_</ObjectKey></Node></From><To><Node type="urn:com:soa:ObjectKey"><ObjectKey class="com.soa.service.model.ServiceKey">uddi:46a696f8-c2fb-11e4-b79d-bcadfb6b06d1</ObjectKey></Node></To></Link><Link type="interface->binding:implements"><From><Node type="urn:com:soa:ObjectKey"><ObjectKey class="com.soa.wsdl.model.impl.WsdlInterfaceImpl">uddi:bb558a13-b96e-badc-0100-166708e01454</ObjectKey></Node></From><To><Node type="urn:com:soa:ObjectKey"><ObjectKey class="com.soa.wsdl.model.impl.WsdlBindingImpl">uddi:ac5d5cda-dba3-2d2e-6713-eae3735fc87c</ObjectKey></Node></To></Link><Link type="bndoperation->service:parent"><From><Node type="urn:com:soa:ObjectKey"><ObjectKey class="com.soa.service.operation.model.BindingOperationQualifiedKey">{https://spreadsheets.google.com/feeds}Google_Sheets_API_vs0$$${https://spreadsheets.google.com/feeds}Google_Sheets_API_Binding$$$POST__worksheets__key___visibility___protection_</ObjectKey></Node></From><To><Node type="urn:com:soa:ObjectKey"><ObjectKey class="com.soa.service.model.ServiceKey">uddi:46a696f8-c2fb-11e4-b79d-bcadfb6b06d1</ObjectKey></Node></To></Link><Link type="service->operationalpolicy:ReferedBy"><From><Node type="urn:com:soa:ObjectKey"><ObjectKey class="com.soa.service.model.ServiceKey">uddi:ed9f2490-b56d-11e4-86ce-86c450a25418</ObjectKey></Node></From><To><Node type="urn:com:soa:ObjectKey"><ObjectKey class="com.soa.policy.config.model.PolicyKey">urn:uuid:e8726546-c3b7-11e4-b3fe-e060b1cf820a</ObjectKey></Node></To></Link><Link type="bndoperation->service:parent"><From><Node type="urn:com:soa:ObjectKey"><ObjectKey class="com.soa.service.operation.model.BindingOperationQualifiedKey">{https://spreadsheets.google.com/feeds}Google_Sheets_API$$${https://spreadsheets.google.com/feeds}Google_Sheets_API_Binding$$$PUT__list__key___worksheetId___visibility___protection_</ObjectKey></Node></From><To><Node type="urn:com:soa:ObjectKey"><ObjectKey class="com.soa.service.model.ServiceKey">uddi:c0e2bfef-9f90-11e4-bd8a-eaa1e8f31cf2</ObjectKey></Node></To></Link><Link type="org->contract:refer"><From><Node type="urn:com:soa:ObjectKey"><ObjectKey class="com.soa.organization.model.OrganizationKey">uddi:603d313b-c3b4-11e4-b79d-bcadfb6b06d1</ObjectKey></Node></From><To><Node type="urn:com:soa:ObjectKey"><ObjectKey class="com.soa.contracts.ContractKey">f5ea2805-c3c3-11e4-aaa1-f96d9bf69285:1161</ObjectKey></Node></To></Link><Link type="service->identity:refer"><From><Node type="urn:com:soa:ObjectKey"><ObjectKey class="com.soa.service.model.ServiceKey">uddi:ed9f2490-b56d-11e4-86ce-86c450a25418</ObjectKey></Node></From><To><Node type="urn:com:soa:ObjectKey"><ObjectKey class="com.soa.security.util.QualifiedUserName">Local Domain\acLXIELtJgq9HpXj2RKLVg==</ObjectKey></Node></To></Link><Link type="service->operation:child"><From><Node type="urn:com:soa:ObjectKey"><ObjectKey class="com.soa.service.model.ServiceKey">uddi:46a696f8-c2fb-11e4-b79d-bcadfb6b06d1</ObjectKey></Node></From><To><Node type="urn:com:soa:ObjectKey"><ObjectKey class="com.soa.service.operation.model.OperationKey">46c36dcc-c2fb-11e4-b79d-bcadfb6b06d1</ObjectKey></Node></To></Link><Link type="service->bndoperation:child"><From><Node type="urn:com:soa:ObjectKey"><ObjectKey class="com.soa.service.model.ServiceKey">uddi:46a696f8-c2fb-11e4-b79d-bcadfb6b06d1</ObjectKey></Node></From><To><Node type="urn:com:soa:ObjectKey"><ObjectKey class="com.soa.service.operation.model.BindingOperationQualifiedKey">{https://spreadsheets.google.com/feeds}Google_Sheets_API_vs0$$${https://spreadsheets.google.com/feeds}Google_Sheets_API_Binding$$$DELETE__worksheets__key___visibility___protection_</ObjectKey></Node></To></Link><Link type="operation->service:parent"><From><Node type="urn:com:soa:ObjectKey"><ObjectKey class="com.soa.service.operation.model.OperationKey">28631136-c146-11e4-a8c1-9fc598e31387</ObjectKey></Node></From><To><Node type="urn:com:soa:ObjectKey"><ObjectKey class="com.soa.service.model.ServiceKey">uddi:c0e2bfef-9f90-11e4-bd8a-eaa1e8f31cf2</ObjectKey></Node></To></Link><Link type="bpel->virtualop:routedBy"><From><Node type="urn:com:soa:ObjectKey"><ObjectKey class="com.soa.bpel.BpelKey">bpel:47314b01-c2fb-11e4-b79d-bcadfb6b06d1</ObjectKey></Node></From><To><Node type="urn:com:soa:ObjectKey"><ObjectKey class="com.soa.service.operation.model.OperationKey">46cbd257-c2fb-11e4-b79d-bcadfb6b06d1</ObjectKey></Node></To></Link><Link type="service->bndoperation:child"><From><Node type="urn:com:soa:ObjectKey"><ObjectKey class="com.soa.service.model.ServiceKey">uddi:c0e2bfef-9f90-11e4-bd8a-eaa1e8f31cf2</ObjectKey></Node></From><To><Node type="urn:com:soa:ObjectKey"><ObjectKey class="com.soa.service.operation.model.BindingOperationQualifiedKey">{https://spreadsheets.google.com/feeds}Google_Sheets_API$$${https://spreadsheets.google.com/feeds}Google_Sheets_API_Binding$$$DELETE__worksheets__key___visibility___protection_</ObjectKey></Node></To></Link><Link type="virtualop->bpel:route"><From><Node type="urn:com:soa:ObjectKey"><ObjectKey class="com.soa.service.operation.model.OperationKey">46cbd257-c2fb-11e4-b79d-bcadfb6b06d1</ObjectKey></Node></From><To><Node type="urn:com:soa:ObjectKey"><ObjectKey class="com.soa.bpel.BpelKey">bpel:47314b01-c2fb-11e4-b79d-bcadfb6b06d1</ObjectKey></Node></To></Link><Link type="service->bndoperation:child"><From><Node type="urn:com:soa:ObjectKey"><ObjectKey class="com.soa.service.model.ServiceKey">uddi:c0e2bfef-9f90-11e4-bd8a-eaa1e8f31cf2</ObjectKey></Node></From><To><Node type="urn:com:soa:ObjectKey"><ObjectKey class="com.soa.service.operation.model.BindingOperationQualifiedKey">{https://spreadsheets.google.com/feeds}Google_Sheets_API$$${https://spreadsheets.google.com/feeds}Google_Sheets_API_Binding$$$POST__cells__key___worksheetId___visibility___protection___cell__batch</ObjectKey></Node></To></Link><Link type="operation->service:parent"><From><Node type="urn:com:soa:ObjectKey"><ObjectKey class="com.soa.service.operation.model.OperationKey">46c96150-c2fb-11e4-b79d-bcadfb6b06d1</ObjectKey></Node></From><To><Node type="urn:com:soa:ObjectKey"><ObjectKey class="com.soa.service.model.ServiceKey">uddi:46a696f8-c2fb-11e4-b79d-bcadfb6b06d1</ObjectKey></Node></To></Link><Link type="service->operation:child"><From><Node type="urn:com:soa:ObjectKey"><ObjectKey class="com.soa.service.model.ServiceKey">uddi:46a696f8-c2fb-11e4-b79d-bcadfb6b06d1</ObjectKey></Node></From><To><Node type="urn:com:soa:ObjectKey"><ObjectKey class="com.soa.service.operation.model.OperationKey">46c801ba-c2fb-11e4-b79d-bcadfb6b06d1</ObjectKey></Node></To></Link><Link type="bndoperation->service:parent"><From><Node type="urn:com:soa:ObjectKey"><ObjectKey class="com.soa.service.operation.model.BindingOperationQualifiedKey">{https://spreadsheets.google.com/feeds}Google_Sheets_API$$${https://spreadsheets.google.com/feeds}Google_Sheets_API_Binding$$$PUT__cells__key___worksheetId___visibility___protection___cell_</ObjectKey></Node></From><To><Node type="urn:com:soa:ObjectKey"><ObjectKey class="com.soa.service.model.ServiceKey">uddi:c0e2bfef-9f90-11e4-bd8a-eaa1e8f31cf2</ObjectKey></Node></To></Link><Link type="operationalpolicy->service:refer"><From><Node type="urn:com:soa:ObjectKey"><ObjectKey class="com.soa.policy.config.model.PolicyKey">urn:uuid:e8726546-c3b7-11e4-b3fe-e060b1cf820a</ObjectKey></Node></From><To><Node type="urn:com:soa:ObjectKey"><ObjectKey class="com.soa.service.model.ServiceKey">uddi:ed9f2490-b56d-11e4-86ce-86c450a25418</ObjectKey></Node></To></Link><Link type="service->operation:child"><From><Node type="urn:com:soa:ObjectKey"><ObjectKey class="com.soa.service.model.ServiceKey">uddi:c0e2bfef-9f90-11e4-bd8a-eaa1e8f31cf2</ObjectKey></Node></From><To><Node type="urn:com:soa:ObjectKey"><ObjectKey class="com.soa.service.operation.model.OperationKey">28661e80-c146-11e4-a8c1-9fc598e31387</ObjectKey></Node></To></Link><Link type="operation->service:parent"><From><Node type="urn:com:soa:ObjectKey"><ObjectKey class="com.soa.service.operation.model.OperationKey">2864beea-c146-11e4-a8c1-9fc598e31387</ObjectKey></Node></From><To><Node type="urn:com:soa:ObjectKey"><ObjectKey class="com.soa.service.model.ServiceKey">uddi:c0e2bfef-9f90-11e4-bd8a-eaa1e8f31cf2</ObjectKey></Node></To></Link><Link type="service->bndoperation:child"><From><Node type="urn:com:soa:ObjectKey"><ObjectKey class="com.soa.service.model.ServiceKey">uddi:c0e2bfef-9f90-11e4-bd8a-eaa1e8f31cf2</ObjectKey></Node></From><To><Node type="urn:com:soa:ObjectKey"><ObjectKey class="com.soa.service.operation.model.BindingOperationQualifiedKey">{https://spreadsheets.google.com/feeds}Google_Sheets_API$$${https://spreadsheets.google.com/feeds}Google_Sheets_API_Binding$$$PUT__cells__key___worksheetId___visibility___protection___cell_</ObjectKey></Node></To></Link><Link type="bndoperation->service:parent"><From><Node type="urn:com:soa:ObjectKey"><ObjectKey class="com.soa.service.operation.model.BindingOperationQualifiedKey">{https://spreadsheets.google.com/feeds}Google_Sheets_API$$${https://spreadsheets.google.com/feeds}Google_Sheets_API_Binding$$$POST__cells__key___worksheetId___visibility___protection___cell__batch</ObjectKey></Node></From><To><Node type="urn:com:soa:ObjectKey"><ObjectKey class="com.soa.service.model.ServiceKey">uddi:c0e2bfef-9f90-11e4-bd8a-eaa1e8f31cf2</ObjectKey></Node></To></Link><Link type="contract->org:parent"><From><Node type="urn:com:soa:ObjectKey"><ObjectKey class="com.soa.contracts.ContractKey">f5ea2805-c3c3-11e4-aaa1-f96d9bf69285:1161</ObjectKey></Node></From><To><Node type="urn:com:soa:ObjectKey"><ObjectKey class="com.soa.organization.model.OrganizationKey">uddi:603d313b-c3b4-11e4-b79d-bcadfb6b06d1</ObjectKey></Node></To></Link><Link type="org->service:child"><From><Node type="urn:com:soa:ObjectKey"><ObjectKey class="com.soa.organization.model.OrganizationKey">uddi:603d313b-c3b4-11e4-b79d-bcadfb6b06d1</ObjectKey></Node></From><To><Node type="urn:com:soa:ObjectKey"><ObjectKey class="com.soa.service.model.ServiceKey">uddi:ed9f2490-b56d-11e4-86ce-86c450a25418</ObjectKey></Node></To></Link><Link type="bndoperation->service:parent"><From><Node type="urn:com:soa:ObjectKey"><ObjectKey class="com.soa.service.operation.model.BindingOperationQualifiedKey">{https://spreadsheets.google.com/feeds}Google_Sheets_API$$${https://spreadsheets.google.com/feeds}Google_Sheets_API_Binding$$$DELETE__worksheets__key___visibility___protection_</ObjectKey></Node></From><To><Node type="urn:com:soa:ObjectKey"><ObjectKey class="com.soa.service.model.ServiceKey">uddi:c0e2bfef-9f90-11e4-bd8a-eaa1e8f31cf2</ObjectKey></Node></To></Link><Link type="service->operationalpolicy:ReferedBy"><From><Node type="urn:com:soa:ObjectKey"><ObjectKey class="com.soa.service.model.ServiceKey">uddi:c0e2bfef-9f90-11e4-bd8a-eaa1e8f31cf2</ObjectKey></Node></From><To><Node type="urn:com:soa:ObjectKey"><ObjectKey class="com.soa.policy.config.model.PolicyKey">urn:uuid:c69f19d9-c3b5-11e4-b79d-bcadfb6b06d1</ObjectKey></Node></To></Link><Link type="org->contract:child"><From><Node type="urn:com:soa:ObjectKey"><ObjectKey class="com.soa.organization.model.OrganizationKey">uddi:603d313b-c3b4-11e4-b79d-bcadfb6b06d1</ObjectKey></Node></From><To><Node type="urn:com:soa:ObjectKey"><ObjectKey class="com.soa.contracts.ContractKey">f5ea2805-c3c3-11e4-aaa1-f96d9bf69285:1161</ObjectKey></Node></To></Link><Link type="interface->service:implements"><From><Node type="urn:com:soa:ObjectKey"><ObjectKey class="com.soa.wsdl.model.impl.WsdlInterfaceImpl">uddi:bb558a13-b96e-badc-0100-166708e01454</ObjectKey></Node></From><To><Node type="urn:com:soa:ObjectKey"><ObjectKey class="com.soa.service.model.ServiceKey">uddi:c0e2bfef-9f90-11e4-bd8a-eaa1e8f31cf2</ObjectKey></Node></To></Link><Link type="operation->service:parent"><From><Node type="urn:com:soa:ObjectKey"><ObjectKey class="com.soa.service.operation.model.OperationKey">46c36dcc-c2fb-11e4-b79d-bcadfb6b06d1</ObjectKey></Node></From><To><Node type="urn:com:soa:ObjectKey"><ObjectKey class="com.soa.service.model.ServiceKey">uddi:46a696f8-c2fb-11e4-b79d-bcadfb6b06d1</ObjectKey></Node></To></Link><Link type="bndoperation->service:parent"><From><Node type="urn:com:soa:ObjectKey"><ObjectKey class="com.soa.service.operation.model.BindingOperationQualifiedKey">{https://spreadsheets.google.com/feeds}Google_Sheets_API_vs0$$${https://spreadsheets.google.com/feeds}Google_Sheets_API_Binding$$$DELETE__worksheets__key___visibility___protection_</ObjectKey></Node></From><To><Node type="urn:com:soa:ObjectKey"><ObjectKey class="com.soa.service.model.ServiceKey">uddi:46a696f8-c2fb-11e4-b79d-bcadfb6b06d1</ObjectKey></Node></To></Link><Link type="org->service:child"><From><Node type="urn:com:soa:ObjectKey"><ObjectKey class="com.soa.organization.model.OrganizationKey">uddi:603d313b-c3b4-11e4-b79d-bcadfb6b06d1</ObjectKey></Node></From><To><Node type="urn:com:soa:ObjectKey"><ObjectKey class="com.soa.service.model.ServiceKey">uddi:46a696f8-c2fb-11e4-b79d-bcadfb6b06d1</ObjectKey></Node></To></Link><Link type="org->operational_policy:child"><From><Node type="urn:com:soa:ObjectKey"><ObjectKey class="com.soa.organization.model.OrganizationKey">uddi:603d313b-c3b4-11e4-b79d-bcadfb6b06d1</ObjectKey></Node></From><To><Node type="urn:com:soa:ObjectKey"><ObjectKey class="com.soa.policy.config.model.PolicyKey">urn:uuid:e8726546-c3b7-11e4-b3fe-e060b1cf820a</ObjectKey></Node></To></Link><Link type="service->operation:child"><From><Node type="urn:com:soa:ObjectKey"><ObjectKey class="com.soa.service.model.ServiceKey">uddi:46a696f8-c2fb-11e4-b79d-bcadfb6b06d1</ObjectKey></Node></From><To><Node type="urn:com:soa:ObjectKey"><ObjectKey class="com.soa.service.operation.model.OperationKey">46c8c50d-c2fb-11e4-b79d-bcadfb6b06d1</ObjectKey></Node></To></Link><Link type="endpoint->service:parent"><From><Node type="urn:com:soa:ObjectKey"><ObjectKey class="com.soa.service.endpoint.EndpointKey">uddi:474ac672-c2fb-11e4-b79d-bcadfb6b06d1</ObjectKey></Node></From><To><Node type="urn:com:soa:ObjectKey"><ObjectKey class="com.soa.service.model.ServiceKey">uddi:46a696f8-c2fb-11e4-b79d-bcadfb6b06d1</ObjectKey></Node></To></Link><Link type="service->operation:child"><From><Node type="urn:com:soa:ObjectKey"><ObjectKey class="com.soa.service.model.ServiceKey">uddi:46a696f8-c2fb-11e4-b79d-bcadfb6b06d1</ObjectKey></Node></From><To><Node type="urn:com:soa:ObjectKey"><ObjectKey class="com.soa.service.operation.model.OperationKey">46c51b80-c2fb-11e4-b79d-bcadfb6b06d1</ObjectKey></Node></To></Link><Link type="virtualop->bpel:route"><From><Node type="urn:com:soa:ObjectKey"><ObjectKey class="com.soa.service.operation.model.OperationKey">46c36dcc-c2fb-11e4-b79d-bcadfb6b06d1</ObjectKey></Node></From><To><Node type="urn:com:soa:ObjectKey"><ObjectKey class="com.soa.bpel.BpelKey">bpel:46fb6de8-c2fb-11e4-b79d-bcadfb6b06d1</ObjectKey></Node></To></Link><Link type="identity->service:ReferredBy"><From><Node type="urn:com:soa:ObjectKey"><ObjectKey class="com.soa.security.util.QualifiedUserName">Local Domain\lfHZW291CQuTJ+p97tILYw==</ObjectKey></Node></From><To><Node type="urn:com:soa:ObjectKey"><ObjectKey class="com.soa.service.model.ServiceKey">uddi:46a696f8-c2fb-11e4-b79d-bcadfb6b06d1</ObjectKey></Node></To></Link><Link type="bpel->virtualop:routedBy"><From><Node type="urn:com:soa:ObjectKey"><ObjectKey class="com.soa.bpel.BpelKey">bpel:46fb6de8-c2fb-11e4-b79d-bcadfb6b06d1</ObjectKey></Node></From><To><Node type="urn:com:soa:ObjectKey"><ObjectKey class="com.soa.service.operation.model.OperationKey">46c36dcc-c2fb-11e4-b79d-bcadfb6b06d1</ObjectKey></Node></To></Link><Link type="service->bndoperation:child"><From><Node type="urn:com:soa:ObjectKey"><ObjectKey class="com.soa.service.model.ServiceKey">uddi:c0e2bfef-9f90-11e4-bd8a-eaa1e8f31cf2</ObjectKey></Node></From><To><Node type="urn:com:soa:ObjectKey"><ObjectKey class="com.soa.service.operation.model.BindingOperationQualifiedKey">{https://spreadsheets.google.com/feeds}Google_Sheets_API$$${https://spreadsheets.google.com/feeds}Google_Sheets_API_Binding$$$GET__list__key___worksheetId___visibility___protection_</ObjectKey></Node></To></Link><Link type="bndoperation->service:parent"><From><Node type="urn:com:soa:ObjectKey"><ObjectKey class="com.soa.service.operation.model.BindingOperationQualifiedKey">{https://spreadsheets.google.com/feeds}Google_Sheets_API_vs0$$${https://spreadsheets.google.com/feeds}Google_Sheets_API_Binding$$$PUT__worksheets__key___visibility___protection_</ObjectKey></Node></From><To><Node type="urn:com:soa:ObjectKey"><ObjectKey class="com.soa.service.model.ServiceKey">uddi:46a696f8-c2fb-11e4-b79d-bcadfb6b06d1</ObjectKey></Node></To></Link><Link type="identity->service:ReferredBy"><From><Node type="urn:com:soa:ObjectKey"><ObjectKey class="com.soa.security.util.QualifiedUserName">Local Domain\cYUf5fVctXpbnNuu1Fx64Q==</ObjectKey></Node></From><To><Node type="urn:com:soa:ObjectKey"><ObjectKey class="com.soa.service.model.ServiceKey">uddi:c0e2bfef-9f90-11e4-bd8a-eaa1e8f31cf2</ObjectKey></Node></To></Link><Link type="operation->service:parent"><From><Node type="urn:com:soa:ObjectKey"><ObjectKey class="com.soa.service.operation.model.OperationKey">81959862-b585-11e4-86ce-86c450a25418</ObjectKey></Node></From><To><Node type="urn:com:soa:ObjectKey"><ObjectKey class="com.soa.service.model.ServiceKey">uddi:ed9f2490-b56d-11e4-86ce-86c450a25418</ObjectKey></Node></To></Link><Link type="bndoperation->service:parent"><From><Node type="urn:com:soa:ObjectKey"><ObjectKey class="com.soa.service.operation.model.BindingOperationQualifiedKey">{https://spreadsheets.google.com/feeds}Google_Sheets_API_vs0$$${https://spreadsheets.google.com/feeds}Google_Sheets_API_Binding$$$POST__cells__key___worksheetId___visibility___protection___cell__batch</ObjectKey></Node></From><To><Node type="urn:com:soa:ObjectKey"><ObjectKey class="com.soa.service.model.ServiceKey">uddi:46a696f8-c2fb-11e4-b79d-bcadfb6b06d1</ObjectKey></Node></To></Link><Link type="endpoint->service:parent"><From><Node type="urn:com:soa:ObjectKey"><ObjectKey class="com.soa.service.endpoint.EndpointKey">uddi:29418a7d-c146-11e4-a8c1-9fc598e31387</ObjectKey></Node></From><To><Node type="urn:com:soa:ObjectKey"><ObjectKey class="com.soa.service.model.ServiceKey">uddi:c0e2bfef-9f90-11e4-bd8a-eaa1e8f31cf2</ObjectKey></Node></To></Link><Link type="service->bndoperation:child"><From><Node type="urn:com:soa:ObjectKey"><ObjectKey class="com.soa.service.model.ServiceKey">uddi:46a696f8-c2fb-11e4-b79d-bcadfb6b06d1</ObjectKey></Node></From><To><Node type="urn:com:soa:ObjectKey"><ObjectKey class="com.soa.service.operation.model.BindingOperationQualifiedKey">{https://spreadsheets.google.com/feeds}Google_Sheets_API_vs0$$${https://spreadsheets.google.com/feeds}Google_Sheets_API_Binding$$$PUT__worksheets__key___visibility___protection_</ObjectKey></Node></To></Link><Link type="service->bndoperation:child"><From><Node type="urn:com:soa:ObjectKey"><ObjectKey class="com.soa.service.model.ServiceKey">uddi:46a696f8-c2fb-11e4-b79d-bcadfb6b06d1</ObjectKey></Node></From><To><Node type="urn:com:soa:ObjectKey"><ObjectKey class="com.soa.service.operation.model.BindingOperationQualifiedKey">{https://spreadsheets.google.com/feeds}Google_Sheets_API_vs0$$${https://spreadsheets.google.com/feeds}Google_Sheets_API_Binding$$$POST__cells__key___worksheetId___visibility___protection___cell__batch</ObjectKey></Node></To></Link><Link type="bndoperation->service:parent"><From><Node type="urn:com:soa:ObjectKey"><ObjectKey class="com.soa.service.operation.model.BindingOperationQualifiedKey">{https://spreadsheets.google.com/feeds}Google_Sheets_API$$${https://spreadsheets.google.com/feeds}Google_Sheets_API_Binding$$$GET__list__key___worksheetId___visibility___protection_</ObjectKey></Node></From><To><Node type="urn:com:soa:ObjectKey"><ObjectKey class="com.soa.service.model.ServiceKey">uddi:c0e2bfef-9f90-11e4-bd8a-eaa1e8f31cf2</ObjectKey></Node></To></Link><Link type="virtualop->bpel:route"><From><Node type="urn:com:soa:ObjectKey"><ObjectKey class="com.soa.service.operation.model.OperationKey">46c67b16-c2fb-11e4-b79d-bcadfb6b06d1</ObjectKey></Node></From><To><Node type="urn:com:soa:ObjectKey"><ObjectKey class="com.soa.bpel.BpelKey">bpel:4725b23f-c2fb-11e4-b79d-bcadfb6b06d1</ObjectKey></Node></To></Link><Link type="bpel->virtualop:routedBy"><From><Node type="urn:com:soa:ObjectKey"><ObjectKey class="com.soa.bpel.BpelKey">bpel:4725b23f-c2fb-11e4-b79d-bcadfb6b06d1</ObjectKey></Node></From><To><Node type="urn:com:soa:ObjectKey"><ObjectKey class="com.soa.service.operation.model.OperationKey">46c67b16-c2fb-11e4-b79d-bcadfb6b06d1</ObjectKey></Node></To></Link><Link type="service->operation:child"><From><Node type="urn:com:soa:ObjectKey"><ObjectKey class="com.soa.service.model.ServiceKey">uddi:c0e2bfef-9f90-11e4-bd8a-eaa1e8f31cf2</ObjectKey></Node></From><To><Node type="urn:com:soa:ObjectKey"><ObjectKey class="com.soa.service.operation.model.OperationKey">28677e13-c146-11e4-a8c1-9fc598e31387</ObjectKey></Node></To></Link><Link type="service->operation:child"><From><Node type="urn:com:soa:ObjectKey"><ObjectKey class="com.soa.service.model.ServiceKey">uddi:c0e2bfef-9f90-11e4-bd8a-eaa1e8f31cf2</ObjectKey></Node></From><To><Node type="urn:com:soa:ObjectKey"><ObjectKey class="com.soa.service.operation.model.OperationKey">1fec7eeb-c2fb-11e4-b79d-bcadfb6b06d1</ObjectKey></Node></To></Link><Link type="virtualop->bpel:route"><From><Node type="urn:com:soa:ObjectKey"><ObjectKey class="com.soa.service.operation.model.OperationKey">46c5b7c3-c2fb-11e4-b79d-bcadfb6b06d1</ObjectKey></Node></From><To><Node type="urn:com:soa:ObjectKey"><ObjectKey class="com.soa.bpel.BpelKey">bpel:46f5c897-c2fb-11e4-b79d-bcadfb6b06d1</ObjectKey></Node></To></Link><Link type="service->operation:child"><From><Node type="urn:com:soa:ObjectKey"><ObjectKey class="com.soa.service.model.ServiceKey">uddi:c0e2bfef-9f90-11e4-bd8a-eaa1e8f31cf2</ObjectKey></Node></From><To><Node type="urn:com:soa:ObjectKey"><ObjectKey class="com.soa.service.operation.model.OperationKey">2866bac1-c146-11e4-a8c1-9fc598e31387</ObjectKey></Node></To></Link><Link type="bpel->virtualop:routedBy"><From><Node type="urn:com:soa:ObjectKey"><ObjectKey class="com.soa.bpel.BpelKey">bpel:46f5c897-c2fb-11e4-b79d-bcadfb6b06d1</ObjectKey></Node></From><To><Node type="urn:com:soa:ObjectKey"><ObjectKey class="com.soa.service.operation.model.OperationKey">46c5b7c3-c2fb-11e4-b79d-bcadfb6b06d1</ObjectKey></Node></To></Link><Link type="script->policy:ReferedBy"><From><Node type="urn:com:soa:ObjectKey"><ObjectKey class="com.soa.scripts.ScriptKey">script:1d53e92c-c3b6-11e4-b79d-bcadfb6b06d1</ObjectKey></Node></From><To><Node type="urn:com:soa:ObjectKey"><ObjectKey class="com.soa.policy.config.model.PolicyKey">urn:uuid:c69f19d9-c3b5-11e4-b79d-bcadfb6b06d1</ObjectKey></Node></To></Link><Link type="service->operation:child"><From><Node type="urn:com:soa:ObjectKey"><ObjectKey class="com.soa.service.model.ServiceKey">uddi:46a696f8-c2fb-11e4-b79d-bcadfb6b06d1</ObjectKey></Node></From><To><Node type="urn:com:soa:ObjectKey"><ObjectKey class="com.soa.service.operation.model.OperationKey">46cbd257-c2fb-11e4-b79d-bcadfb6b06d1</ObjectKey></Node></To></Link><Link type="bndoperation->service:parent"><From><Node type="urn:com:soa:ObjectKey"><ObjectKey class="com.soa.service.operation.model.BindingOperationQualifiedKey">{https://www.googleapis.com/oauth2/sheets/hook/v3}Google_Auth_API$$${https://www.googleapis.com/oauth2/v3}Google_Auth_API$$$POST__token</ObjectKey></Node></From><To><Node type="urn:com:soa:ObjectKey"><ObjectKey class="com.soa.service.model.ServiceKey">uddi:ed9f2490-b56d-11e4-86ce-86c450a25418</ObjectKey></Node></To></Link><Link type="script->organization:refer"><From><Node type="urn:com:soa:ObjectKey"><ObjectKey class="com.soa.scripts.ScriptKey">script:1abddfbb-c22f-11e4-a8c1-9fc598e31387</ObjectKey></Node></From><To><Node type="urn:com:soa:ObjectKey"><ObjectKey class="com.soa.organization.model.OrganizationKey">uddi:603d313b-c3b4-11e4-b79d-bcadfb6b06d1</ObjectKey></Node></To></Link><Link type="org->operational_policy:child"><From><Node type="urn:com:soa:ObjectKey"><ObjectKey class="com.soa.organization.model.OrganizationKey">uddi:603d313b-c3b4-11e4-b79d-bcadfb6b06d1</ObjectKey></Node></From><To><Node type="urn:com:soa:ObjectKey"><ObjectKey class="com.soa.policy.config.model.PolicyKey">urn:uuid:c69f19d9-c3b5-11e4-b79d-bcadfb6b06d1</ObjectKey></Node></To></Link><Link type="service->bndoperation:child"><From><Node type="urn:com:soa:ObjectKey"><ObjectKey class="com.soa.service.model.ServiceKey">uddi:c0e2bfef-9f90-11e4-bd8a-eaa1e8f31cf2</ObjectKey></Node></From><To><Node type="urn:com:soa:ObjectKey"><ObjectKey class="com.soa.service.operation.model.BindingOperationQualifiedKey">{https://spreadsheets.google.com/feeds}Google_Sheets_API$$${https://spreadsheets.google.com/feeds}Google_Sheets_API_Binding$$$DELETE__list__key___worksheetId___visibility___protection_</ObjectKey></Node></To></Link><Link type="container->service:HostedBy"><From><Node type="urn:com:soa:ObjectKey"><ObjectKey class="com.soa.svccontainer.ContainerKey">ND-Cluster</ObjectKey></Node></From><To><Node type="urn:com:soa:ObjectKey"><ObjectKey class="com.soa.service.model.ServiceKey">uddi:46a696f8-c2fb-11e4-b79d-bcadfb6b06d1</ObjectKey></Node></To></Link><Link type="service->operation:child"><From><Node type="urn:com:soa:ObjectKey"><ObjectKey class="com.soa.service.model.ServiceKey">uddi:c0e2bfef-9f90-11e4-bd8a-eaa1e8f31cf2</ObjectKey></Node></From><To><Node type="urn:com:soa:ObjectKey"><ObjectKey class="com.soa.service.operation.model.OperationKey">286952d9-c146-11e4-a8c1-9fc598e31387</ObjectKey></Node></To></Link><Link type="service->bndoperation:child"><From><Node type="urn:com:soa:ObjectKey"><ObjectKey class="com.soa.service.model.ServiceKey">uddi:46a696f8-c2fb-11e4-b79d-bcadfb6b06d1</ObjectKey></Node></From><To><Node type="urn:com:soa:ObjectKey"><ObjectKey class="com.soa.service.operation.model.BindingOperationQualifiedKey">{https://spreadsheets.google.com/feeds}Google_Sheets_API_vs0$$${https://spreadsheets.google.com/feeds}Google_Sheets_API_Binding$$$GET__worksheets__key___visibility___protection_</ObjectKey></Node></To></Link><Link type="service->operation:child"><From><Node type="urn:com:soa:ObjectKey"><ObjectKey class="com.soa.service.model.ServiceKey">uddi:46a696f8-c2fb-11e4-b79d-bcadfb6b06d1</ObjectKey></Node></From><To><Node type="urn:com:soa:ObjectKey"><ObjectKey class="com.soa.service.operation.model.OperationKey">46c67b16-c2fb-11e4-b79d-bcadfb6b06d1</ObjectKey></Node></To></Link><Link type="binding->service:implements"><From><Node type="urn:com:soa:ObjectKey"><ObjectKey class="com.soa.wsdl.model.impl.WsdlBindingImpl">uddi:4eba56b4-9ecf-2095-ee70-490162d8a4e7</ObjectKey></Node></From><To><Node type="urn:com:soa:ObjectKey"><ObjectKey class="com.soa.service.model.ServiceKey">uddi:ed9f2490-b56d-11e4-86ce-86c450a25418</ObjectKey></Node></To></Link><Link type="operation->service:parent"><From><Node type="urn:com:soa:ObjectKey"><ObjectKey class="com.soa.service.operation.model.OperationKey">46c4582e-c2fb-11e4-b79d-bcadfb6b06d1</ObjectKey></Node></From><To><Node type="urn:com:soa:ObjectKey"><ObjectKey class="com.soa.service.model.ServiceKey">uddi:46a696f8-c2fb-11e4-b79d-bcadfb6b06d1</ObjectKey></Node></To></Link><Link type="service->bndoperation:child"><From><Node type="urn:com:soa:ObjectKey"><ObjectKey class="com.soa.service.model.ServiceKey">uddi:c0e2bfef-9f90-11e4-bd8a-eaa1e8f31cf2</ObjectKey></Node></From><To><Node type="urn:com:soa:ObjectKey"><ObjectKey class="com.soa.service.operation.model.BindingOperationQualifiedKey">{https://spreadsheets.google.com/feeds}Google_Sheets_API$$${https://spreadsheets.google.com/feeds}Google_Sheets_API_Binding$$$POST__worksheets__key___visibility___protection_</ObjectKey></Node></To></Link><Link type="bndoperation->service:parent"><From><Node type="urn:com:soa:ObjectKey"><ObjectKey class="com.soa.service.operation.model.BindingOperationQualifiedKey">{https://spreadsheets.google.com/feeds}Google_Sheets_API$$${https://spreadsheets.google.com/feeds}Google_Sheets_API_Binding$$$POST__worksheets__key___visibility___protection_</ObjectKey></Node></From><To><Node type="urn:com:soa:ObjectKey"><ObjectKey class="com.soa.service.model.ServiceKey">uddi:c0e2bfef-9f90-11e4-bd8a-eaa1e8f31cf2</ObjectKey></Node></To></Link><Link type="service->org:parent"><From><Node type="urn:com:soa:ObjectKey"><ObjectKey class="com.soa.service.model.ServiceKey">uddi:46a696f8-c2fb-11e4-b79d-bcadfb6b06d1</ObjectKey></Node></From><To><Node type="urn:com:soa:ObjectKey"><ObjectKey class="com.soa.organization.model.OrganizationKey">uddi:603d313b-c3b4-11e4-b79d-bcadfb6b06d1</ObjectKey></Node></To></Link><Link type="operationalpolicy->service:refer"><From><Node type="urn:com:soa:ObjectKey"><ObjectKey class="com.soa.policy.config.model.PolicyKey">DetailedAuditing</ObjectKey></Node></From><To><Node type="urn:com:soa:ObjectKey"><ObjectKey class="com.soa.service.model.ServiceKey">uddi:46a696f8-c2fb-11e4-b79d-bcadfb6b06d1</ObjectKey></Node></To></Link><Link type="policy->script:refer"><From><Node type="urn:com:soa:ObjectKey"><ObjectKey class="com.soa.policy.config.model.PolicyKey">urn:uuid:c69f19d9-c3b5-11e4-b79d-bcadfb6b06d1</ObjectKey></Node></From><To><Node type="urn:com:soa:ObjectKey"><ObjectKey class="com.soa.scripts.ScriptKey">script:1d53e92c-c3b6-11e4-b79d-bcadfb6b06d1</ObjectKey></Node></To></Link><Link type="service->bndoperation:child"><From><Node type="urn:com:soa:ObjectKey"><ObjectKey class="com.soa.service.model.ServiceKey">uddi:ed9f2490-b56d-11e4-86ce-86c450a25418</ObjectKey></Node></From><To><Node type="urn:com:soa:ObjectKey"><ObjectKey class="com.soa.service.operation.model.BindingOperationQualifiedKey">{https://www.googleapis.com/oauth2/sheets/hook/v3}Google_Auth_API$$${https://www.googleapis.com/oauth2/v3}Google_Auth_API$$$POST__token</ObjectKey></Node></To></Link><Link type="virtualop->bpel:route"><From><Node type="urn:com:soa:ObjectKey"><ObjectKey class="com.soa.service.operation.model.OperationKey">46c96150-c2fb-11e4-b79d-bcadfb6b06d1</ObjectKey></Node></From><To><Node type="urn:com:soa:ObjectKey"><ObjectKey class="com.soa.bpel.BpelKey">bpel:471a8ead-c2fb-11e4-b79d-bcadfb6b06d1</ObjectKey></Node></To></Link><Link type="operation->service:parent"><From><Node type="urn:com:soa:ObjectKey"><ObjectKey class="com.soa.service.operation.model.OperationKey">46cb0f04-c2fb-11e4-b79d-bcadfb6b06d1</ObjectKey></Node></From><To><Node type="urn:com:soa:ObjectKey"><ObjectKey class="com.soa.service.model.ServiceKey">uddi:46a696f8-c2fb-11e4-b79d-bcadfb6b06d1</ObjectKey></Node></To></Link><Link type="bndoperation->service:parent"><From><Node type="urn:com:soa:ObjectKey"><ObjectKey class="com.soa.service.operation.model.BindingOperationQualifiedKey">{https://spreadsheets.google.com/feeds}Google_Sheets_API$$${https://spreadsheets.google.com/feeds}Google_Sheets_API_Binding$$$DELETE__list__key___worksheetId___visibility___protection_</ObjectKey></Node></From><To><Node type="urn:com:soa:ObjectKey"><ObjectKey class="com.soa.service.model.ServiceKey">uddi:c0e2bfef-9f90-11e4-bd8a-eaa1e8f31cf2</ObjectKey></Node></To></Link><Link type="bpel->virtualop:routedBy"><From><Node type="urn:com:soa:ObjectKey"><ObjectKey class="com.soa.bpel.BpelKey">bpel:471a8ead-c2fb-11e4-b79d-bcadfb6b06d1</ObjectKey></Node></From><To><Node type="urn:com:soa:ObjectKey"><ObjectKey class="com.soa.service.operation.model.OperationKey">46c96150-c2fb-11e4-b79d-bcadfb6b06d1</ObjectKey></Node></To></Link><Link type="bndoperation->service:parent"><From><Node type="urn:com:soa:ObjectKey"><ObjectKey class="com.soa.service.operation.model.BindingOperationQualifiedKey">{https://spreadsheets.google.com/feeds}Google_Sheets_API_vs0$$${https://spreadsheets.google.com/feeds}Google_Sheets_API_Binding$$$GET__worksheets__key___visibility___protection_</ObjectKey></Node></From><To><Node type="urn:com:soa:ObjectKey"><ObjectKey class="com.soa.service.model.ServiceKey">uddi:46a696f8-c2fb-11e4-b79d-bcadfb6b06d1</ObjectKey></Node></To></Link><Link type="operation->service:parent"><From><Node type="urn:com:soa:ObjectKey"><ObjectKey class="com.soa.service.operation.model.OperationKey">46c73e68-c2fb-11e4-b79d-bcadfb6b06d1</ObjectKey></Node></From><To><Node type="urn:com:soa:ObjectKey"><ObjectKey class="com.soa.service.model.ServiceKey">uddi:46a696f8-c2fb-11e4-b79d-bcadfb6b06d1</ObjectKey></Node></To></Link><Link type="virtualop->bpel:route"><From><Node type="urn:com:soa:ObjectKey"><ObjectKey class="com.soa.service.operation.model.OperationKey">46c4582e-c2fb-11e4-b79d-bcadfb6b06d1</ObjectKey></Node></From><To><Node type="urn:com:soa:ObjectKey"><ObjectKey class="com.soa.bpel.BpelKey">bpel:472033fe-c2fb-11e4-b79d-bcadfb6b06d1</ObjectKey></Node></To></Link><Link type="service->operation:child"><From><Node type="urn:com:soa:ObjectKey"><ObjectKey class="com.soa.service.model.ServiceKey">uddi:c0e2bfef-9f90-11e4-bd8a-eaa1e8f31cf2</ObjectKey></Node></From><To><Node type="urn:com:soa:ObjectKey"><ObjectKey class="com.soa.service.operation.model.OperationKey">286422a8-c146-11e4-a8c1-9fc598e31387</ObjectKey></Node></To></Link><Link type="bpel->virtualop:routedBy"><From><Node type="urn:com:soa:ObjectKey"><ObjectKey class="com.soa.bpel.BpelKey">bpel:472033fe-c2fb-11e4-b79d-bcadfb6b06d1</ObjectKey></Node></From><To><Node type="urn:com:soa:ObjectKey"><ObjectKey class="com.soa.service.operation.model.OperationKey">46c4582e-c2fb-11e4-b79d-bcadfb6b06d1</ObjectKey></Node></To></Link><Link type="script->script:refer"><From><Node type="urn:com:soa:ObjectKey"><ObjectKey class="com.soa.scripts.ScriptKey">script:1d53e92c-c3b6-11e4-b79d-bcadfb6b06d1</ObjectKey></Node></From><To><Node type="urn:com:soa:ObjectKey"><ObjectKey class="com.soa.scripts.ScriptKey">script:1abddfbb-c22f-11e4-a8c1-9fc598e31387</ObjectKey></Node></To></Link><Link type="service->operation:child"><From><Node type="urn:com:soa:ObjectKey"><ObjectKey class="com.soa.service.model.ServiceKey">uddi:46a696f8-c2fb-11e4-b79d-bcadfb6b06d1</ObjectKey></Node></From><To><Node type="urn:com:soa:ObjectKey"><ObjectKey class="com.soa.service.operation.model.OperationKey">46ca72c2-c2fb-11e4-b79d-bcadfb6b06d1</ObjectKey></Node></To></Link><Link type="service->binding:ImplementedBy"><From><Node type="urn:com:soa:ObjectKey"><ObjectKey class="com.soa.service.model.ServiceKey">uddi:c0e2bfef-9f90-11e4-bd8a-eaa1e8f31cf2</ObjectKey></Node></From><To><Node type="urn:com:soa:ObjectKey"><ObjectKey class="com.soa.wsdl.model.impl.WsdlBindingImpl">uddi:ac5d5cda-dba3-2d2e-6713-eae3735fc87c</ObjectKey></Node></To></Link><Link type="endpoint->service:parent"><From><Node type="urn:com:soa:ObjectKey"><ObjectKey class="com.soa.service.endpoint.EndpointKey">uddi:edee07e7-b56d-11e4-86ce-86c450a25418</ObjectKey></Node></From><To><Node type="urn:com:soa:ObjectKey"><ObjectKey class="com.soa.service.model.ServiceKey">uddi:ed9f2490-b56d-11e4-86ce-86c450a25418</ObjectKey></Node></To></Link><Link type="binding->interface:ImplementedBy"><From><Node type="urn:com:soa:ObjectKey"><ObjectKey class="com.soa.wsdl.model.impl.WsdlBindingImpl">uddi:4eba56b4-9ecf-2095-ee70-490162d8a4e7</ObjectKey></Node></From><To><Node type="urn:com:soa:ObjectKey"><ObjectKey class="com.soa.wsdl.model.impl.WsdlInterfaceImpl">uddi:781b74bf-471c-1c42-8acf-0f2326c2f806</ObjectKey></Node></To></Link><Link type="bndoperation->service:parent"><From><Node type="urn:com:soa:ObjectKey"><ObjectKey class="com.soa.service.operation.model.BindingOperationQualifiedKey">{https://spreadsheets.google.com/feeds}Google_Sheets_API$$${https://spreadsheets.google.com/feeds}Google_Sheets_API_Binding$$$POST__list__key___worksheetId___visibility___protection_</ObjectKey></Node></From><To><Node type="urn:com:soa:ObjectKey"><ObjectKey class="com.soa.service.model.ServiceKey">uddi:c0e2bfef-9f90-11e4-bd8a-eaa1e8f31cf2</ObjectKey></Node></To></Link><Link type="service->operation:child"><From><Node type="urn:com:soa:ObjectKey"><ObjectKey class="com.soa.service.model.ServiceKey">uddi:c0e2bfef-9f90-11e4-bd8a-eaa1e8f31cf2</ObjectKey></Node></From><To><Node type="urn:com:soa:ObjectKey"><ObjectKey class="com.soa.service.operation.model.OperationKey">2868b698-c146-11e4-a8c1-9fc598e31387</ObjectKey></Node></To></Link><Link type="service->bndoperation:child"><From><Node type="urn:com:soa:ObjectKey"><ObjectKey class="com.soa.service.model.ServiceKey">uddi:c0e2bfef-9f90-11e4-bd8a-eaa1e8f31cf2</ObjectKey></Node></From><To><Node type="urn:com:soa:ObjectKey"><ObjectKey class="com.soa.service.operation.model.BindingOperationQualifiedKey">{https://spreadsheets.google.com/feeds}Google_Sheets_API$$${https://spreadsheets.google.com/feeds}Google_Sheets_API_Binding$$$PUT__worksheets__key___visibility___protection_</ObjectKey></Node></To></Link><Link type="service->org:parent"><From><Node type="urn:com:soa:ObjectKey"><ObjectKey class="com.soa.service.model.ServiceKey">uddi:ed9f2490-b56d-11e4-86ce-86c450a25418</ObjectKey></Node></From><To><Node type="urn:com:soa:ObjectKey"><ObjectKey class="com.soa.organization.model.OrganizationKey">uddi:603d313b-c3b4-11e4-b79d-bcadfb6b06d1</ObjectKey></Node></To></Link><Link type="service->operation:child"><From><Node type="urn:com:soa:ObjectKey"><ObjectKey class="com.soa.service.model.ServiceKey">uddi:c0e2bfef-9f90-11e4-bd8a-eaa1e8f31cf2</ObjectKey></Node></From><To><Node type="urn:com:soa:ObjectKey"><ObjectKey class="com.soa.service.operation.model.OperationKey">1feaaa28-c2fb-11e4-b79d-bcadfb6b06d1</ObjectKey></Node></To></Link><Link type="bndoperation->service:parent"><From><Node type="urn:com:soa:ObjectKey"><ObjectKey class="com.soa.service.operation.model.BindingOperationQualifiedKey">{https://spreadsheets.google.com/feeds}Google_Sheets_API_vs0$$${https://spreadsheets.google.com/feeds}Google_Sheets_API_Binding$$$PUT__cells__key___worksheetId___visibility___protection___cell_</ObjectKey></Node></From><To><Node type="urn:com:soa:ObjectKey"><ObjectKey class="com.soa.service.model.ServiceKey">uddi:46a696f8-c2fb-11e4-b79d-bcadfb6b06d1</ObjectKey></Node></To></Link><Link type="bndoperation->service:parent"><From><Node type="urn:com:soa:ObjectKey"><ObjectKey class="com.soa.service.operation.model.BindingOperationQualifiedKey">{https://spreadsheets.google.com/feeds}Google_Sheets_API_vs0$$${https://spreadsheets.google.com/feeds}Google_Sheets_API_Binding$$$GET__cells__key___worksheetId___visibility___protection_</ObjectKey></Node></From><To><Node type="urn:com:soa:ObjectKey"><ObjectKey class="com.soa.service.model.ServiceKey">uddi:46a696f8-c2fb-11e4-b79d-bcadfb6b06d1</ObjectKey></Node></To></Link><Link type="service->bndoperation:child"><From><Node type="urn:com:soa:ObjectKey"><ObjectKey class="com.soa.service.model.ServiceKey">uddi:46a696f8-c2fb-11e4-b79d-bcadfb6b06d1</ObjectKey></Node></From><To><Node type="urn:com:soa:ObjectKey"><ObjectKey class="com.soa.service.operation.model.BindingOperationQualifiedKey">{https://spreadsheets.google.com/feeds}Google_Sheets_API_vs0$$${https://spreadsheets.google.com/feeds}Google_Sheets_API_Binding$$$GET__spreadsheets__visibility___protection_</ObjectKey></Node></To></Link><Link type="service->operation:child"><From><Node type="urn:com:soa:ObjectKey"><ObjectKey class="com.soa.service.model.ServiceKey">uddi:c0e2bfef-9f90-11e4-bd8a-eaa1e8f31cf2</ObjectKey></Node></From><To><Node type="urn:com:soa:ObjectKey"><ObjectKey class="com.soa.service.operation.model.OperationKey">2865823d-c146-11e4-a8c1-9fc598e31387</ObjectKey></Node></To></Link><Link type="operation->service:parent"><From><Node type="urn:com:soa:ObjectKey"><ObjectKey class="com.soa.service.operation.model.OperationKey">46c5b7c3-c2fb-11e4-b79d-bcadfb6b06d1</ObjectKey></Node></From><To><Node type="urn:com:soa:ObjectKey"><ObjectKey class="com.soa.service.model.ServiceKey">uddi:46a696f8-c2fb-11e4-b79d-bcadfb6b06d1</ObjectKey></Node></To></Link><Link type="bndoperation->service:parent"><From><Node type="urn:com:soa:ObjectKey"><ObjectKey class="com.soa.service.operation.model.BindingOperationQualifiedKey">{https://spreadsheets.google.com/feeds}Google_Sheets_API_vs0$$${https://spreadsheets.google.com/feeds}Google_Sheets_API_Binding$$$POST__list__key___worksheetId___visibility___protection_</ObjectKey></Node></From><To><Node type="urn:com:soa:ObjectKey"><ObjectKey class="com.soa.service.model.ServiceKey">uddi:46a696f8-c2fb-11e4-b79d-bcadfb6b06d1</ObjectKey></Node></To></Link><Link type="operation->service:parent"><From><Node type="urn:com:soa:ObjectKey"><ObjectKey class="com.soa.service.operation.model.OperationKey">28681a55-c146-11e4-a8c1-9fc598e31387</ObjectKey></Node></From><To><Node type="urn:com:soa:ObjectKey"><ObjectKey class="com.soa.service.model.ServiceKey">uddi:c0e2bfef-9f90-11e4-bd8a-eaa1e8f31cf2</ObjectKey></Node></To></Link><Link type="binding->service:implements"><From><Node type="urn:com:soa:ObjectKey"><ObjectKey class="com.soa.wsdl.model.impl.WsdlBindingImpl">uddi:ac5d5cda-dba3-2d2e-6713-eae3735fc87c</ObjectKey></Node></From><To><Node type="urn:com:soa:ObjectKey"><ObjectKey class="com.soa.service.model.ServiceKey">uddi:46a696f8-c2fb-11e4-b79d-bcadfb6b06d1</ObjectKey></Node></To></Link><Link type="service->bndoperation:child"><From><Node type="urn:com:soa:ObjectKey"><ObjectKey class="com.soa.service.model.ServiceKey">uddi:46a696f8-c2fb-11e4-b79d-bcadfb6b06d1</ObjectKey></Node></From><To><Node type="urn:com:soa:ObjectKey"><ObjectKey class="com.soa.service.operation.model.BindingOperationQualifiedKey">{https://spreadsheets.google.com/feeds}Google_Sheets_API_vs0$$${https://spreadsheets.google.com/feeds}Google_Sheets_API_Binding$$$POST__list__key___worksheetId___visibility___protection_</ObjectKey></Node></To></Link><Link type="service->container:Hosts"><From><Node type="urn:com:soa:ObjectKey"><ObjectKey class="com.soa.service.model.ServiceKey">uddi:46a696f8-c2fb-11e4-b79d-bcadfb6b06d1</ObjectKey></Node></From><To><Node type="urn:com:soa:ObjectKey"><ObjectKey class="com.soa.svccontainer.ContainerKey">ND-Cluster</ObjectKey></Node></To></Link><Link type="service->interface:ImplementedBy"><From><Node type="urn:com:soa:ObjectKey"><ObjectKey class="com.soa.service.model.ServiceKey">uddi:c0e2bfef-9f90-11e4-bd8a-eaa1e8f31cf2</ObjectKey></Node></From><To><Node type="urn:com:soa:ObjectKey"><ObjectKey class="com.soa.wsdl.model.impl.WsdlInterfaceImpl">uddi:bb558a13-b96e-badc-0100-166708e01454</ObjectKey></Node></To></Link><Link type="service->bndoperation:child"><From><Node type="urn:com:soa:ObjectKey"><ObjectKey class="com.soa.service.model.ServiceKey">uddi:46a696f8-c2fb-11e4-b79d-bcadfb6b06d1</ObjectKey></Node></From><To><Node type="urn:com:soa:ObjectKey"><ObjectKey class="com.soa.service.operation.model.BindingOperationQualifiedKey">{https://spreadsheets.google.com/feeds}Google_Sheets_API_vs0$$${https://spreadsheets.google.com/feeds}Google_Sheets_API_Binding$$$GET__cells__key___worksheetId___visibility___protection_</ObjectKey></Node></To></Link><Link type="bndoperation->service:parent"><From><Node type="urn:com:soa:ObjectKey"><ObjectKey class="com.soa.service.operation.model.BindingOperationQualifiedKey">{https://spreadsheets.google.com/feeds}Google_Sheets_API_vs0$$${https://spreadsheets.google.com/feeds}Google_Sheets_API_Binding$$$GET__spreadsheets__visibility___protection_</ObjectKey></Node></From><To><Node type="urn:com:soa:ObjectKey"><ObjectKey class="com.soa.service.model.ServiceKey">uddi:46a696f8-c2fb-11e4-b79d-bcadfb6b06d1</ObjectKey></Node></To></Link><Link type="bndoperation->service:parent"><From><Node type="urn:com:soa:ObjectKey"><ObjectKey class="com.soa.service.operation.model.BindingOperationQualifiedKey">{https://spreadsheets.google.com/feeds}Google_Sheets_API$$${https://spreadsheets.google.com/feeds}Google_Sheets_API_Binding$$$PUT__worksheets__key___visibility___protection_</ObjectKey></Node></From><To><Node type="urn:com:soa:ObjectKey"><ObjectKey class="com.soa.service.model.ServiceKey">uddi:c0e2bfef-9f90-11e4-bd8a-eaa1e8f31cf2</ObjectKey></Node></To></Link><Link type="binding->interface:ImplementedBy"><From><Node type="urn:com:soa:ObjectKey"><ObjectKey class="com.soa.wsdl.model.impl.WsdlBindingImpl">uddi:ac5d5cda-dba3-2d2e-6713-eae3735fc87c</ObjectKey></Node></From><To><Node type="urn:com:soa:ObjectKey"><ObjectKey class="com.soa.wsdl.model.impl.WsdlInterfaceImpl">uddi:bb558a13-b96e-badc-0100-166708e01454</ObjectKey></Node></To></Link><Link type="service->bndoperation:child"><From><Node type="urn:com:soa:ObjectKey"><ObjectKey class="com.soa.service.model.ServiceKey">uddi:46a696f8-c2fb-11e4-b79d-bcadfb6b06d1</ObjectKey></Node></From><To><Node type="urn:com:soa:ObjectKey"><ObjectKey class="com.soa.service.operation.model.BindingOperationQualifiedKey">{https://spreadsheets.google.com/feeds}Google_Sheets_API_vs0$$${https://spreadsheets.google.com/feeds}Google_Sheets_API_Binding$$$PUT__cells__key___worksheetId___visibility___protection___cell_</ObjectKey></Node></To></Link><Link type="script->organization:refer"><From><Node type="urn:com:soa:ObjectKey"><ObjectKey class="com.soa.scripts.ScriptKey">script:1d53e92c-c3b6-11e4-b79d-bcadfb6b06d1</ObjectKey></Node></From><To><Node type="urn:com:soa:ObjectKey"><ObjectKey class="com.soa.organization.model.OrganizationKey">uddi:603d313b-c3b4-11e4-b79d-bcadfb6b06d1</ObjectKey></Node></To></Link><Link type="service->bndoperation:child"><From><Node type="urn:com:soa:ObjectKey"><ObjectKey class="com.soa.service.model.ServiceKey">uddi:c0e2bfef-9f90-11e4-bd8a-eaa1e8f31cf2</ObjectKey></Node></From><To><Node type="urn:com:soa:ObjectKey"><ObjectKey class="com.soa.service.operation.model.BindingOperationQualifiedKey">{https://spreadsheets.google.com/feeds}Google_Sheets_API$$${https://spreadsheets.google.com/feeds}Google_Sheets_API_Binding$$$POST__list__key___worksheetId___visibility___protection_</ObjectKey></Node></To></Link><Link type="identity->service:ReferredBy"><From><Node type="urn:com:soa:ObjectKey"><ObjectKey class="com.soa.security.util.QualifiedUserName">Local Domain\acLXIELtJgq9HpXj2RKLVg==</ObjectKey></Node></From><To><Node type="urn:com:soa:ObjectKey"><ObjectKey class="com.soa.service.model.ServiceKey">uddi:ed9f2490-b56d-11e4-86ce-86c450a25418</ObjectKey></Node></To></Link><Link type="bpel->virtualop:routedBy"><From><Node type="urn:com:soa:ObjectKey"><ObjectKey class="com.soa.bpel.BpelKey">bpel:47083f2a-c2fb-11e4-b79d-bcadfb6b06d1</ObjectKey></Node></From><To><Node type="urn:com:soa:ObjectKey"><ObjectKey class="com.soa.service.operation.model.OperationKey">46cb0f04-c2fb-11e4-b79d-bcadfb6b06d1</ObjectKey></Node></To></Link><Link type="contract->org:ReferredBy"><From><Node type="urn:com:soa:ObjectKey"><ObjectKey class="com.soa.contracts.ContractKey">f5ea2805-c3c3-11e4-aaa1-f96d9bf69285:1161</ObjectKey></Node></From><To><Node type="urn:com:soa:ObjectKey"><ObjectKey class="com.soa.organization.model.OrganizationKey">uddi:603d313b-c3b4-11e4-b79d-bcadfb6b06d1</ObjectKey></Node></To></Link><Link type="virtualop->bpel:route"><From><Node type="urn:com:soa:ObjectKey"><ObjectKey class="com.soa.service.operation.model.OperationKey">46cb0f04-c2fb-11e4-b79d-bcadfb6b06d1</ObjectKey></Node></From><To><Node type="urn:com:soa:ObjectKey"><ObjectKey class="com.soa.bpel.BpelKey">bpel:47083f2a-c2fb-11e4-b79d-bcadfb6b06d1</ObjectKey></Node></To></Link><Link type="interface->service:implements"><From><Node type="urn:com:soa:ObjectKey"><ObjectKey class="com.soa.wsdl.model.impl.WsdlInterfaceImpl">uddi:781b74bf-471c-1c42-8acf-0f2326c2f806</ObjectKey></Node></From><To><Node type="urn:com:soa:ObjectKey"><ObjectKey class="com.soa.service.model.ServiceKey">uddi:ed9f2490-b56d-11e4-86ce-86c450a25418</ObjectKey></Node></To></Link><Link type="operation->service:parent"><From><Node type="urn:com:soa:ObjectKey"><ObjectKey class="com.soa.service.operation.model.OperationKey">2868b698-c146-11e4-a8c1-9fc598e31387</ObjectKey></Node></From><To><Node type="urn:com:soa:ObjectKey"><ObjectKey class="com.soa.service.model.ServiceKey">uddi:c0e2bfef-9f90-11e4-bd8a-eaa1e8f31cf2</ObjectKey></Node></To></Link><Link type="virtualop->bpel:route"><From><Node type="urn:com:soa:ObjectKey"><ObjectKey class="com.soa.service.operation.model.OperationKey">46c8c50d-c2fb-11e4-b79d-bcadfb6b06d1</ObjectKey></Node></From><To><Node type="urn:com:soa:ObjectKey"><ObjectKey class="com.soa.bpel.BpelKey">bpel:472b3080-c2fb-11e4-b79d-bcadfb6b06d1</ObjectKey></Node></To></Link><Link type="operation->service:parent"><From><Node type="urn:com:soa:ObjectKey"><ObjectKey class="com.soa.service.operation.model.OperationKey">1feaaa28-c2fb-11e4-b79d-bcadfb6b06d1</ObjectKey></Node></From><To><Node type="urn:com:soa:ObjectKey"><ObjectKey class="com.soa.service.model.ServiceKey">uddi:c0e2bfef-9f90-11e4-bd8a-eaa1e8f31cf2</ObjectKey></Node></To></Link><Link type="bpel->virtualop:routedBy"><From><Node type="urn:com:soa:ObjectKey"><ObjectKey class="com.soa.bpel.BpelKey">bpel:472b3080-c2fb-11e4-b79d-bcadfb6b06d1</ObjectKey></Node></From><To><Node type="urn:com:soa:ObjectKey"><ObjectKey class="com.soa.service.operation.model.OperationKey">46c8c50d-c2fb-11e4-b79d-bcadfb6b06d1</ObjectKey></Node></To></Link><Link type="service->bndoperation:child"><From><Node type="urn:com:soa:ObjectKey"><ObjectKey class="com.soa.service.model.ServiceKey">uddi:c0e2bfef-9f90-11e4-bd8a-eaa1e8f31cf2</ObjectKey></Node></From><To><Node type="urn:com:soa:ObjectKey"><ObjectKey class="com.soa.service.operation.model.BindingOperationQualifiedKey">{https://spreadsheets.google.com/feeds}Google_Sheets_API$$${https://spreadsheets.google.com/feeds}Google_Sheets_API_Binding$$$GET__spreadsheets__visibility___protection_</ObjectKey></Node></To></Link><Link type="bpel->virtualop:routedBy"><From><Node type="urn:com:soa:ObjectKey"><ObjectKey class="com.soa.bpel.BpelKey">bpel:46ee4e86-c2fb-11e4-b79d-bcadfb6b06d1</ObjectKey></Node></From><To><Node type="urn:com:soa:ObjectKey"><ObjectKey class="com.soa.service.operation.model.OperationKey">46c801ba-c2fb-11e4-b79d-bcadfb6b06d1</ObjectKey></Node></To></Link><Link type="bndoperation->service:parent"><From><Node type="urn:com:soa:ObjectKey"><ObjectKey class="com.soa.service.operation.model.BindingOperationQualifiedKey">{https://spreadsheets.google.com/feeds}Google_Sheets_API$$${https://spreadsheets.google.com/feeds}Google_Sheets_API_Binding$$$GET__cells__key___worksheetId___visibility___protection_</ObjectKey></Node></From><To><Node type="urn:com:soa:ObjectKey"><ObjectKey class="com.soa.service.model.ServiceKey">uddi:c0e2bfef-9f90-11e4-bd8a-eaa1e8f31cf2</ObjectKey></Node></To></Link><Link type="virtualop->bpel:route"><From><Node type="urn:com:soa:ObjectKey"><ObjectKey class="com.soa.service.operation.model.OperationKey">46c801ba-c2fb-11e4-b79d-bcadfb6b06d1</ObjectKey></Node></From><To><Node type="urn:com:soa:ObjectKey"><ObjectKey class="com.soa.bpel.BpelKey">bpel:46ee4e86-c2fb-11e4-b79d-bcadfb6b06d1</ObjectKey></Node></To></Link><Link type="operation->service:parent"><From><Node type="urn:com:soa:ObjectKey"><ObjectKey class="com.soa.service.operation.model.OperationKey">2865823d-c146-11e4-a8c1-9fc598e31387</ObjectKey></Node></From><To><Node type="urn:com:soa:ObjectKey"><ObjectKey class="com.soa.service.model.ServiceKey">uddi:c0e2bfef-9f90-11e4-bd8a-eaa1e8f31cf2</ObjectKey></Node></To></Link><Link type="service->operation:child"><From><Node type="urn:com:soa:ObjectKey"><ObjectKey class="com.soa.service.model.ServiceKey">uddi:46a696f8-c2fb-11e4-b79d-bcadfb6b06d1</ObjectKey></Node></From><To><Node type="urn:com:soa:ObjectKey"><ObjectKey class="com.soa.service.operation.model.OperationKey">46c5b7c3-c2fb-11e4-b79d-bcadfb6b06d1</ObjectKey></Node></To></Link><Link type="service->operation:child"><From><Node type="urn:com:soa:ObjectKey"><ObjectKey class="com.soa.service.model.ServiceKey">uddi:c0e2bfef-9f90-11e4-bd8a-eaa1e8f31cf2</ObjectKey></Node></From><To><Node type="urn:com:soa:ObjectKey"><ObjectKey class="com.soa.service.operation.model.OperationKey">28681a55-c146-11e4-a8c1-9fc598e31387</ObjectKey></Node></To></Link><Link type="service->bndoperation:child"><From><Node type="urn:com:soa:ObjectKey"><ObjectKey class="com.soa.service.model.ServiceKey">uddi:c0e2bfef-9f90-11e4-bd8a-eaa1e8f31cf2</ObjectKey></Node></From><To><Node type="urn:com:soa:ObjectKey"><ObjectKey class="com.soa.service.operation.model.BindingOperationQualifiedKey">{https://spreadsheets.google.com/feeds}Google_Sheets_API$$${https://spreadsheets.google.com/feeds}Google_Sheets_API_Binding$$$GET__cells__key___worksheetId___visibility___protection_</ObjectKey></Node></To></Link><Link type="virtualop->bpel:route"><From><Node type="urn:com:soa:ObjectKey"><ObjectKey class="com.soa.service.operation.model.OperationKey">46c51b80-c2fb-11e4-b79d-bcadfb6b06d1</ObjectKey></Node></From><To><Node type="urn:com:soa:ObjectKey"><ObjectKey class="com.soa.bpel.BpelKey">bpel:470de47b-c2fb-11e4-b79d-bcadfb6b06d1</ObjectKey></Node></To></Link><Link type="bpel->virtualop:routedBy"><From><Node type="urn:com:soa:ObjectKey"><ObjectKey class="com.soa.bpel.BpelKey">bpel:470de47b-c2fb-11e4-b79d-bcadfb6b06d1</ObjectKey></Node></From><To><Node type="urn:com:soa:ObjectKey"><ObjectKey class="com.soa.service.operation.model.OperationKey">46c51b80-c2fb-11e4-b79d-bcadfb6b06d1</ObjectKey></Node></To></Link><Link type="bpel->virtualop:routedBy"><From><Node type="urn:com:soa:ObjectKey"><ObjectKey class="com.soa.bpel.BpelKey">bpel:47018869-c2fb-11e4-b79d-bcadfb6b06d1</ObjectKey></Node></From><To><Node type="urn:com:soa:ObjectKey"><ObjectKey class="com.soa.service.operation.model.OperationKey">46ca72c2-c2fb-11e4-b79d-bcadfb6b06d1</ObjectKey></Node></To></Link><Link type="virtualop->bpel:route"><From><Node type="urn:com:soa:ObjectKey"><ObjectKey class="com.soa.service.operation.model.OperationKey">46ca72c2-c2fb-11e4-b79d-bcadfb6b06d1</ObjectKey></Node></From><To><Node type="urn:com:soa:ObjectKey"><ObjectKey class="com.soa.bpel.BpelKey">bpel:47018869-c2fb-11e4-b79d-bcadfb6b06d1</ObjectKey></Node></To></Link><Link type="bndoperation->service:parent"><From><Node type="urn:com:soa:ObjectKey"><ObjectKey class="com.soa.service.operation.model.BindingOperationQualifiedKey">{https://spreadsheets.google.com/feeds}Google_Sheets_API$$${https://spreadsheets.google.com/feeds}Google_Sheets_API_Binding$$$GET__spreadsheets__visibility___protection_</ObjectKey></Node></From><To><Node type="urn:com:soa:ObjectKey"><ObjectKey class="com.soa.service.model.ServiceKey">uddi:c0e2bfef-9f90-11e4-bd8a-eaa1e8f31cf2</ObjectKey></Node></To></Link><Link type="org->service:child"><From><Node type="urn:com:soa:ObjectKey"><ObjectKey class="com.soa.organization.model.OrganizationKey">uddi:603d313b-c3b4-11e4-b79d-bcadfb6b06d1</ObjectKey></Node></From><To><Node type="urn:com:soa:ObjectKey"><ObjectKey class="com.soa.service.model.ServiceKey">uddi:c0e2bfef-9f90-11e4-bd8a-eaa1e8f31cf2</ObjectKey></Node></To></Link><Link type="operation->service:parent"><From><Node type="urn:com:soa:ObjectKey"><ObjectKey class="com.soa.service.operation.model.OperationKey">2866bac1-c146-11e4-a8c1-9fc598e31387</ObjectKey></Node></From><To><Node type="urn:com:soa:ObjectKey"><ObjectKey class="com.soa.service.model.ServiceKey">uddi:c0e2bfef-9f90-11e4-bd8a-eaa1e8f31cf2</ObjectKey></Node></To></Link><Link type="interface->service:implements"><From><Node type="urn:com:soa:ObjectKey"><ObjectKey class="com.soa.wsdl.model.impl.WsdlInterfaceImpl">uddi:bb558a13-b96e-badc-0100-166708e01454</ObjectKey></Node></From><To><Node type="urn:com:soa:ObjectKey"><ObjectKey class="com.soa.service.model.ServiceKey">uddi:46a696f8-c2fb-11e4-b79d-bcadfb6b06d1</ObjectKey></Node></To></Link><Link type="service->endpoint:child"><From><Node type="urn:com:soa:ObjectKey"><ObjectKey class="com.soa.service.model.ServiceKey">uddi:ed9f2490-b56d-11e4-86ce-86c450a25418</ObjectKey></Node></From><To><Node type="urn:com:soa:ObjectKey"><ObjectKey class="com.soa.service.endpoint.EndpointKey">uddi:edee07e7-b56d-11e4-86ce-86c450a25418</ObjectKey></Node></To></Link><Link type="operation->service:parent"><From><Node type="urn:com:soa:ObjectKey"><ObjectKey class="com.soa.service.operation.model.OperationKey">46cbd257-c2fb-11e4-b79d-bcadfb6b06d1</ObjectKey></Node></From><To><Node type="urn:com:soa:ObjectKey"><ObjectKey class="com.soa.service.model.ServiceKey">uddi:46a696f8-c2fb-11e4-b79d-bcadfb6b06d1</ObjectKey></Node></To></Link><Link type="virtualop->bpel:route"><From><Node type="urn:com:soa:ObjectKey"><ObjectKey class="com.soa.service.operation.model.OperationKey">46c73e68-c2fb-11e4-b79d-bcadfb6b06d1</ObjectKey></Node></From><To><Node type="urn:com:soa:ObjectKey"><ObjectKey class="com.soa.bpel.BpelKey">bpel:47144d1c-c2fb-11e4-b79d-bcadfb6b06d1</ObjectKey></Node></To></Link><Link type="bpel->virtualop:routedBy"><From><Node type="urn:com:soa:ObjectKey"><ObjectKey class="com.soa.bpel.BpelKey">bpel:47144d1c-c2fb-11e4-b79d-bcadfb6b06d1</ObjectKey></Node></From><To><Node type="urn:com:soa:ObjectKey"><ObjectKey class="com.soa.service.operation.model.OperationKey">46c73e68-c2fb-11e4-b79d-bcadfb6b06d1</ObjectKey></Node></To></Link><Link type="operation->service:parent"><From><Node type="urn:com:soa:ObjectKey"><ObjectKey class="com.soa.service.operation.model.OperationKey">46c67b16-c2fb-11e4-b79d-bcadfb6b06d1</ObjectKey></Node></From><To><Node type="urn:com:soa:ObjectKey"><ObjectKey class="com.soa.service.model.ServiceKey">uddi:46a696f8-c2fb-11e4-b79d-bcadfb6b06d1</ObjectKey></Node></To></Link><Link type="operation->service:parent"><From><Node type="urn:com:soa:ObjectKey"><ObjectKey class="com.soa.service.operation.model.OperationKey">286952d9-c146-11e4-a8c1-9fc598e31387</ObjectKey></Node></From><To><Node type="urn:com:soa:ObjectKey"><ObjectKey class="com.soa.service.model.ServiceKey">uddi:c0e2bfef-9f90-11e4-bd8a-eaa1e8f31cf2</ObjectKey></Node></To></Link><Link type="service->identity:refer"><From><Node type="urn:com:soa:ObjectKey"><ObjectKey class="com.soa.service.model.ServiceKey">uddi:46a696f8-c2fb-11e4-b79d-bcadfb6b06d1</ObjectKey></Node></From><To><Node type="urn:com:soa:ObjectKey"><ObjectKey class="com.soa.security.util.QualifiedUserName">Local Domain\lfHZW291CQuTJ+p97tILYw==</ObjectKey></Node></To></Link><Link type="bndoperation->service:parent"><From><Node type="urn:com:soa:ObjectKey"><ObjectKey class="com.soa.service.operation.model.BindingOperationQualifiedKey">{https://spreadsheets.google.com/feeds}Google_Sheets_API_vs0$$${https://spreadsheets.google.com/feeds}Google_Sheets_API_Binding$$$PUT__list__key___worksheetId___visibility___protection_</ObjectKey></Node></From><To><Node type="urn:com:soa:ObjectKey"><ObjectKey class="com.soa.service.model.ServiceKey">uddi:46a696f8-c2fb-11e4-b79d-bcadfb6b06d1</ObjectKey></Node></To></Link><Link type="script->script:ReferedBy"><From><Node type="urn:com:soa:ObjectKey"><ObjectKey class="com.soa.scripts.ScriptKey">script:1abddfbb-c22f-11e4-a8c1-9fc598e31387</ObjectKey></Node></From><To><Node type="urn:com:soa:ObjectKey"><ObjectKey class="com.soa.scripts.ScriptKey">script:1d53e92c-c3b6-11e4-b79d-bcadfb6b06d1</ObjectKey></Node></To></Link><Link type="operational_policy->org:parent"><From><Node type="urn:com:soa:ObjectKey"><ObjectKey class="com.soa.policy.config.model.PolicyKey">urn:uuid:e8726546-c3b7-11e4-b3fe-e060b1cf820a</ObjectKey></Node></From><To><Node type="urn:com:soa:ObjectKey"><ObjectKey class="com.soa.organization.model.OrganizationKey">uddi:603d313b-c3b4-11e4-b79d-bcadfb6b06d1</ObjectKey></Node></To></Link><Link type="service->operation:child"><From><Node type="urn:com:soa:ObjectKey"><ObjectKey class="com.soa.service.model.ServiceKey">uddi:46a696f8-c2fb-11e4-b79d-bcadfb6b06d1</ObjectKey></Node></From><To><Node type="urn:com:soa:ObjectKey"><ObjectKey class="com.soa.service.operation.model.OperationKey">46c4582e-c2fb-11e4-b79d-bcadfb6b06d1</ObjectKey></Node></To></Link><Link type="service->identity:refer"><From><Node type="urn:com:soa:ObjectKey"><ObjectKey class="com.soa.service.model.ServiceKey">uddi:c0e2bfef-9f90-11e4-bd8a-eaa1e8f31cf2</ObjectKey></Node></From><To><Node type="urn:com:soa:ObjectKey"><ObjectKey class="com.soa.security.util.QualifiedUserName">Local Domain\cYUf5fVctXpbnNuu1Fx64Q==</ObjectKey></Node></To></Link><Link type="service->bndoperation:child"><From><Node type="urn:com:soa:ObjectKey"><ObjectKey class="com.soa.service.model.ServiceKey">uddi:46a696f8-c2fb-11e4-b79d-bcadfb6b06d1</ObjectKey></Node></From><To><Node type="urn:com:soa:ObjectKey"><ObjectKey class="com.soa.service.operation.model.BindingOperationQualifiedKey">{https://spreadsheets.google.com/feeds}Google_Sheets_API_vs0$$${https://spreadsheets.google.com/feeds}Google_Sheets_API_Binding$$$GET__list__key___worksheetId___visibility___protection_</ObjectKey></Node></To></Link><Link type="service->operationalpolicy:ReferedBy"><From><Node type="urn:com:soa:ObjectKey"><ObjectKey class="com.soa.service.model.ServiceKey">uddi:46a696f8-c2fb-11e4-b79d-bcadfb6b06d1</ObjectKey></Node></From><To><Node type="urn:com:soa:ObjectKey"><ObjectKey class="com.soa.policy.config.model.PolicyKey">DetailedAuditing</ObjectKey></Node></To></Link><Link type="bndoperation->service:parent"><From><Node type="urn:com:soa:ObjectKey"><ObjectKey class="com.soa.service.operation.model.BindingOperationQualifiedKey">{https://spreadsheets.google.com/feeds}Google_Sheets_API_vs0$$${https://spreadsheets.google.com/feeds}Google_Sheets_API_Binding$$$GET__list__key___worksheetId___visibility___protection_</ObjectKey></Node></From><To><Node type="urn:com:soa:ObjectKey"><ObjectKey class="com.soa.service.model.ServiceKey">uddi:46a696f8-c2fb-11e4-b79d-bcadfb6b06d1</ObjectKey></Node></To></Link><Link type="service->bndoperation:child"><From><Node type="urn:com:soa:ObjectKey"><ObjectKey class="com.soa.service.model.ServiceKey">uddi:46a696f8-c2fb-11e4-b79d-bcadfb6b06d1</ObjectKey></Node></From><To><Node type="urn:com:soa:ObjectKey"><ObjectKey class="com.soa.service.operation.model.BindingOperationQualifiedKey">{https://spreadsheets.google.com/feeds}Google_Sheets_API_vs0$$${https://spreadsheets.google.com/feeds}Google_Sheets_API_Binding$$$PUT__list__key___worksheetId___visibility___protection_</ObjectKey></Node></To></Link><Link type="service->operation:child"><From><Node type="urn:com:soa:ObjectKey"><ObjectKey class="com.soa.service.model.ServiceKey">uddi:46a696f8-c2fb-11e4-b79d-bcadfb6b06d1</ObjectKey></Node></From><To><Node type="urn:com:soa:ObjectKey"><ObjectKey class="com.soa.service.operation.model.OperationKey">46cb0f04-c2fb-11e4-b79d-bcadfb6b06d1</ObjectKey></Node></To></Link><Link type="service->operation:child"><From><Node type="urn:com:soa:ObjectKey"><ObjectKey class="com.soa.service.model.ServiceKey">uddi:46a696f8-c2fb-11e4-b79d-bcadfb6b06d1</ObjectKey></Node></From><To><Node type="urn:com:soa:ObjectKey"><ObjectKey class="com.soa.service.operation.model.OperationKey">46c73e68-c2fb-11e4-b79d-bcadfb6b06d1</ObjectKey></Node></To></Link><Link type="operation->service:parent"><From><Node type="urn:com:soa:ObjectKey"><ObjectKey class="com.soa.service.operation.model.OperationKey">286422a8-c146-11e4-a8c1-9fc598e31387</ObjectKey></Node></From><To><Node type="urn:com:soa:ObjectKey"><ObjectKey class="com.soa.service.model.ServiceKey">uddi:c0e2bfef-9f90-11e4-bd8a-eaa1e8f31cf2</ObjectKey></Node></To></Link><Link type="operation->service:parent"><From><Node type="urn:com:soa:ObjectKey"><ObjectKey class="com.soa.service.operation.model.OperationKey">46ca72c2-c2fb-11e4-b79d-bcadfb6b06d1</ObjectKey></Node></From><To><Node type="urn:com:soa:ObjectKey"><ObjectKey class="com.soa.service.model.ServiceKey">uddi:46a696f8-c2fb-11e4-b79d-bcadfb6b06d1</ObjectKey></Node></To></Link></Links></DepedendencyGraph>