<?xml version="1.0" encoding="UTF-8"?>
<ns8:ExportConfiguration xmlns="http://digev.com/uri/products/ManagementServer/xsd/1.0" xmlns:ns10="http://soa.com/uri/products/Policy/xsd/1.0" xmlns:ns11="http://soa.com/uri/products/Contracts/xsd/1.0" xmlns:ns12="http://soa.com/uri/products/IdentityAuthorization/xsd/1.0" xmlns:ns13="http://soa.com/uri/products/Organization/xsd/1.0" xmlns:ns14="http://digev.com/uri/products/AlertManager/xsd/1.0" xmlns:ns15="http://digev.com/uri/products/PolicyManager/xsd/1.0" xmlns:ns2="http://digev.com/uri/products/Types/xsd/1.0" xmlns:ns3="http://www.soa.com/uri/products/SLAPolicy/xsd/1.0" xmlns:ns4="urn:uddi-org:api_v3" xmlns:ns5="http://www.w3.org/2000/09/xmldsig#" xmlns:ns6="http://soa.com/uri/products/ServiceProperties/1.0" xmlns:ns7="http://soa.com/uri/products/ServiceEndpointProperties/1.0" xmlns:ns8="http://www.soa.com/uri/products/ServiceManagerMigration/xsd/1.0" xmlns:ns9="urn:uddi-org:sub_v3"><ns8:SourceOrganization><ns2:Key>uddi:soa.com:registryorganization</ns2:Key></ns8:SourceOrganization><ns8:ExportObjectConfiguration><ns2:OrganizationKey><ns2:Key>uddi:603d313b-c3b4-11e4-b79d-bcadfb6b06d1</ns2:Key></ns2:OrganizationKey><ns8:ExportOrganization><ns13:Organization><ns13:OrganizationKey><ns2:Key>uddi:603d313b-c3b4-11e4-b79d-bcadfb6b06d1</ns2:Key></ns13:OrganizationKey><ns13:ParentKey><ns2:Key>uddi:soa.com:registryorganization</ns2:Key></ns13:ParentKey><ns13:Name>Google Sheets API Hook</ns13:Name><ns13:Description></ns13:Description><ns13:OrganizationType>Project</ns13:OrganizationType></ns13:Organization><ns4:businessEntity businessKey="uddi:603d313b-c3b4-11e4-b79d-bcadfb6b06d1"><ns4:name>Google Sheets API Hook</ns4:name><ns4:categoryBag><ns4:keyedReferenceGroup tModelKey="uddi:soa.com:organization:group"><ns4:keyedReference keyName="Organization type" keyValue="Project" tModelKey="uddi:soa.com:categorization:organizationtype"/></ns4:keyedReferenceGroup></ns4:categoryBag></ns4:businessEntity></ns8:ExportOrganization></ns8:ExportObjectConfiguration><ns8:ExportObjectConfiguration><ns2:ScriptKey><ns2:Key>script:1d53e92c-c3b6-11e4-b79d-bcadfb6b06d1</ns2:Key></ns2:ScriptKey><ns8:ExportScript><ns8:ScriptUri>scripts/script_1d53e92c-c3b6-11e4-b79d-bcadfb6b06d1.xml</ns8:ScriptUri><ns8:Name>GetGoogleAuthToken</ns8:Name><ns8:Description></ns8:Description><ns8:ScriptKey>script:1d53e92c-c3b6-11e4-b79d-bcadfb6b06d1</ns8:ScriptKey><ns8:OrganizationKey>uddi:603d313b-c3b4-11e4-b79d-bcadfb6b06d1</ns8:OrganizationKey><ns8:Type>js</ns8:Type></ns8:ExportScript></ns8:ExportObjectConfiguration><ns8:ExportObjectConfiguration><ns2:ScriptKey><ns2:Key>script:1abddfbb-c22f-11e4-a8c1-9fc598e31387</ns2:Key></ns2:ScriptKey><ns8:ExportScript><ns8:ScriptUri>scripts/script_1abddfbb-c22f-11e4-a8c1-9fc598e31387.xml</ns8:ScriptUri><ns8:Name>sheets-Common</ns8:Name><ns8:Description></ns8:Description><ns8:ScriptKey>script:1abddfbb-c22f-11e4-a8c1-9fc598e31387</ns8:ScriptKey><ns8:OrganizationKey>uddi:603d313b-c3b4-11e4-b79d-bcadfb6b06d1</ns8:OrganizationKey><ns8:Type>js</ns8:Type></ns8:ExportScript></ns8:ExportObjectConfiguration><ns8:ExportObjectConfiguration><ns2:BpelKey><ns2:Key>bpel:814ab504-c9e8-11e4-b34e-c1e7b9cfed01</ns2:Key></ns2:BpelKey><ns8:ExportBpel><ns8:BpelUri>bpels/bpel_814ab504-c9e8-11e4-b34e-c1e7b9cfed01.xml</ns8:BpelUri></ns8:ExportBpel></ns8:ExportObjectConfiguration><ns8:ExportObjectConfiguration><ns2:BpelKey><ns2:Key>bpel:9b074cce-c9e8-11e4-b34e-c1e7b9cfed01</ns2:Key></ns2:BpelKey><ns8:ExportBpel><ns8:BpelUri>bpels/bpel_9b074cce-c9e8-11e4-b34e-c1e7b9cfed01.xml</ns8:BpelUri></ns8:ExportBpel></ns8:ExportObjectConfiguration><ns8:ExportObjectConfiguration><ns2:BpelKey><ns2:Key>bpel:ccd64788-c9eb-11e4-b34e-c1e7b9cfed01</ns2:Key></ns2:BpelKey><ns8:ExportBpel><ns8:BpelUri>bpels/bpel_ccd64788-c9eb-11e4-b34e-c1e7b9cfed01.xml</ns8:BpelUri></ns8:ExportBpel></ns8:ExportObjectConfiguration><ns8:ExportObjectConfiguration><ns2:BpelKey><ns2:Key>bpel:c2ee8863-c9ea-11e4-b34e-c1e7b9cfed01</ns2:Key></ns2:BpelKey><ns8:ExportBpel><ns8:BpelUri>bpels/bpel_c2ee8863-c9ea-11e4-b34e-c1e7b9cfed01.xml</ns8:BpelUri></ns8:ExportBpel></ns8:ExportObjectConfiguration><ns8:ExportObjectConfiguration><ns2:BpelKey><ns2:Key>bpel:3b33df07-c9eb-11e4-b34e-c1e7b9cfed01</ns2:Key></ns2:BpelKey><ns8:ExportBpel><ns8:BpelUri>bpels/bpel_3b33df07-c9eb-11e4-b34e-c1e7b9cfed01.xml</ns8:BpelUri></ns8:ExportBpel></ns8:ExportObjectConfiguration><ns8:ExportObjectConfiguration><ns2:BpelKey><ns2:Key>bpel:1a4b3ae4-c9ec-11e4-b34e-c1e7b9cfed01</ns2:Key></ns2:BpelKey><ns8:ExportBpel><ns8:BpelUri>bpels/bpel_1a4b3ae4-c9ec-11e4-b34e-c1e7b9cfed01.xml</ns8:BpelUri></ns8:ExportBpel></ns8:ExportObjectConfiguration><ns8:ExportObjectConfiguration><ns2:BpelKey><ns2:Key>bpel:520bcd79-c9eb-11e4-b34e-c1e7b9cfed01</ns2:Key></ns2:BpelKey><ns8:ExportBpel><ns8:BpelUri>bpels/bpel_520bcd79-c9eb-11e4-b34e-c1e7b9cfed01.xml</ns8:BpelUri></ns8:ExportBpel></ns8:ExportObjectConfiguration><ns8:ExportObjectConfiguration><ns2:BpelKey><ns2:Key>bpel:9935883e-c9ea-11e4-b34e-c1e7b9cfed01</ns2:Key></ns2:BpelKey><ns8:ExportBpel><ns8:BpelUri>bpels/bpel_9935883e-c9ea-11e4-b34e-c1e7b9cfed01.xml</ns8:BpelUri></ns8:ExportBpel></ns8:ExportObjectConfiguration><ns8:ExportObjectConfiguration><ns2:BpelKey><ns2:Key>bpel:2ced6974-cc4a-11e4-93fa-864b2dedf790</ns2:Key></ns2:BpelKey><ns8:ExportBpel><ns8:BpelUri>bpels/bpel_2ced6974-cc4a-11e4-93fa-864b2dedf790.xml</ns8:BpelUri></ns8:ExportBpel></ns8:ExportObjectConfiguration><ns8:ExportObjectConfiguration><ns2:BpelKey><ns2:Key>bpel:09716ae3-c9ec-11e4-b34e-c1e7b9cfed01</ns2:Key></ns2:BpelKey><ns8:ExportBpel><ns8:BpelUri>bpels/bpel_09716ae3-c9ec-11e4-b34e-c1e7b9cfed01.xml</ns8:BpelUri></ns8:ExportBpel></ns8:ExportObjectConfiguration><ns8:ExportObjectConfiguration><ns2:BpelKey><ns2:Key>bpel:b3410dd3-c9eb-11e4-b34e-c1e7b9cfed01</ns2:Key></ns2:BpelKey><ns8:ExportBpel><ns8:BpelUri>bpels/bpel_b3410dd3-c9eb-11e4-b34e-c1e7b9cfed01.xml</ns8:BpelUri></ns8:ExportBpel></ns8:ExportObjectConfiguration><ns8:ExportObjectConfiguration><ns2:BpelKey><ns2:Key>bpel:adb751a4-c9ea-11e4-b34e-c1e7b9cfed01</ns2:Key></ns2:BpelKey><ns8:ExportBpel><ns8:BpelUri>bpels/bpel_adb751a4-c9ea-11e4-b34e-c1e7b9cfed01.xml</ns8:BpelUri></ns8:ExportBpel></ns8:ExportObjectConfiguration><ns8:ExportObjectConfiguration><ns2:BpelKey><ns2:Key>bpel:6c24bd51-c9e8-11e4-b34e-c1e7b9cfed01</ns2:Key></ns2:BpelKey><ns8:ExportBpel><ns8:BpelUri>bpels/bpel_6c24bd51-c9e8-11e4-b34e-c1e7b9cfed01.xml</ns8:BpelUri></ns8:ExportBpel></ns8:ExportObjectConfiguration><ns8:ExportObjectConfiguration><ns2:BpelKey><ns2:Key>bpel:1d0e6ee0-c9eb-11e4-b34e-c1e7b9cfed01</ns2:Key></ns2:BpelKey><ns8:ExportBpel><ns8:BpelUri>bpels/bpel_1d0e6ee0-c9eb-11e4-b34e-c1e7b9cfed01.xml</ns8:BpelUri></ns8:ExportBpel></ns8:ExportObjectConfiguration><ns8:ExportObjectConfiguration><ns2:BpelKey><ns2:Key>bpel:079007b6-c9e9-11e4-b34e-c1e7b9cfed01</ns2:Key></ns2:BpelKey><ns8:ExportBpel><ns8:BpelUri>bpels/bpel_079007b6-c9e9-11e4-b34e-c1e7b9cfed01.xml</ns8:BpelUri></ns8:ExportBpel></ns8:ExportObjectConfiguration><ns8:ExportObjectConfiguration><ns2:BpelKey><ns2:Key>bpel:f5acd703-c9eb-11e4-b34e-c1e7b9cfed01</ns2:Key></ns2:BpelKey><ns8:ExportBpel><ns8:BpelUri>bpels/bpel_f5acd703-c9eb-11e4-b34e-c1e7b9cfed01.xml</ns8:BpelUri></ns8:ExportBpel></ns8:ExportObjectConfiguration><ns8:ExportObjectConfiguration><ns2:BpelKey><ns2:Key>bpel:e2ce8459-c9eb-11e4-b34e-c1e7b9cfed01</ns2:Key></ns2:BpelKey><ns8:ExportBpel><ns8:BpelUri>bpels/bpel_e2ce8459-c9eb-11e4-b34e-c1e7b9cfed01.xml</ns8:BpelUri></ns8:ExportBpel></ns8:ExportObjectConfiguration><ns8:ExportObjectConfiguration><ns2:BpelKey><ns2:Key>bpel:85c894b6-c9eb-11e4-b34e-c1e7b9cfed01</ns2:Key></ns2:BpelKey><ns8:ExportBpel><ns8:BpelUri>bpels/bpel_85c894b6-c9eb-11e4-b34e-c1e7b9cfed01.xml</ns8:BpelUri></ns8:ExportBpel></ns8:ExportObjectConfiguration><ns8:ExportObjectConfiguration><ns2:InterfaceKey><ns2:Key>uddi:781b74bf-471c-1c42-8acf-0f2326c2f806</ns2:Key><ns2:InterfaceQName>{https://www.googleapis.com/oauth2/v3}Google_Auth_API</ns2:InterfaceQName></ns2:InterfaceKey><ns8:ExportInterface><ns4:tModel deleted="false" tModelKey="uddi:781b74bf-471c-1c42-8acf-0f2326c2f806"><ns4:name>Google_Auth_API</ns4:name><ns4:categoryBag><ns4:keyedReference keyName="portType namespace" keyValue="https://www.googleapis.com/oauth2/v3" tModelKey="uddi:uddi.org:xml:namespace"/><ns4:keyedReference keyName="WSDL type" keyValue="portType" tModelKey="uddi:uddi.org:wsdl:types"/></ns4:categoryBag></ns4:tModel><ns8:InterfaceWsdlUri>wsdls/uddi_781b74bf-471c-1c42-8acf-0f2326c2f806.wsdl</ns8:InterfaceWsdlUri></ns8:ExportInterface></ns8:ExportObjectConfiguration><ns8:ExportObjectConfiguration><ns2:InterfaceKey><ns2:Key>uddi:bb558a13-b96e-badc-0100-166708e01454</ns2:Key><ns2:InterfaceQName>{https://spreadsheets.google.com/feeds}Google_Sheets_API_PortType</ns2:InterfaceQName></ns2:InterfaceKey><ns8:ExportInterface><ns4:tModel deleted="false" tModelKey="uddi:bb558a13-b96e-badc-0100-166708e01454"><ns4:name>Google_Sheets_API_PortType</ns4:name><ns4:categoryBag><ns4:keyedReference keyName="portType namespace" keyValue="https://spreadsheets.google.com/feeds" tModelKey="uddi:uddi.org:xml:namespace"/><ns4:keyedReference keyName="WSDL type" keyValue="portType" tModelKey="uddi:uddi.org:wsdl:types"/></ns4:categoryBag></ns4:tModel><ns8:InterfaceWsdlUri>wsdls/uddi_bb558a13-b96e-badc-0100-166708e01454.wsdl</ns8:InterfaceWsdlUri></ns8:ExportInterface></ns8:ExportObjectConfiguration><ns8:ExportObjectConfiguration><ns2:InterfaceKey><ns2:Key>uddi:4f6f7ed1-6914-2684-e901-22e69dd7a5f3</ns2:Key><ns2:InterfaceQName>{https://spreadsheets.google.com/feeds}Google_Sheets_API_Hook_PortType</ns2:InterfaceQName></ns2:InterfaceKey><ns8:ExportInterface><ns4:tModel deleted="false" tModelKey="uddi:4f6f7ed1-6914-2684-e901-22e69dd7a5f3"><ns4:name>Google_Sheets_API_Hook_PortType</ns4:name><ns4:categoryBag><ns4:keyedReference keyName="portType namespace" keyValue="https://spreadsheets.google.com/feeds" tModelKey="uddi:uddi.org:xml:namespace"/><ns4:keyedReference keyName="WSDL type" keyValue="portType" tModelKey="uddi:uddi.org:wsdl:types"/></ns4:categoryBag></ns4:tModel><ns8:InterfaceWsdlUri>wsdls/uddi_4f6f7ed1-6914-2684-e901-22e69dd7a5f3.wsdl</ns8:InterfaceWsdlUri></ns8:ExportInterface></ns8:ExportObjectConfiguration><ns8:ExportObjectConfiguration><ns2:BindingKey><ns2:Key>uddi:4eba56b4-9ecf-2095-ee70-490162d8a4e7</ns2:Key><ns2:BindingQName>{https://www.googleapis.com/oauth2/v3}Google_Auth_API</ns2:BindingQName><ns2:BindingType>binding.http</ns2:BindingType></ns2:BindingKey><ns8:ExportBinding><ns4:tModel deleted="false" tModelKey="uddi:4eba56b4-9ecf-2095-ee70-490162d8a4e7"><ns4:name>Google_Auth_API</ns4:name><ns4:categoryBag><ns4:keyedReference keyName="binding namespace" keyValue="https://www.googleapis.com/oauth2/v3" tModelKey="uddi:uddi.org:xml:namespace"/><ns4:keyedReference keyName="WSDL type" keyValue="binding" tModelKey="uddi:uddi.org:wsdl:types"/><ns4:keyedReference keyName="portType Reference" keyValue="uddi:781b74bf-471c-1c42-8acf-0f2326c2f806" tModelKey="uddi:uddi.org:wsdl:porttypereference"/><ns4:keyedReference keyName="uddi-org:types" keyValue="wsdlSpec" tModelKey="uddi:uddi.org:categorization:types"/></ns4:categoryBag></ns4:tModel><ns8:BindingWsdlUri>wsdls/uddi_4eba56b4-9ecf-2095-ee70-490162d8a4e7.wsdl</ns8:BindingWsdlUri></ns8:ExportBinding></ns8:ExportObjectConfiguration><ns8:ExportObjectConfiguration><ns2:BindingKey><ns2:Key>uddi:ac5d5cda-dba3-2d2e-6713-eae3735fc87c</ns2:Key><ns2:BindingQName>{https://spreadsheets.google.com/feeds}Google_Sheets_API_Binding</ns2:BindingQName><ns2:BindingType>binding.http</ns2:BindingType></ns2:BindingKey><ns8:ExportBinding><ns4:tModel deleted="false" tModelKey="uddi:ac5d5cda-dba3-2d2e-6713-eae3735fc87c"><ns4:name>Google_Sheets_API_Binding</ns4:name><ns4:categoryBag><ns4:keyedReference keyName="binding namespace" keyValue="https://spreadsheets.google.com/feeds" tModelKey="uddi:uddi.org:xml:namespace"/><ns4:keyedReference keyName="WSDL type" keyValue="binding" tModelKey="uddi:uddi.org:wsdl:types"/><ns4:keyedReference keyName="uddi-org:types" keyValue="wsdlSpec" tModelKey="uddi:uddi.org:categorization:types"/><ns4:keyedReference keyName="portType Reference" keyValue="uddi:bb558a13-b96e-badc-0100-166708e01454" tModelKey="uddi:uddi.org:wsdl:porttypereference"/></ns4:categoryBag></ns4:tModel><ns8:BindingWsdlUri>wsdls/uddi_ac5d5cda-dba3-2d2e-6713-eae3735fc87c.wsdl</ns8:BindingWsdlUri></ns8:ExportBinding></ns8:ExportObjectConfiguration><ns8:ExportObjectConfiguration><ns2:BindingKey><ns2:Key>uddi:1b7ba980-4d93-aa65-865d-35efd3c96c20</ns2:Key><ns2:BindingQName>{https://spreadsheets.google.com/feeds}Google_Sheets_API_Hook_Binding</ns2:BindingQName><ns2:BindingType>binding.http</ns2:BindingType></ns2:BindingKey><ns8:ExportBinding><ns4:tModel deleted="false" tModelKey="uddi:1b7ba980-4d93-aa65-865d-35efd3c96c20"><ns4:name>Google_Sheets_API_Hook_Binding</ns4:name><ns4:categoryBag><ns4:keyedReference keyName="binding namespace" keyValue="https://spreadsheets.google.com/feeds" tModelKey="uddi:uddi.org:xml:namespace"/><ns4:keyedReference keyName="WSDL type" keyValue="binding" tModelKey="uddi:uddi.org:wsdl:types"/><ns4:keyedReference keyName="uddi-org:types" keyValue="wsdlSpec" tModelKey="uddi:uddi.org:categorization:types"/><ns4:keyedReference keyName="portType Reference" keyValue="uddi:4f6f7ed1-6914-2684-e901-22e69dd7a5f3" tModelKey="uddi:uddi.org:wsdl:porttypereference"/></ns4:categoryBag></ns4:tModel><ns8:BindingWsdlUri>wsdls/uddi_1b7ba980-4d93-aa65-865d-35efd3c96c20.wsdl</ns8:BindingWsdlUri></ns8:ExportBinding></ns8:ExportObjectConfiguration><ns8:ExportObjectConfiguration><ns2:ServiceKey><ns2:Key>uddi:4198a3b3-c9ea-11e4-b34e-c1e7b9cfed01</ns2:Key><ns2:ServiceQName>{https://spreadsheets.google.com/feeds}Google_Sheets_API</ns2:ServiceQName></ns2:ServiceKey><ns8:ExportService><PhysicalService BusinessKey="uddi:603d313b-c3b4-11e4-b79d-bcadfb6b06d1" Discovered="false" ServiceKey="uddi:4198a3b3-c9ea-11e4-b34e-c1e7b9cfed01" WsdlServiceLocalName="Google_Sheets_API" WsdlTargetNamespaceUrl="https://spreadsheets.google.com/feeds"><Name>Google_Sheets_API</Name><Description></Description><Operations><Operation InterfaceName="{https://spreadsheets.google.com/feeds}Google_Sheets_API_PortType" ManagementState="Enabled" NumOfVirtualizedOperations="1" OperationKey="41d5379d-c9ea-11e4-b34e-c1e7b9cfed01" OperationLastUpdatedAt="2015-03-14T23:47:10.113Z" OperationName="DELETE /list/{key}/{worksheetId}/{visibility}/{protection}" PolicyAvailable="true" ServiceKey="uddi:4198a3b3-c9ea-11e4-b34e-c1e7b9cfed01" WsdlOperationName="DELETE__list__key___worksheetId___visibility___protection_"/><Operation InterfaceName="{https://spreadsheets.google.com/feeds}Google_Sheets_API_PortType" ManagementState="Enabled" NumOfVirtualizedOperations="1" OperationKey="41d0f1d3-c9ea-11e4-b34e-c1e7b9cfed01" OperationLastUpdatedAt="2015-03-14T23:47:10.113Z" OperationName="DELETE /worksheets/{key}/{visibility}/{protection}" PolicyAvailable="true" ServiceKey="uddi:4198a3b3-c9ea-11e4-b34e-c1e7b9cfed01" WsdlOperationName="DELETE__worksheets__key___visibility___protection_"/><Operation InterfaceName="{https://spreadsheets.google.com/feeds}Google_Sheets_API_PortType" ManagementState="Enabled" NumOfVirtualizedOperations="1" OperationKey="41d5faee-c9ea-11e4-b34e-c1e7b9cfed01" OperationLastUpdatedAt="2015-03-14T23:47:10.113Z" OperationName="GET /cells/{key}/{worksheetId}/{visibility}/{protection}" PolicyAvailable="true" ServiceKey="uddi:4198a3b3-c9ea-11e4-b34e-c1e7b9cfed01" WsdlOperationName="GET__cells__key___worksheetId___visibility___protection_"/><Operation InterfaceName="{https://spreadsheets.google.com/feeds}Google_Sheets_API_PortType" ManagementState="Enabled" NumOfVirtualizedOperations="1" OperationKey="41d86bf5-c9ea-11e4-b34e-c1e7b9cfed01" OperationLastUpdatedAt="2015-03-14T23:47:10.113Z" OperationName="GET /cells/{key}/{worksheetId}/{visibility}/{protection}/{cellId}" PolicyAvailable="true" ServiceKey="uddi:4198a3b3-c9ea-11e4-b34e-c1e7b9cfed01" WsdlOperationName="GET__cells__key___worksheetId___visibility___protection___cellId_"/><Operation InterfaceName="{https://spreadsheets.google.com/feeds}Google_Sheets_API_PortType" ManagementState="Enabled" NumOfVirtualizedOperations="1" OperationKey="41d29f86-c9ea-11e4-b34e-c1e7b9cfed01" OperationLastUpdatedAt="2015-03-14T23:47:10.113Z" OperationName="GET /list/{key}/{worksheetId}/{visibility}/{protection}" PolicyAvailable="true" ServiceKey="uddi:4198a3b3-c9ea-11e4-b34e-c1e7b9cfed01" WsdlOperationName="GET__list__key___worksheetId___visibility___protection_"/><Operation InterfaceName="{https://spreadsheets.google.com/feeds}Google_Sheets_API_PortType" ManagementState="Enabled" NumOfVirtualizedOperations="3" OperationKey="41cc0fc7-c9ea-11e4-b34e-c1e7b9cfed01" OperationLastUpdatedAt="2015-03-14T23:47:10.113Z" OperationName="GET /spreadsheets/{visibility}/{protection}" PolicyAvailable="true" ServiceKey="uddi:4198a3b3-c9ea-11e4-b34e-c1e7b9cfed01" WsdlOperationName="GET__spreadsheets__visibility___protection_"/><Operation InterfaceName="{https://spreadsheets.google.com/feeds}Google_Sheets_API_PortType" ManagementState="Enabled" NumOfVirtualizedOperations="1" OperationKey="41cd4849-c9ea-11e4-b34e-c1e7b9cfed01" OperationLastUpdatedAt="2015-03-14T23:47:10.113Z" OperationName="GET /spreadsheets/{visibility}/{protection}/{key}" PolicyAvailable="true" ServiceKey="uddi:4198a3b3-c9ea-11e4-b34e-c1e7b9cfed01" WsdlOperationName="GET__spreadsheets__visibility___protection___key_"/><Operation InterfaceName="{https://spreadsheets.google.com/feeds}Google_Sheets_API_PortType" ManagementState="Enabled" NumOfVirtualizedOperations="1" OperationKey="41ce32ab-c9ea-11e4-b34e-c1e7b9cfed01" OperationLastUpdatedAt="2015-03-14T23:47:10.113Z" OperationName="GET /worksheets/{key}/{visibility}/{protection}" PolicyAvailable="true" ServiceKey="uddi:4198a3b3-c9ea-11e4-b34e-c1e7b9cfed01" WsdlOperationName="GET__worksheets__key___visibility___protection_"/><Operation InterfaceName="{https://spreadsheets.google.com/feeds}Google_Sheets_API_PortType" ManagementState="Enabled" NumOfVirtualizedOperations="1" OperationKey="41d1b524-c9ea-11e4-b34e-c1e7b9cfed01" OperationLastUpdatedAt="2015-03-14T23:47:10.113Z" OperationName="GET /worksheets/{key}/{visibility}/{protection}/{worksheetid}" PolicyAvailable="true" ServiceKey="uddi:4198a3b3-c9ea-11e4-b34e-c1e7b9cfed01" WsdlOperationName="GET__worksheets__key___visibility___protection___worksheetid_"/><Operation InterfaceName="{https://spreadsheets.google.com/feeds}Google_Sheets_API_PortType" ManagementState="Enabled" NumOfVirtualizedOperations="1" OperationKey="41d7a8a3-c9ea-11e4-b34e-c1e7b9cfed01" OperationLastUpdatedAt="2015-03-14T23:47:10.113Z" OperationName="POST /cells/{key}/{worksheetId}/{visibility}/{protection}/batch" PolicyAvailable="true" ServiceKey="uddi:4198a3b3-c9ea-11e4-b34e-c1e7b9cfed01" WsdlOperationName="POST__cells__key___worksheetId___visibility___protection__batch"/><Operation InterfaceName="{https://spreadsheets.google.com/feeds}Google_Sheets_API_PortType" ManagementState="Enabled" NumOfVirtualizedOperations="1" OperationKey="41d362d8-c9ea-11e4-b34e-c1e7b9cfed01" OperationLastUpdatedAt="2015-03-14T23:47:10.113Z" OperationName="POST /list/{key}/{worksheetId}/{visibility}/{protection}" PolicyAvailable="true" ServiceKey="uddi:4198a3b3-c9ea-11e4-b34e-c1e7b9cfed01" WsdlOperationName="POST__list__key___worksheetId___visibility___protection_"/><Operation InterfaceName="{https://spreadsheets.google.com/feeds}Google_Sheets_API_PortType" ManagementState="Enabled" NumOfVirtualizedOperations="1" OperationKey="41cf1d0d-c9ea-11e4-b34e-c1e7b9cfed01" OperationLastUpdatedAt="2015-03-14T23:47:10.113Z" OperationName="POST /worksheets/{key}/{visibility}/{protection}" PolicyAvailable="true" ServiceKey="uddi:4198a3b3-c9ea-11e4-b34e-c1e7b9cfed01" WsdlOperationName="POST__worksheets__key___visibility___protection_"/><Operation InterfaceName="{https://spreadsheets.google.com/feeds}Google_Sheets_API_PortType" ManagementState="Enabled" NumOfVirtualizedOperations="1" OperationKey="41d6be40-c9ea-11e4-b34e-c1e7b9cfed01" OperationLastUpdatedAt="2015-03-14T23:47:10.113Z" OperationName="PUT /cells/{key}/{worksheetId}/{visibility}/{protection}" PolicyAvailable="true" ServiceKey="uddi:4198a3b3-c9ea-11e4-b34e-c1e7b9cfed01" WsdlOperationName="PUT__cells__key___worksheetId___visibility___protection_"/><Operation InterfaceName="{https://spreadsheets.google.com/feeds}Google_Sheets_API_PortType" ManagementState="Enabled" NumOfVirtualizedOperations="1" OperationKey="41d95657-c9ea-11e4-b34e-c1e7b9cfed01" OperationLastUpdatedAt="2015-03-14T23:47:10.113Z" OperationName="PUT /cells/{key}/{worksheetId}/{visibility}/{protection}/{cellId}" PolicyAvailable="true" ServiceKey="uddi:4198a3b3-c9ea-11e4-b34e-c1e7b9cfed01" WsdlOperationName="PUT__cells__key___worksheetId___visibility___protection___cellId_"/><Operation InterfaceName="{https://spreadsheets.google.com/feeds}Google_Sheets_API_PortType" ManagementState="Enabled" NumOfVirtualizedOperations="1" OperationKey="41d44d3a-c9ea-11e4-b34e-c1e7b9cfed01" OperationLastUpdatedAt="2015-03-14T23:47:10.113Z" OperationName="PUT /list/{key}/{worksheetId}/{visibility}/{protection}" PolicyAvailable="true" ServiceKey="uddi:4198a3b3-c9ea-11e4-b34e-c1e7b9cfed01" WsdlOperationName="PUT__list__key___worksheetId___visibility___protection_"/><Operation InterfaceName="{https://spreadsheets.google.com/feeds}Google_Sheets_API_PortType" ManagementState="Enabled" NumOfVirtualizedOperations="1" OperationKey="41d00770-c9ea-11e4-b34e-c1e7b9cfed01" OperationLastUpdatedAt="2015-03-14T23:47:10.113Z" OperationName="PUT /worksheets/{key}/{visibility}/{protection}" PolicyAvailable="true" ServiceKey="uddi:4198a3b3-c9ea-11e4-b34e-c1e7b9cfed01" WsdlOperationName="PUT__worksheets__key___visibility___protection_"/></Operations></PhysicalService><ns4:businessService businessKey="uddi:603d313b-c3b4-11e4-b79d-bcadfb6b06d1" serviceKey="uddi:4198a3b3-c9ea-11e4-b34e-c1e7b9cfed01"><ns4:name>Google_Sheets_API</ns4:name><ns4:bindingTemplates><ns4:bindingTemplate bindingKey="uddi:41fb364a-c9ea-11e4-b34e-c1e7b9cfed01" serviceKey="uddi:4198a3b3-c9ea-11e4-b34e-c1e7b9cfed01"><ns4:accessPoint useType="endPoint">https://spreadsheets.google.com/feeds</ns4:accessPoint><ns4:tModelInstanceDetails><ns4:tModelInstanceInfo tModelKey="uddi:ac5d5cda-dba3-2d2e-6713-eae3735fc87c"><ns4:description>The wsdl:binding that this wsdl:port implements. The instanceParms specifies the port local name.</ns4:description><ns4:instanceDetails><ns4:instanceParms>Google_Sheets_API_port</ns4:instanceParms></ns4:instanceDetails></ns4:tModelInstanceInfo><ns4:tModelInstanceInfo tModelKey="uddi:bb558a13-b96e-badc-0100-166708e01454"><ns4:description>The wsdl:portType that this wsdl:port implements.</ns4:description></ns4:tModelInstanceInfo></ns4:tModelInstanceDetails><ns4:categoryBag><ns4:keyedReference keyName="WSDL type" keyValue="port" tModelKey="uddi:uddi.org:wsdl:types"/></ns4:categoryBag></ns4:bindingTemplate></ns4:bindingTemplates><ns4:categoryBag><ns4:keyedReference keyName="Design" keyValue="Design" tModelKey="uddi:soa.com:servicelifecyclestage"/><ns4:keyedReference keyName="1.0" keyValue="4a756a50-b5f3-4aca-829a-cb422cccb5a8" tModelKey="uddi:soa.com:serviceversion"/><ns4:keyedReference keyName="WSDL type" keyValue="service" tModelKey="uddi:uddi.org:wsdl:types"/><ns4:keyedReference keyName="service namespace" keyValue="https://spreadsheets.google.com/feeds" tModelKey="uddi:uddi.org:xml:namespace"/><ns4:keyedReference keyName="service local name" keyValue="Google_Sheets_API" tModelKey="uddi:uddi.org:xml:localname"/><ns4:keyedReferenceGroup tModelKey="uddi:soa.com:service:group"/></ns4:categoryBag></ns4:businessService><ns8:ExportServiceEndpoint><ns7:ServiceEndpoint><ns7:ServiceKey>uddi:4198a3b3-c9ea-11e4-b34e-c1e7b9cfed01</ns7:ServiceKey><ns7:Name>uddi:41fb364a-c9ea-11e4-b34e-c1e7b9cfed01</ns7:Name><ns7:Url>https://spreadsheets.google.com/feeds</ns7:Url><ns7:BindingQName>{https://spreadsheets.google.com/feeds}Google_Sheets_API_Binding</ns7:BindingQName><ns7:PortName>Google_Sheets_API_port</ns7:PortName><ns7:Protocol>https</ns7:Protocol></ns7:ServiceEndpoint><ns8:EndpointWsdlUri>wsdls/uddi_41fb364a-c9ea-11e4-b34e-c1e7b9cfed01.wsdl</ns8:EndpointWsdlUri></ns8:ExportServiceEndpoint></ns8:ExportService></ns8:ExportObjectConfiguration><ns8:ExportObjectConfiguration><ns2:ServiceKey><ns2:Key>uddi:ed9f2490-b56d-11e4-86ce-86c450a25418</ns2:Key><ns2:ServiceQName>{https://www.googleapis.com/oauth2/sheets/hook/v3}Google_Auth_API</ns2:ServiceQName></ns2:ServiceKey><ns8:ExportService><PhysicalService BusinessKey="uddi:603d313b-c3b4-11e4-b79d-bcadfb6b06d1" Discovered="false" ServiceKey="uddi:ed9f2490-b56d-11e4-86ce-86c450a25418" WsdlServiceLocalName="Google_Auth_API" WsdlTargetNamespaceUrl="https://www.googleapis.com/oauth2/sheets/hook/v3"><Name>Google_Auth_API</Name><Description></Description><Operations><Operation InterfaceName="{https://www.googleapis.com/oauth2/v3}Google_Auth_API" ManagementState="Enabled" NumOfVirtualizedOperations="0" OperationKey="81959862-b585-11e4-86ce-86c450a25418" OperationLastUpdatedAt="2015-03-14T05:58:18.757Z" OperationName="POST /token" PolicyAvailable="true" ServiceKey="uddi:ed9f2490-b56d-11e4-86ce-86c450a25418" WsdlOperationName="POST__token"/></Operations></PhysicalService><ns4:businessService businessKey="uddi:603d313b-c3b4-11e4-b79d-bcadfb6b06d1" serviceKey="uddi:ed9f2490-b56d-11e4-86ce-86c450a25418"><ns4:name>Google_Auth_API</ns4:name><ns4:bindingTemplates><ns4:bindingTemplate bindingKey="uddi:edee07e7-b56d-11e4-86ce-86c450a25418" serviceKey="uddi:ed9f2490-b56d-11e4-86ce-86c450a25418"><ns4:accessPoint useType="endPoint">https://www.googleapis.com/oauth2/v3</ns4:accessPoint><ns4:tModelInstanceDetails><ns4:tModelInstanceInfo tModelKey="uddi:4eba56b4-9ecf-2095-ee70-490162d8a4e7"><ns4:description>The wsdl:binding that this wsdl:port implements. The instanceParms specifies the port local name.</ns4:description><ns4:instanceDetails><ns4:instanceParms>Google_Auth_API_port</ns4:instanceParms></ns4:instanceDetails></ns4:tModelInstanceInfo><ns4:tModelInstanceInfo tModelKey="uddi:781b74bf-471c-1c42-8acf-0f2326c2f806"><ns4:description>The wsdl:portType that this wsdl:port implements.</ns4:description></ns4:tModelInstanceInfo></ns4:tModelInstanceDetails><ns4:categoryBag><ns4:keyedReference keyName="WSDL type" keyValue="port" tModelKey="uddi:uddi.org:wsdl:types"/></ns4:categoryBag></ns4:bindingTemplate></ns4:bindingTemplates><ns4:categoryBag><ns4:keyedReference keyName="Staging" keyValue="Staging" tModelKey="uddi:soa.com:servicelifecyclestage"/><ns4:keyedReference keyName="WSDL type" keyValue="service" tModelKey="uddi:uddi.org:wsdl:types"/><ns4:keyedReference keyName="service namespace" keyValue="https://www.googleapis.com/oauth2/sheets/hook/v3" tModelKey="uddi:uddi.org:xml:namespace"/><ns4:keyedReference keyName="service local name" keyValue="Google_Auth_API" tModelKey="uddi:uddi.org:xml:localname"/><ns4:keyedReference keyName="1.0" keyValue="748bf63b-9f30-49b0-89f5-c29aa095ae43" tModelKey="uddi:soa.com:serviceversion"/><ns4:keyedReferenceGroup tModelKey="uddi:soa.com:service:group"/></ns4:categoryBag></ns4:businessService><ns8:ExportServiceEndpoint><ns7:ServiceEndpoint><ns7:ServiceKey>uddi:ed9f2490-b56d-11e4-86ce-86c450a25418</ns7:ServiceKey><ns7:Name>uddi:edee07e7-b56d-11e4-86ce-86c450a25418</ns7:Name><ns7:Url>https://www.googleapis.com/oauth2/v3</ns7:Url><ns7:BindingQName>{https://www.googleapis.com/oauth2/v3}Google_Auth_API</ns7:BindingQName><ns7:PortName>Google_Auth_API_port</ns7:PortName><ns7:Protocol>https</ns7:Protocol></ns7:ServiceEndpoint><ns8:EndpointWsdlUri>wsdls/uddi_edee07e7-b56d-11e4-86ce-86c450a25418.wsdl</ns8:EndpointWsdlUri></ns8:ExportServiceEndpoint></ns8:ExportService></ns8:ExportObjectConfiguration><ns8:ExportObjectConfiguration><ns2:ServiceKey><ns2:Key>uddi:2f09bb4f-c9e8-11e4-b34e-c1e7b9cfed01</ns2:Key><ns2:ServiceQName>{https://spreadsheets.google.com/feeds}Google_Sheets_API_Hook</ns2:ServiceQName></ns2:ServiceKey><ns8:ExportService><VirtualService BusinessKey="uddi:603d313b-c3b4-11e4-b79d-bcadfb6b06d1" ServiceKey="uddi:2f09bb4f-c9e8-11e4-b34e-c1e7b9cfed01" WsdlServiceLocalName="Google_Sheets_API_Hook" WsdlTargetNamespaceUrl="https://spreadsheets.google.com/feeds"><Name>Google_Sheets_API_Hook</Name><Description></Description><Operations><LogicalOperation InterfaceName="{https://spreadsheets.google.com/feeds}Google_Sheets_API_Hook_PortType" ManagementState="Enabled" NextHopOperationKey="uddi:4198a3b3-c9ea-11e4-b34e-c1e7b9cfed01$$${https://spreadsheets.google.com/feeds}Google_Sheets_API_PortType$$$DELETE__list__key___worksheetId___visibility___protection_" NextHopOperationName="DELETE /list/{key}/{worksheetId}/{visibility}/{protection}" NextHopServiceKey="uddi:4198a3b3-c9ea-11e4-b34e-c1e7b9cfed01" NextHopServiceName="Google_Sheets_API" NumOfVirtualizedOperations="0" OperationKey="2f4e6589-c9e8-11e4-b34e-c1e7b9cfed01" OperationLastUpdatedAt="2015-03-17T02:16:07.467Z" OperationName="DELETE /list/{key}/{worksheetId}/{visibility}/{protection}" PolicyAvailable="true" ServiceKey="uddi:2f09bb4f-c9e8-11e4-b34e-c1e7b9cfed01" WsdlOperationName="DELETE__list__key___worksheetId___visibility___protection_"><NextHopOperation InterfaceName="{https://spreadsheets.google.com/feeds}Google_Sheets_API_PortType" OperationKey="41d5379d-c9ea-11e4-b34e-c1e7b9cfed01" OperationLastUpdatedAt="2015-03-14T23:47:10.113Z" OperationName="DELETE /list/{key}/{worksheetId}/{visibility}/{protection}" ServiceKey="uddi:4198a3b3-c9ea-11e4-b34e-c1e7b9cfed01" ServiceName="Google_Sheets_API" WsdlOperationName="DELETE__list__key___worksheetId___visibility___protection_"/></LogicalOperation><LogicalOperation InterfaceName="{https://spreadsheets.google.com/feeds}Google_Sheets_API_Hook_PortType" ManagementState="Enabled" NextHopOperationKey="uddi:4198a3b3-c9ea-11e4-b34e-c1e7b9cfed01$$${https://spreadsheets.google.com/feeds}Google_Sheets_API_PortType$$$DELETE__worksheets__key___visibility___protection_" NextHopOperationName="DELETE /worksheets/{key}/{visibility}/{protection}" NextHopServiceKey="uddi:4198a3b3-c9ea-11e4-b34e-c1e7b9cfed01" NextHopServiceName="Google_Sheets_API" NumOfVirtualizedOperations="0" OperationKey="2f49f8af-c9e8-11e4-b34e-c1e7b9cfed01" OperationLastUpdatedAt="2015-03-17T02:16:07.467Z" OperationName="DELETE /worksheets/{key}/{visibility}/{protection}" PolicyAvailable="true" ServiceKey="uddi:2f09bb4f-c9e8-11e4-b34e-c1e7b9cfed01" WsdlOperationName="DELETE__worksheets__key___visibility___protection_"><NextHopOperation InterfaceName="{https://spreadsheets.google.com/feeds}Google_Sheets_API_PortType" OperationKey="41d0f1d3-c9ea-11e4-b34e-c1e7b9cfed01" OperationLastUpdatedAt="2015-03-14T23:47:10.113Z" OperationName="DELETE /worksheets/{key}/{visibility}/{protection}" ServiceKey="uddi:4198a3b3-c9ea-11e4-b34e-c1e7b9cfed01" ServiceName="Google_Sheets_API" WsdlOperationName="DELETE__worksheets__key___visibility___protection_"/></LogicalOperation><LogicalOperation InterfaceName="{https://spreadsheets.google.com/feeds}Google_Sheets_API_Hook_PortType" ManagementState="Enabled" NextHopOperationKey="uddi:4198a3b3-c9ea-11e4-b34e-c1e7b9cfed01$$${https://spreadsheets.google.com/feeds}Google_Sheets_API_PortType$$$GET__cells__key___worksheetId___visibility___protection_" NextHopOperationName="GET /cells/{key}/{worksheetId}/{visibility}/{protection}" NextHopServiceKey="uddi:4198a3b3-c9ea-11e4-b34e-c1e7b9cfed01" NextHopServiceName="Google_Sheets_API" NumOfVirtualizedOperations="0" OperationKey="2f4f28da-c9e8-11e4-b34e-c1e7b9cfed01" OperationLastUpdatedAt="2015-03-17T02:16:07.467Z" OperationName="GET /cells/{key}/{worksheetId}/{visibility}/{protection}" PolicyAvailable="true" ServiceKey="uddi:2f09bb4f-c9e8-11e4-b34e-c1e7b9cfed01" WsdlOperationName="GET__cells__key___worksheetId___visibility___protection_"><NextHopOperation InterfaceName="{https://spreadsheets.google.com/feeds}Google_Sheets_API_PortType" OperationKey="41d5faee-c9ea-11e4-b34e-c1e7b9cfed01" OperationLastUpdatedAt="2015-03-14T23:47:10.113Z" OperationName="GET /cells/{key}/{worksheetId}/{visibility}/{protection}" ServiceKey="uddi:4198a3b3-c9ea-11e4-b34e-c1e7b9cfed01" ServiceName="Google_Sheets_API" WsdlOperationName="GET__cells__key___worksheetId___visibility___protection_"/></LogicalOperation><LogicalOperation InterfaceName="{https://spreadsheets.google.com/feeds}Google_Sheets_API_Hook_PortType" ManagementState="Enabled" NextHopOperationKey="uddi:4198a3b3-c9ea-11e4-b34e-c1e7b9cfed01$$${https://spreadsheets.google.com/feeds}Google_Sheets_API_PortType$$$GET__cells__key___worksheetId___visibility___protection___cellId_" NextHopOperationName="GET /cells/{key}/{worksheetId}/{visibility}/{protection}/{cellId}" NextHopServiceKey="uddi:4198a3b3-c9ea-11e4-b34e-c1e7b9cfed01" NextHopServiceName="Google_Sheets_API" NumOfVirtualizedOperations="0" OperationKey="2f51c0f1-c9e8-11e4-b34e-c1e7b9cfed01" OperationLastUpdatedAt="2015-03-17T02:16:07.467Z" OperationName="GET /cells/{key}/{worksheetId}/{visibility}/{protection}/{cellId}" PolicyAvailable="true" ServiceKey="uddi:2f09bb4f-c9e8-11e4-b34e-c1e7b9cfed01" WsdlOperationName="GET__cells__key___worksheetId___visibility___protection___cellId_"><NextHopOperation InterfaceName="{https://spreadsheets.google.com/feeds}Google_Sheets_API_PortType" OperationKey="41d86bf5-c9ea-11e4-b34e-c1e7b9cfed01" OperationLastUpdatedAt="2015-03-14T23:47:10.113Z" OperationName="GET /cells/{key}/{worksheetId}/{visibility}/{protection}/{cellId}" ServiceKey="uddi:4198a3b3-c9ea-11e4-b34e-c1e7b9cfed01" ServiceName="Google_Sheets_API" WsdlOperationName="GET__cells__key___worksheetId___visibility___protection___cellId_"/></LogicalOperation><LogicalOperation InterfaceName="{https://spreadsheets.google.com/feeds}Google_Sheets_API_Hook_PortType" ManagementState="Enabled" NextHopOperationKey="uddi:4198a3b3-c9ea-11e4-b34e-c1e7b9cfed01$$${https://spreadsheets.google.com/feeds}Google_Sheets_API_PortType$$$GET__spreadsheets__visibility___protection_" NextHopOperationName="GET /spreadsheets/{visibility}/{protection}" NextHopServiceKey="uddi:4198a3b3-c9ea-11e4-b34e-c1e7b9cfed01" NextHopServiceName="Google_Sheets_API" NumOfVirtualizedOperations="0" OperationKey="be103736-cc49-11e4-93fa-864b2dedf790" OperationLastUpdatedAt="2015-03-17T02:16:07.467Z" OperationName="GET /helloworld" PolicyAvailable="true" ServiceKey="uddi:2f09bb4f-c9e8-11e4-b34e-c1e7b9cfed01" WsdlOperationName="GET__helloworld"><NextHopOperation InterfaceName="{https://spreadsheets.google.com/feeds}Google_Sheets_API_PortType" OperationKey="41cc0fc7-c9ea-11e4-b34e-c1e7b9cfed01" OperationLastUpdatedAt="2015-03-14T23:47:10.113Z" OperationName="GET /spreadsheets/{visibility}/{protection}" ServiceKey="uddi:4198a3b3-c9ea-11e4-b34e-c1e7b9cfed01" ServiceName="Google_Sheets_API" WsdlOperationName="GET__spreadsheets__visibility___protection_"/></LogicalOperation><LogicalOperation InterfaceName="{https://spreadsheets.google.com/feeds}Google_Sheets_API_Hook_PortType" ManagementState="Enabled" NextHopOperationKey="uddi:4198a3b3-c9ea-11e4-b34e-c1e7b9cfed01$$${https://spreadsheets.google.com/feeds}Google_Sheets_API_PortType$$$GET__list__key___worksheetId___visibility___protection_" NextHopOperationName="GET /list/{key}/{worksheetId}/{visibility}/{protection}" NextHopServiceKey="uddi:4198a3b3-c9ea-11e4-b34e-c1e7b9cfed01" NextHopServiceName="Google_Sheets_API" NumOfVirtualizedOperations="0" OperationKey="2f4ba662-c9e8-11e4-b34e-c1e7b9cfed01" OperationLastUpdatedAt="2015-03-17T02:16:07.467Z" OperationName="GET /list/{key}/{worksheetId}/{visibility}/{protection}" PolicyAvailable="true" ServiceKey="uddi:2f09bb4f-c9e8-11e4-b34e-c1e7b9cfed01" WsdlOperationName="GET__list__key___worksheetId___visibility___protection_"><NextHopOperation InterfaceName="{https://spreadsheets.google.com/feeds}Google_Sheets_API_PortType" OperationKey="41d29f86-c9ea-11e4-b34e-c1e7b9cfed01" OperationLastUpdatedAt="2015-03-14T23:47:10.113Z" OperationName="GET /list/{key}/{worksheetId}/{visibility}/{protection}" ServiceKey="uddi:4198a3b3-c9ea-11e4-b34e-c1e7b9cfed01" ServiceName="Google_Sheets_API" WsdlOperationName="GET__list__key___worksheetId___visibility___protection_"/></LogicalOperation><LogicalOperation InterfaceName="{https://spreadsheets.google.com/feeds}Google_Sheets_API_Hook_PortType" ManagementState="Enabled" NextHopOperationKey="uddi:4198a3b3-c9ea-11e4-b34e-c1e7b9cfed01$$${https://spreadsheets.google.com/feeds}Google_Sheets_API_PortType$$$GET__spreadsheets__visibility___protection_" NextHopOperationName="GET /spreadsheets/{visibility}/{protection}" NextHopServiceKey="uddi:4198a3b3-c9ea-11e4-b34e-c1e7b9cfed01" NextHopServiceName="Google_Sheets_API" NumOfVirtualizedOperations="0" OperationKey="2f453db3-c9e8-11e4-b34e-c1e7b9cfed01" OperationLastUpdatedAt="2015-03-17T02:16:07.467Z" OperationName="GET /spreadsheets/{visibility}/{protection}" PolicyAvailable="true" ServiceKey="uddi:2f09bb4f-c9e8-11e4-b34e-c1e7b9cfed01" WsdlOperationName="GET__spreadsheets__visibility___protection_"><NextHopOperation InterfaceName="{https://spreadsheets.google.com/feeds}Google_Sheets_API_PortType" OperationKey="41cc0fc7-c9ea-11e4-b34e-c1e7b9cfed01" OperationLastUpdatedAt="2015-03-14T23:47:10.113Z" OperationName="GET /spreadsheets/{visibility}/{protection}" ServiceKey="uddi:4198a3b3-c9ea-11e4-b34e-c1e7b9cfed01" ServiceName="Google_Sheets_API" WsdlOperationName="GET__spreadsheets__visibility___protection_"/></LogicalOperation><LogicalOperation InterfaceName="{https://spreadsheets.google.com/feeds}Google_Sheets_API_Hook_PortType" ManagementState="Enabled" NextHopOperationKey="uddi:4198a3b3-c9ea-11e4-b34e-c1e7b9cfed01$$${https://spreadsheets.google.com/feeds}Google_Sheets_API_PortType$$$GET__spreadsheets__visibility___protection___key_" NextHopOperationName="GET /spreadsheets/{visibility}/{protection}/{key}" NextHopServiceKey="uddi:4198a3b3-c9ea-11e4-b34e-c1e7b9cfed01" NextHopServiceName="Google_Sheets_API" NumOfVirtualizedOperations="0" OperationKey="2f467635-c9e8-11e4-b34e-c1e7b9cfed01" OperationLastUpdatedAt="2015-03-17T02:16:07.467Z" OperationName="GET /spreadsheets/{visibility}/{protection}/{key}" PolicyAvailable="true" ServiceKey="uddi:2f09bb4f-c9e8-11e4-b34e-c1e7b9cfed01" WsdlOperationName="GET__spreadsheets__visibility___protection___key_"><NextHopOperation InterfaceName="{https://spreadsheets.google.com/feeds}Google_Sheets_API_PortType" OperationKey="41cd4849-c9ea-11e4-b34e-c1e7b9cfed01" OperationLastUpdatedAt="2015-03-14T23:47:10.113Z" OperationName="GET /spreadsheets/{visibility}/{protection}/{key}" ServiceKey="uddi:4198a3b3-c9ea-11e4-b34e-c1e7b9cfed01" ServiceName="Google_Sheets_API" WsdlOperationName="GET__spreadsheets__visibility___protection___key_"/></LogicalOperation><LogicalOperation InterfaceName="{https://spreadsheets.google.com/feeds}Google_Sheets_API_Hook_PortType" ManagementState="Enabled" NextHopOperationKey="uddi:4198a3b3-c9ea-11e4-b34e-c1e7b9cfed01$$${https://spreadsheets.google.com/feeds}Google_Sheets_API_PortType$$$GET__spreadsheets__visibility___protection_" NextHopOperationName="GET /spreadsheets/{visibility}/{protection}" NextHopServiceKey="uddi:4198a3b3-c9ea-11e4-b34e-c1e7b9cfed01" NextHopServiceName="Google_Sheets_API" NumOfVirtualizedOperations="0" OperationKey="2f476097-c9e8-11e4-b34e-c1e7b9cfed01" OperationLastUpdatedAt="2015-03-17T02:16:07.467Z" OperationName="GET /worksheets/{key}/{visibility}/{protection}" PolicyAvailable="true" ServiceKey="uddi:2f09bb4f-c9e8-11e4-b34e-c1e7b9cfed01" WsdlOperationName="GET__worksheets__key___visibility___protection_"><NextHopOperation InterfaceName="{https://spreadsheets.google.com/feeds}Google_Sheets_API_PortType" OperationKey="41cc0fc7-c9ea-11e4-b34e-c1e7b9cfed01" OperationLastUpdatedAt="2015-03-14T23:47:10.113Z" OperationName="GET /spreadsheets/{visibility}/{protection}" ServiceKey="uddi:4198a3b3-c9ea-11e4-b34e-c1e7b9cfed01" ServiceName="Google_Sheets_API" WsdlOperationName="GET__spreadsheets__visibility___protection_"/></LogicalOperation><LogicalOperation InterfaceName="{https://spreadsheets.google.com/feeds}Google_Sheets_API_Hook_PortType" ManagementState="Enabled" NextHopOperationKey="uddi:4198a3b3-c9ea-11e4-b34e-c1e7b9cfed01$$${https://spreadsheets.google.com/feeds}Google_Sheets_API_PortType$$$GET__worksheets__key___visibility___protection___worksheetid_" NextHopOperationName="GET /worksheets/{key}/{visibility}/{protection}/{worksheetid}" NextHopServiceKey="uddi:4198a3b3-c9ea-11e4-b34e-c1e7b9cfed01" NextHopServiceName="Google_Sheets_API" NumOfVirtualizedOperations="0" OperationKey="2f4abc00-c9e8-11e4-b34e-c1e7b9cfed01" OperationLastUpdatedAt="2015-03-17T02:16:07.467Z" OperationName="GET /worksheets/{key}/{visibility}/{protection}/{worksheetid}" PolicyAvailable="true" ServiceKey="uddi:2f09bb4f-c9e8-11e4-b34e-c1e7b9cfed01" WsdlOperationName="GET__worksheets__key___visibility___protection___worksheetid_"><NextHopOperation InterfaceName="{https://spreadsheets.google.com/feeds}Google_Sheets_API_PortType" OperationKey="41d1b524-c9ea-11e4-b34e-c1e7b9cfed01" OperationLastUpdatedAt="2015-03-14T23:47:10.113Z" OperationName="GET /worksheets/{key}/{visibility}/{protection}/{worksheetid}" ServiceKey="uddi:4198a3b3-c9ea-11e4-b34e-c1e7b9cfed01" ServiceName="Google_Sheets_API" WsdlOperationName="GET__worksheets__key___visibility___protection___worksheetid_"/></LogicalOperation><LogicalOperation InterfaceName="{https://spreadsheets.google.com/feeds}Google_Sheets_API_Hook_PortType" ManagementState="Enabled" NextHopOperationKey="uddi:4198a3b3-c9ea-11e4-b34e-c1e7b9cfed01$$${https://spreadsheets.google.com/feeds}Google_Sheets_API_PortType$$$POST__cells__key___worksheetId___visibility___protection__batch" NextHopOperationName="POST /cells/{key}/{worksheetId}/{visibility}/{protection}/batch" NextHopServiceKey="uddi:4198a3b3-c9ea-11e4-b34e-c1e7b9cfed01" NextHopServiceName="Google_Sheets_API" NumOfVirtualizedOperations="0" OperationKey="2f50d68f-c9e8-11e4-b34e-c1e7b9cfed01" OperationLastUpdatedAt="2015-03-17T02:16:07.467Z" OperationName="POST /cells/{key}/{worksheetId}/{visibility}/{protection}/batch" PolicyAvailable="true" ServiceKey="uddi:2f09bb4f-c9e8-11e4-b34e-c1e7b9cfed01" WsdlOperationName="POST__cells__key___worksheetId___visibility___protection__batch"><NextHopOperation InterfaceName="{https://spreadsheets.google.com/feeds}Google_Sheets_API_PortType" OperationKey="41d7a8a3-c9ea-11e4-b34e-c1e7b9cfed01" OperationLastUpdatedAt="2015-03-14T23:47:10.113Z" OperationName="POST /cells/{key}/{worksheetId}/{visibility}/{protection}/batch" ServiceKey="uddi:4198a3b3-c9ea-11e4-b34e-c1e7b9cfed01" ServiceName="Google_Sheets_API" WsdlOperationName="POST__cells__key___worksheetId___visibility___protection__batch"/></LogicalOperation><LogicalOperation InterfaceName="{https://spreadsheets.google.com/feeds}Google_Sheets_API_Hook_PortType" ManagementState="Enabled" NextHopOperationKey="uddi:a9d177b8-b7dd-11e4-b67d-f5b31262a0e1$$${https://soa.com}Google_Drive_Hook_PortType$$$POST__files" NextHopOperationName="POST /files" NextHopServiceKey="uddi:a9d177b8-b7dd-11e4-b67d-f5b31262a0e1" NextHopServiceName="Google_Drive_API_Hook" NumOfVirtualizedOperations="0" OperationKey="2f53bcc6-c9e8-11e4-b34e-c1e7b9cfed01" OperationLastUpdatedAt="2015-03-17T02:16:07.467Z" OperationName="POST /files" PolicyAvailable="true" ServiceKey="uddi:2f09bb4f-c9e8-11e4-b34e-c1e7b9cfed01" WsdlOperationName="POST__files"><NextHopOperation InterfaceName="{https://soa.com}Google_Drive_Hook_PortType" OperationKey="08d13945-c6e4-11e4-8ee9-d0db1b3a73d5" OperationLastUpdatedAt="2015-03-17T03:04:06.760Z" OperationName="POST /files" ServiceKey="uddi:a9d177b8-b7dd-11e4-b67d-f5b31262a0e1" ServiceName="Google_Drive_API_Hook" WsdlOperationName="POST__files"/></LogicalOperation><LogicalOperation InterfaceName="{https://spreadsheets.google.com/feeds}Google_Sheets_API_Hook_PortType" ManagementState="Enabled" NextHopOperationKey="uddi:4198a3b3-c9ea-11e4-b34e-c1e7b9cfed01$$${https://spreadsheets.google.com/feeds}Google_Sheets_API_PortType$$$POST__list__key___worksheetId___visibility___protection_" NextHopOperationName="POST /list/{key}/{worksheetId}/{visibility}/{protection}" NextHopServiceKey="uddi:4198a3b3-c9ea-11e4-b34e-c1e7b9cfed01" NextHopServiceName="Google_Sheets_API" NumOfVirtualizedOperations="0" OperationKey="2f4c90c4-c9e8-11e4-b34e-c1e7b9cfed01" OperationLastUpdatedAt="2015-03-17T02:16:07.467Z" OperationName="POST /list/{key}/{worksheetId}/{visibility}/{protection}" PolicyAvailable="true" ServiceKey="uddi:2f09bb4f-c9e8-11e4-b34e-c1e7b9cfed01" WsdlOperationName="POST__list__key___worksheetId___visibility___protection_"><NextHopOperation InterfaceName="{https://spreadsheets.google.com/feeds}Google_Sheets_API_PortType" OperationKey="41d362d8-c9ea-11e4-b34e-c1e7b9cfed01" OperationLastUpdatedAt="2015-03-14T23:47:10.113Z" OperationName="POST /list/{key}/{worksheetId}/{visibility}/{protection}" ServiceKey="uddi:4198a3b3-c9ea-11e4-b34e-c1e7b9cfed01" ServiceName="Google_Sheets_API" WsdlOperationName="POST__list__key___worksheetId___visibility___protection_"/></LogicalOperation><LogicalOperation InterfaceName="{https://spreadsheets.google.com/feeds}Google_Sheets_API_Hook_PortType" ManagementState="Enabled" NextHopOperationKey="uddi:4198a3b3-c9ea-11e4-b34e-c1e7b9cfed01$$${https://spreadsheets.google.com/feeds}Google_Sheets_API_PortType$$$POST__worksheets__key___visibility___protection_" NextHopOperationName="POST /worksheets/{key}/{visibility}/{protection}" NextHopServiceKey="uddi:4198a3b3-c9ea-11e4-b34e-c1e7b9cfed01" NextHopServiceName="Google_Sheets_API" NumOfVirtualizedOperations="0" OperationKey="2f4823e9-c9e8-11e4-b34e-c1e7b9cfed01" OperationLastUpdatedAt="2015-03-17T02:16:07.467Z" OperationName="POST /worksheets/{key}/{visibility}/{protection}" PolicyAvailable="true" ServiceKey="uddi:2f09bb4f-c9e8-11e4-b34e-c1e7b9cfed01" WsdlOperationName="POST__worksheets__key___visibility___protection_"><NextHopOperation InterfaceName="{https://spreadsheets.google.com/feeds}Google_Sheets_API_PortType" OperationKey="41cf1d0d-c9ea-11e4-b34e-c1e7b9cfed01" OperationLastUpdatedAt="2015-03-14T23:47:10.113Z" OperationName="POST /worksheets/{key}/{visibility}/{protection}" ServiceKey="uddi:4198a3b3-c9ea-11e4-b34e-c1e7b9cfed01" ServiceName="Google_Sheets_API" WsdlOperationName="POST__worksheets__key___visibility___protection_"/></LogicalOperation><LogicalOperation InterfaceName="{https://spreadsheets.google.com/feeds}Google_Sheets_API_Hook_PortType" ManagementState="Enabled" NextHopOperationKey="uddi:4198a3b3-c9ea-11e4-b34e-c1e7b9cfed01$$${https://spreadsheets.google.com/feeds}Google_Sheets_API_PortType$$$PUT__cells__key___worksheetId___visibility___protection_" NextHopOperationName="PUT /cells/{key}/{worksheetId}/{visibility}/{protection}" NextHopServiceKey="uddi:4198a3b3-c9ea-11e4-b34e-c1e7b9cfed01" NextHopServiceName="Google_Sheets_API" NumOfVirtualizedOperations="0" OperationKey="2f4fec2c-c9e8-11e4-b34e-c1e7b9cfed01" OperationLastUpdatedAt="2015-03-17T02:16:07.467Z" OperationName="PUT /cells/{key}/{worksheetId}/{visibility}/{protection}" PolicyAvailable="true" ServiceKey="uddi:2f09bb4f-c9e8-11e4-b34e-c1e7b9cfed01" WsdlOperationName="PUT__cells__key___worksheetId___visibility___protection_"><NextHopOperation InterfaceName="{https://spreadsheets.google.com/feeds}Google_Sheets_API_PortType" OperationKey="41d6be40-c9ea-11e4-b34e-c1e7b9cfed01" OperationLastUpdatedAt="2015-03-14T23:47:10.113Z" OperationName="PUT /cells/{key}/{worksheetId}/{visibility}/{protection}" ServiceKey="uddi:4198a3b3-c9ea-11e4-b34e-c1e7b9cfed01" ServiceName="Google_Sheets_API" WsdlOperationName="PUT__cells__key___worksheetId___visibility___protection_"/></LogicalOperation><LogicalOperation InterfaceName="{https://spreadsheets.google.com/feeds}Google_Sheets_API_Hook_PortType" ManagementState="Enabled" NextHopOperationKey="uddi:4198a3b3-c9ea-11e4-b34e-c1e7b9cfed01$$${https://spreadsheets.google.com/feeds}Google_Sheets_API_PortType$$$PUT__cells__key___worksheetId___visibility___protection___cellId_" NextHopOperationName="PUT /cells/{key}/{worksheetId}/{visibility}/{protection}/{cellId}" NextHopServiceKey="uddi:4198a3b3-c9ea-11e4-b34e-c1e7b9cfed01" NextHopServiceName="Google_Sheets_API" NumOfVirtualizedOperations="0" OperationKey="2f52ab53-c9e8-11e4-b34e-c1e7b9cfed01" OperationLastUpdatedAt="2015-03-17T02:16:07.467Z" OperationName="PUT /cells/{key}/{worksheetId}/{visibility}/{protection}/{cellId}" PolicyAvailable="true" ServiceKey="uddi:2f09bb4f-c9e8-11e4-b34e-c1e7b9cfed01" WsdlOperationName="PUT__cells__key___worksheetId___visibility___protection___cellId_"><NextHopOperation InterfaceName="{https://spreadsheets.google.com/feeds}Google_Sheets_API_PortType" OperationKey="41d95657-c9ea-11e4-b34e-c1e7b9cfed01" OperationLastUpdatedAt="2015-03-14T23:47:10.113Z" OperationName="PUT /cells/{key}/{worksheetId}/{visibility}/{protection}/{cellId}" ServiceKey="uddi:4198a3b3-c9ea-11e4-b34e-c1e7b9cfed01" ServiceName="Google_Sheets_API" WsdlOperationName="PUT__cells__key___worksheetId___visibility___protection___cellId_"/></LogicalOperation><LogicalOperation InterfaceName="{https://spreadsheets.google.com/feeds}Google_Sheets_API_Hook_PortType" ManagementState="Enabled" NextHopOperationKey="uddi:4198a3b3-c9ea-11e4-b34e-c1e7b9cfed01$$${https://spreadsheets.google.com/feeds}Google_Sheets_API_PortType$$$PUT__list__key___worksheetId___visibility___protection_" NextHopOperationName="PUT /list/{key}/{worksheetId}/{visibility}/{protection}" NextHopServiceKey="uddi:4198a3b3-c9ea-11e4-b34e-c1e7b9cfed01" NextHopServiceName="Google_Sheets_API" NumOfVirtualizedOperations="0" OperationKey="2f4d5416-c9e8-11e4-b34e-c1e7b9cfed01" OperationLastUpdatedAt="2015-03-17T02:16:07.467Z" OperationName="PUT /list/{key}/{worksheetId}/{visibility}/{protection}" PolicyAvailable="true" ServiceKey="uddi:2f09bb4f-c9e8-11e4-b34e-c1e7b9cfed01" WsdlOperationName="PUT__list__key___worksheetId___visibility___protection_"><NextHopOperation InterfaceName="{https://spreadsheets.google.com/feeds}Google_Sheets_API_PortType" OperationKey="41d44d3a-c9ea-11e4-b34e-c1e7b9cfed01" OperationLastUpdatedAt="2015-03-14T23:47:10.113Z" OperationName="PUT /list/{key}/{worksheetId}/{visibility}/{protection}" ServiceKey="uddi:4198a3b3-c9ea-11e4-b34e-c1e7b9cfed01" ServiceName="Google_Sheets_API" WsdlOperationName="PUT__list__key___worksheetId___visibility___protection_"/></LogicalOperation><LogicalOperation InterfaceName="{https://spreadsheets.google.com/feeds}Google_Sheets_API_Hook_PortType" ManagementState="Enabled" NextHopOperationKey="uddi:4198a3b3-c9ea-11e4-b34e-c1e7b9cfed01$$${https://spreadsheets.google.com/feeds}Google_Sheets_API_PortType$$$PUT__worksheets__key___visibility___protection_" NextHopOperationName="PUT /worksheets/{key}/{visibility}/{protection}" NextHopServiceKey="uddi:4198a3b3-c9ea-11e4-b34e-c1e7b9cfed01" NextHopServiceName="Google_Sheets_API" NumOfVirtualizedOperations="0" OperationKey="2f49355c-c9e8-11e4-b34e-c1e7b9cfed01" OperationLastUpdatedAt="2015-03-17T02:16:07.467Z" OperationName="PUT /worksheets/{key}/{visibility}/{protection}" PolicyAvailable="true" ServiceKey="uddi:2f09bb4f-c9e8-11e4-b34e-c1e7b9cfed01" WsdlOperationName="PUT__worksheets__key___visibility___protection_"><NextHopOperation InterfaceName="{https://spreadsheets.google.com/feeds}Google_Sheets_API_PortType" OperationKey="41d00770-c9ea-11e4-b34e-c1e7b9cfed01" OperationLastUpdatedAt="2015-03-14T23:47:10.113Z" OperationName="PUT /worksheets/{key}/{visibility}/{protection}" ServiceKey="uddi:4198a3b3-c9ea-11e4-b34e-c1e7b9cfed01" ServiceName="Google_Sheets_API" WsdlOperationName="PUT__worksheets__key___visibility___protection_"/></LogicalOperation></Operations></VirtualService><ns4:businessService businessKey="uddi:603d313b-c3b4-11e4-b79d-bcadfb6b06d1" serviceKey="uddi:2f09bb4f-c9e8-11e4-b34e-c1e7b9cfed01"><ns4:name>Google_Sheets_API_Hook</ns4:name><ns4:bindingTemplates><ns4:bindingTemplate bindingKey="uddi:2f9be969-c9e8-11e4-b34e-c1e7b9cfed01" serviceKey="uddi:2f09bb4f-c9e8-11e4-b34e-c1e7b9cfed01"><ns4:accessPoint useType="endPoint">http://win7-64-vm:80/sheets_hook</ns4:accessPoint><ns4:tModelInstanceDetails><ns4:tModelInstanceInfo tModelKey="uddi:1b7ba980-4d93-aa65-865d-35efd3c96c20"><ns4:description>The wsdl:binding that this wsdl:port implements. The instanceParms specifies the port local name.</ns4:description><ns4:instanceDetails><ns4:instanceParms>HTTP</ns4:instanceParms></ns4:instanceDetails></ns4:tModelInstanceInfo><ns4:tModelInstanceInfo tModelKey="uddi:4f6f7ed1-6914-2684-e901-22e69dd7a5f3"><ns4:description>The wsdl:portType that this wsdl:port implements.</ns4:description></ns4:tModelInstanceInfo></ns4:tModelInstanceDetails><ns4:categoryBag><ns4:keyedReference keyName="WSDL type" keyValue="port" tModelKey="uddi:uddi.org:wsdl:types"/><ns4:keyedReferenceGroup tModelKey="uddi:soa.com:serviceendpoint:group"><ns4:keyedReference keyName="containerKey" keyValue="ND-Cluster" tModelKey="uddi:soa.com:serviceendpoint:containername"/><ns4:keyedReference keyName="listenerName" keyValue="default-http0" tModelKey="uddi:soa.com:serviceendpoint:listenername"/></ns4:keyedReferenceGroup></ns4:categoryBag></ns4:bindingTemplate></ns4:bindingTemplates><ns4:categoryBag><ns4:keyedReference keyName="Virtual Service" keyValue="Virtual Service" tModelKey="uddi:digev.com:categorization:services"/><ns4:keyedReference keyName="Design" keyValue="Design" tModelKey="uddi:soa.com:servicelifecyclestage"/><ns4:keyedReference keyName="WSDL type" keyValue="service" tModelKey="uddi:uddi.org:wsdl:types"/><ns4:keyedReference keyName="service namespace" keyValue="https://spreadsheets.google.com/feeds" tModelKey="uddi:uddi.org:xml:namespace"/><ns4:keyedReference keyName="service local name" keyValue="Google_Sheets_API_Hook" tModelKey="uddi:uddi.org:xml:localname"/><ns4:keyedReference keyName="Managed Service" keyValue="Managed Service" tModelKey="uddi:digev.com:categorization:services"/><ns4:keyedReferenceGroup tModelKey="uddi:soa.com:service:group"/></ns4:categoryBag></ns4:businessService><ns8:ExportServiceEndpoint><ns7:ServiceEndpoint><ns7:ServiceKey>uddi:2f09bb4f-c9e8-11e4-b34e-c1e7b9cfed01</ns7:ServiceKey><ns7:Name>uddi:2f9be969-c9e8-11e4-b34e-c1e7b9cfed01</ns7:Name><ns7:Url>http://win7-64-vm:80/sheets_hook</ns7:Url><ns7:BindingQName>{https://spreadsheets.google.com/feeds}Google_Sheets_API_Hook_Binding</ns7:BindingQName><ns7:PortName>HTTP</ns7:PortName><ns7:Protocol>http</ns7:Protocol><ns7:ContainerKey>ND-Cluster</ns7:ContainerKey><ns7:ListenerName>default-http0</ns7:ListenerName></ns7:ServiceEndpoint><ns8:EndpointWsdlUri>wsdls/uddi_2f9be969-c9e8-11e4-b34e-c1e7b9cfed01.wsdl</ns8:EndpointWsdlUri></ns8:ExportServiceEndpoint><ns8:BpelUri>services/uddi_2f09bb4f-c9e8-11e4-b34e-c1e7b9cfed01/bpel.xml</ns8:BpelUri><ns8:ManagementUri>services/uddi_2f09bb4f-c9e8-11e4-b34e-c1e7b9cfed01/management.xml</ns8:ManagementUri></ns8:ExportService></ns8:ExportObjectConfiguration><ns8:ExportObjectConfiguration><ns2:ContractKey><ns2:Key>f5ea2805-c3c3-11e4-aaa1-f96d9bf69285</ns2:Key></ns2:ContractKey><ns8:ExportContract><ns11:Contract><ns11:ContractInfo Anonymous="true" Key="f5ea2805-c3c3-11e4-aaa1-f96d9bf69285:1161" Name="Anonymous" State="Activated"><ns11:Description></ns11:Description><ns11:ProviderOrganizationKey>uddi:603d313b-c3b4-11e4-b79d-bcadfb6b06d1</ns11:ProviderOrganizationKey><ns2:EffectiveDateTimes><ns2:StartDateTime><ns2:DateTime>2015-03-06T16:44:00+11:00</ns2:DateTime><ns2:TimezoneName>Australia/Sydney</ns2:TimezoneName></ns2:StartDateTime><ns2:EndDateTime><ns2:DateTime>2016-03-05T16:44:00+11:00</ns2:DateTime><ns2:TimezoneName>Australia/Sydney</ns2:TimezoneName></ns2:EndDateTime><ns2:Expire>false</ns2:Expire></ns2:EffectiveDateTimes><ns11:ContractVersionInfo><ns11:LastModifiedTimestamp>2015-03-06+11:00</ns11:LastModifiedTimestamp><ns11:User>Local Domain\administrator</ns11:User><ns11:MetadataVersion>1</ns11:MetadataVersion><ns11:ActiveMetadataVersion>1</ns11:ActiveMetadataVersion></ns11:ContractVersionInfo><ns11:ContractType>service.contract</ns11:ContractType></ns11:ContractInfo><ns11:ContractScope><ns2:OrganizationKey>uddi:603d313b-c3b4-11e4-b79d-bcadfb6b06d1</ns2:OrganizationKey></ns11:ContractScope></ns11:Contract></ns8:ExportContract></ns8:ExportObjectConfiguration><ns8:ExportObjectConfiguration><ns2:PolicyKey><ns2:Key>urn:uuid:e8726546-c3b7-11e4-b3fe-e060b1cf820a</ns2:Key></ns2:PolicyKey><ns8:ExportPolicy><ns10:Policy PolicyName="Insert JWT into Downstream request"><ns10:PolicyKey>urn:uuid:e8726546-c3b7-11e4-b3fe-e060b1cf820a</ns10:PolicyKey><ns10:OrganizationKey>uddi:603d313b-c3b4-11e4-b79d-bcadfb6b06d1</ns10:OrganizationKey><ns10:PolicyType>Operational Policy</ns10:PolicyType><ns10:PolicySubType>policy.xml</ns10:PolicySubType><ns10:Description></ns10:Description><ns10:ReadOnly>false</ns10:ReadOnly><ns10:LocalPolicy>false</ns10:LocalPolicy><ns10:LastUpdatedTime>2015-03-14T05:57:30.527Z</ns10:LastUpdatedTime><ns10:PolicyConfigurationAsString><ns10:Contents>&lt;![CDATA[&lt;?xml version="1.0" encoding="UTF-8"?&gt;
&lt;wsp:Policy visibility="public" xmlns:tns="http://com.soa.pso/policy/" xmlns:wsp="http://schemas.xmlsoap.org/ws/2004/09/policy"&gt;
    &lt;tns:JWTToken&gt;
    	&lt;tns:fileLocation&gt;c://API Project-4c3a51226463.p12&lt;/tns:fileLocation&gt;
    	&lt;tns:serviceAccountEmail&gt;464838240704-gjrgniev78n29hg24l5fjol42o8uspqv@developer.gserviceaccount.com&lt;/tns:serviceAccountEmail&gt;
     &lt;tns:userAccountEmail&gt;paulpog@japarasolutions.com&lt;/tns:userAccountEmail&gt;
    &lt;/tns:JWTToken&gt;
&lt;/wsp:Policy&gt;]]&gt;</ns10:Contents></ns10:PolicyConfigurationAsString></ns10:Policy></ns8:ExportPolicy></ns8:ExportObjectConfiguration><ns8:ExportObjectConfiguration><ns2:PolicyKey><ns2:Key>urn:uuid:c69f19d9-c3b5-11e4-b79d-bcadfb6b06d1</ns2:Key></ns2:PolicyKey><ns8:ExportPolicy><ns10:Policy PolicyName="GetAuthToken"><ns10:PolicyKey>urn:uuid:c69f19d9-c3b5-11e4-b79d-bcadfb6b06d1</ns10:PolicyKey><ns10:OrganizationKey>uddi:603d313b-c3b4-11e4-b79d-bcadfb6b06d1</ns10:OrganizationKey><ns10:PolicyType>Operational Policy</ns10:PolicyType><ns10:PolicySubType>pso.openapi.xopscript.policy</ns10:PolicySubType><ns10:Description></ns10:Description><ns10:ReadOnly>false</ns10:ReadOnly><ns10:LocalPolicy>false</ns10:LocalPolicy><ns10:LastUpdatedTime>2015-03-14T23:46:56.053Z</ns10:LastUpdatedTime><ns10:PolicyConfigurationAsString><ns10:Contents>&lt;![CDATA[&lt;?xml version="1.0" encoding="UTF-8"?&gt;
&lt;wsp:Policy visibility="public" xmlns:wsp="http://schemas.xmlsoap.org/ws/2004/09/policy"&gt;&lt;ns2:XScriptedPolicy xmlns:ns2="http://soa.com/pso/openapi/policy/opscripts/1.0/"&gt;&lt;ns2:Script&gt;// *************************************************************
// *************************************************************
// **
// **  Experimental Script Policy
// **
// **  Call Token generator and add
// **  it to the current message. This will replace any 
// **  existing HTTP Authorization headers 
// **
// **  Requires access to Apache Commons Codec 
// **
// *************************************************************
// *************************************************************
auditLog.debug("Getting Google Token");	

//must be a global variable to post handler status
success = true;

if (messageContext.getParameterType() == 0) {
	var msg = messageContext.getMessage();
	var token = "";
	//set auth 
	var headers = msg.getTransportHeaders();
	if (headers == null || headers == undefined) {
		headers = msg.createTransportHeaders();
		auditLog.debug("Just created the Headers as there were none sent in the message");
	}
	
	if (token == ""){
		try {
			token = authGoogleToken(200);
		}
		catch (e) {
			systemLog.error(String(e));
			auditLog.error("Error Getting OAuth Token: "+String(e));
			token = "false";
		}
	};
	
	if (token != "false") {
		auditLog.debug("Token is: "+ token.replace("\"", ''));
		headers.add("Authorization", "Bearer " + token.replace("\"", ''));
		auditLog.debug("Finished getting Google Token");
	}else {
		auditLog.debug("Finished getting Google Token with an error");
		success = false;
	}
}
/*return*/success;&lt;/ns2:Script&gt;&lt;ns2:ScriptEngine&gt;js&lt;/ns2:ScriptEngine&gt;&lt;ns2:Provider&gt;false&lt;/ns2:Provider&gt;&lt;ns2:Consumer&gt;true&lt;/ns2:Consumer&gt;&lt;ns2:Imports&gt;&lt;ns2:ScriptKey&gt;script:1d53e92c-c3b6-11e4-b79d-bcadfb6b06d1&lt;/ns2:ScriptKey&gt;&lt;ns2:ScriptKey&gt;script:1d53e92c-c3b6-11e4-b79d-bcadfb6b06d1&lt;/ns2:ScriptKey&gt;&lt;ns2:ScriptKey&gt;script:1d53e92c-c3b6-11e4-b79d-bcadfb6b06d1&lt;/ns2:ScriptKey&gt;&lt;ns2:ScriptKey&gt;script:1d53e92c-c3b6-11e4-b79d-bcadfb6b06d1&lt;/ns2:ScriptKey&gt;&lt;ns2:ScriptKey&gt;script:1d53e92c-c3b6-11e4-b79d-bcadfb6b06d1&lt;/ns2:ScriptKey&gt;&lt;ns2:ScriptKey&gt;script:1d53e92c-c3b6-11e4-b79d-bcadfb6b06d1&lt;/ns2:ScriptKey&gt;&lt;ns2:ScriptKey&gt;script:1d53e92c-c3b6-11e4-b79d-bcadfb6b06d1&lt;/ns2:ScriptKey&gt;&lt;ns2:ScriptKey&gt;script:1d53e92c-c3b6-11e4-b79d-bcadfb6b06d1&lt;/ns2:ScriptKey&gt;&lt;/ns2:Imports&gt;&lt;/ns2:XScriptedPolicy&gt;&lt;/wsp:Policy&gt;]]&gt;</ns10:Contents></ns10:PolicyConfigurationAsString></ns10:Policy></ns8:ExportPolicy></ns8:ExportObjectConfiguration><ns8:ExportObjectConfiguration><ns2:IdentityKey><ns2:Key>Local Domain\lykyM#hT5kQxAzw39a9J6w==</ns2:Key><ns2:DomainName>Local Domain</ns2:DomainName><ns2:UserName>lykyM#hT5kQxAzw39a9J6w==</ns2:UserName></ns2:IdentityKey><ns8:ExportUserIdentity><ns15:User DomainName="Local Domain" UserName="lykyM#hT5kQxAzw39a9J6w=="><ns15:FullName>Service: uddi:2f09bb4f-c9e8-11e4-b34e-c1e7b9cfed01</ns15:FullName><ns15:IdentityKey>urn:uuid:2f0c5360-c9e8-11e4-b34e-c1e7b9cfed01</ns15:IdentityKey><ns15:Password>U5kKh9ZkylBlukgkTZd+woV22O0uZdnKOpR1XnKm48aemgm24FS8sg4kuMp/T5vXTspbT9GLb8oqXJklUwwzWA==</ns15:Password><ns15:Disabled>false</ns15:Disabled><ns15:ForcePwdResetOnNextLogin>false</ns15:ForcePwdResetOnNextLogin><ns15:Expired>false</ns15:Expired><ns15:ReadOnly>true</ns15:ReadOnly><ns15:PasswordFrmSeed>0</ns15:PasswordFrmSeed><ns15:OrganizationKey>uddi:soa.com:registryorganization</ns15:OrganizationKey><ns15:PasswordSalt>xfJD6Gv0JqdafV5Hu+NPQjYLvGxxNxusr1+6JdLuK0FytBfdmwosEyb9Se3OXBldF/x6BMj/WocqDJ6mgqpDQg==</ns15:PasswordSalt></ns15:User><ns8:PKIGenerated>true</ns8:PKIGenerated></ns8:ExportUserIdentity></ns8:ExportObjectConfiguration><ns8:ExportObjectConfiguration><ns2:IdentityKey><ns2:Key>Local Domain\vbx9QySUdavYhx2+InxPAA==</ns2:Key><ns2:DomainName>Local Domain</ns2:DomainName><ns2:UserName>vbx9QySUdavYhx2+InxPAA==</ns2:UserName></ns2:IdentityKey><ns8:ExportUserIdentity><ns15:User DomainName="Local Domain" UserName="vbx9QySUdavYhx2+InxPAA=="><ns15:FullName>Service: uddi:4198a3b3-c9ea-11e4-b34e-c1e7b9cfed01</ns15:FullName><ns15:IdentityKey>urn:uuid:4199dc34-c9ea-11e4-b34e-c1e7b9cfed01</ns15:IdentityKey><ns15:Password>9RhhHjZjI/PtakYIISLS+D1iXdxCpz5FS+FQy4EKRxfUattPmvWTFo/g/iSCH21gj08vg6Y4rRrytW22Hag7LA==</ns15:Password><ns15:Disabled>false</ns15:Disabled><ns15:ForcePwdResetOnNextLogin>false</ns15:ForcePwdResetOnNextLogin><ns15:Expired>false</ns15:Expired><ns15:ReadOnly>true</ns15:ReadOnly><ns15:PasswordFrmSeed>0</ns15:PasswordFrmSeed><ns15:OrganizationKey>uddi:soa.com:registryorganization</ns15:OrganizationKey><ns15:PasswordSalt>ys3MlvscnL7ffJFCCsrkXX7WoHGI2rDtfx02f5RT0vTuWXGQVr3+KzmH8RAPYyGBxU/WmZiyi7+Trn3yFzAgGA==</ns15:PasswordSalt></ns15:User><ns8:PKIGenerated>true</ns8:PKIGenerated></ns8:ExportUserIdentity></ns8:ExportObjectConfiguration><ns8:ExportObjectConfiguration><ns2:IdentityKey><ns2:Key>Local Domain\acLXIELtJgq9HpXj2RKLVg==</ns2:Key><ns2:DomainName>Local Domain</ns2:DomainName><ns2:UserName>acLXIELtJgq9HpXj2RKLVg==</ns2:UserName></ns2:IdentityKey><ns8:ExportUserIdentity><ns15:User DomainName="Local Domain" UserName="acLXIELtJgq9HpXj2RKLVg=="><ns15:FullName>Service: uddi:ed9f2490-b56d-11e4-86ce-86c450a25418</ns15:FullName><ns15:IdentityKey>urn:uuid:8174f0ff-b585-11e4-86ce-86c450a25418</ns15:IdentityKey><ns15:Password>O3PXFSe+ASpitMkCaaP6zLWFnD/E00+SbV0BWJ+U4Bx/Fq1md/CxlrTjLei39osgxBCkxsC7nShijFEITNtoYQ==</ns15:Password><ns15:Disabled>false</ns15:Disabled><ns15:ForcePwdResetOnNextLogin>false</ns15:ForcePwdResetOnNextLogin><ns15:Expired>false</ns15:Expired><ns15:ReadOnly>true</ns15:ReadOnly><ns15:PasswordFrmSeed>0</ns15:PasswordFrmSeed><ns15:OrganizationKey>uddi:soa.com:registryorganization</ns15:OrganizationKey><ns15:PasswordSalt>FG+mMe022+JJwltupRlK5sePo35g4ImCPUsU8Y+Qokf3kaCHaeFmNy1vSPaThYHbyxsecBDIRV2PztpwRHbI/g==</ns15:PasswordSalt></ns15:User><ns8:PKIGenerated>true</ns8:PKIGenerated></ns8:ExportUserIdentity></ns8:ExportObjectConfiguration></ns8:ExportConfiguration>