<?xml version="1.0" encoding="UTF-8"?>
<ActivityGraph xmlns="http://soa.com/uri/products/activity/graph/xsd/1.0"><PositionElements><Position ActivityName="Receive"><XPosition>190</XPosition><YPosition>40</YPosition></Position><Position ActivityName="GetGoogleAuthToken"><XPosition>170</XPosition><YPosition>130</YPosition></Position><Position ActivityName="Branch1"><XPosition>180</XPosition><YPosition>250</YPosition></Position><Position ActivityName="GetListofSheets"><XPosition>170</XPosition><YPosition>350</YPosition></Position><Position ActivityName="Branch2"><XPosition>180</XPosition><YPosition>460</YPosition></Position><Position ActivityName="GetWorksheets"><XPosition>170</XPosition><YPosition>560</YPosition></Position><Position ActivityName="Branch3"><XPosition>180</XPosition><YPosition>670</YPosition></Position><Position ActivityName="getCellContent"><XPosition>170</XPosition><YPosition>770</YPosition></Position><Position ActivityName="Branch4"><XPosition>180</XPosition><YPosition>890</YPosition></Position><Position ActivityName="CreateFinalResponse"><XPosition>300</XPosition><YPosition>980</YPosition></Position><Position ActivityName="Insert Content5"><XPosition>440</XPosition><YPosition>980</YPosition></Position><Position ActivityName="Reply4"><XPosition>690</XPosition><YPosition>950</YPosition></Position><Position ActivityName="Insert Content4"><XPosition>470</XPosition><YPosition>730</YPosition></Position><Position ActivityName="Reply3"><XPosition>690</XPosition><YPosition>740</YPosition></Position><Position ActivityName="Insert Content3"><XPosition>490</XPosition><YPosition>530</YPosition></Position><Position ActivityName="Reply2"><XPosition>680</XPosition><YPosition>540</YPosition></Position><Position ActivityName="Insert Content2"><XPosition>510</XPosition><YPosition>350</YPosition></Position><Position ActivityName="Reply1"><XPosition>700</XPosition><YPosition>360</YPosition></Position><Position ActivityName="Insert Content1"><XPosition>540</XPosition><YPosition>90</YPosition></Position><Position ActivityName="Reply"><XPosition>700</XPosition><YPosition>110</YPosition></Position></PositionElements></ActivityGraph>