<?xml version="1.0" encoding="UTF-8"?>
<process name="POST__worksheets__key___visibility___protection_" ns2:processKey="bpel:ccd64788-c9eb-11e4-b34e-c1e7b9cfed01" targetNamespace="https://spreadsheets.google.com/feeds" xmlns="http://schemas.xmlsoap.org/ws/2003/03/business-process/" xmlns:ns10="http://soa.com/capabilities/service/virtualization/bpel/activity" xmlns:ns2="http://soa.com/bpel/ext" xmlns:ns3="http://soa.com/capabilities/service/virtualization/bpel" xmlns:ns4="http://schemas.xmlsoap.org/ws/2006/02/addressingidentity" xmlns:ns5="http://www.w3.org/2000/09/xmldsig#" xmlns:ns6="http://docs.oasis-open.org/wss/2004/01/oasis-200401-wss-wssecurity-secext-1.0.xsd" xmlns:ns7="http://docs.oasis-open.org/wss/2004/01/oasis-200401-wss-wssecurity-utility-1.0.xsd" xmlns:ns8="http://schemas.xmlsoap.org/ws/2004/09/mex" xmlns:ns9="http://schemas.xmlsoap.org/ws/2003/05/partner-link/"><ns9:partnerLinkType name="Google_Sheets_API_Hook_PortTypeProvider"><ns9:role name="Provider"><ns9:portType name="ns11:Google_Sheets_API_Hook_PortType" xmlns:ns11="https://spreadsheets.google.com/feeds"/></ns9:role></ns9:partnerLinkType><ns9:partnerLinkType name="Google_Sheets_API_PortTypeConsumer"><ns9:role name="Consumer"><ns9:portType name="ns11:Google_Sheets_API_PortType" xmlns:ns11="https://spreadsheets.google.com/feeds"/></ns9:role></ns9:partnerLinkType><partnerLinks><partnerLink myRole="Google_Sheets_API_Hook_PortType" name="initial" partnerLinkType="ns11:Google_Sheets_API_Hook_PortTypeProvider" xmlns:ns11="https://spreadsheets.google.com/feeds"/><partnerLink myRole="Consumer" name="Google_Sheets_API_PortTypePartnerLink" partnerLinkType="ns11:Google_Sheets_API_PortTypeConsumer" xmlns:ns11="https://spreadsheets.google.com/feeds"/></partnerLinks><variables><variable messageType="ns11:ActivityMessage" name="message" xmlns:ns11="http://soa.com/process/activity"/><variable messageType="ns11:ActivityMessage" name="fault" xmlns:ns11="http://soa.com/process/activity"/></variables><faultHandlers><catchAll><sequence><reply faultName="ns2:ExistingFault" name="FaultReply" operation="POST__worksheets__key___visibility___protection_" partnerLink="initial" portType="ns11:Google_Sheets_API_Hook_PortType" variable="fault" xmlns:ns11="https://spreadsheets.google.com/feeds"/></sequence></catchAll></faultHandlers><sequence><receive createInstance="yes" name="Receive" operation="POST__worksheets__key___visibility___protection_" partnerLink="initial" portType="ns11:Google_Sheets_API_Hook_PortType" variable="message" xmlns:ns11="https://spreadsheets.google.com/feeds"/><invoke inputVariable="message" name="Invoke1" operation="POST__worksheets__key___visibility___protection_" outputVariable="message" partnerLink="Google_Sheets_API_PortTypePartnerLink" portType="ns11:Google_Sheets_API_PortType" xmlns:ns11="https://spreadsheets.google.com/feeds"><ns2:InvocationExt service="ns11:Google_Sheets_API"><ns2:Audit/></ns2:InvocationExt></invoke><reply name="Reply" operation="POST__worksheets__key___visibility___protection_" partnerLink="initial" portType="ns11:Google_Sheets_API_Hook_PortType" variable="message" xmlns:ns11="https://spreadsheets.google.com/feeds"/></sequence></process>