<?xml version="1.0" encoding="UTF-8"?>
<process name="GET__cell" ns2:processKey="bpel:e8b6f2ad-9f93-11e4-bd8a-eaa1e8f31cf2" targetNamespace="http://win7-64-vm:80/cell" xmlns="http://schemas.xmlsoap.org/ws/2003/03/business-process/" xmlns:ns10="http://soa.com/capabilities/service/virtualization/bpel/activity" xmlns:ns2="http://soa.com/bpel/ext" xmlns:ns3="http://soa.com/capabilities/service/virtualization/bpel" xmlns:ns4="http://schemas.xmlsoap.org/ws/2006/02/addressingidentity" xmlns:ns5="http://www.w3.org/2000/09/xmldsig#" xmlns:ns6="http://docs.oasis-open.org/wss/2004/01/oasis-200401-wss-wssecurity-secext-1.0.xsd" xmlns:ns7="http://docs.oasis-open.org/wss/2004/01/oasis-200401-wss-wssecurity-utility-1.0.xsd" xmlns:ns8="http://schemas.xmlsoap.org/ws/2004/09/mex" xmlns:ns9="http://schemas.xmlsoap.org/ws/2003/05/partner-link/"><ns9:partnerLinkType name="Google_Sheets_Integrator_PortTypeProvider"><ns9:role name="Provider"><ns9:portType name="ns11:Google_Sheets_Integrator_PortType" xmlns:ns11="http://win7-64-vm:80/cell"/></ns9:role></ns9:partnerLinkType><ns9:partnerLinkType name="ActivityPortTypeConsumer"><ns9:role name="Consumer"><ns9:portType name="ns10:ActivityPortType"/></ns9:role></ns9:partnerLinkType><ns10:Activities><ns10:Activity ActivityType="ns11:ProcessActivity" LastUpdated="1424301163148" Name="GetGoogleAuthToken" xmlns:ns11="http://soa.com/uri/products/activity/process/xsd/1.0"><ns5:ProcessActivity xmlns="http://soa.com/uri/products/activity/audit/xsd/1.0" xmlns:ns2="http://soa.com/uri/products/activity/script/xsd/1.0" xmlns:ns3="http://soa.com/uri/products/activity/stripxml/xsd/1.0" xmlns:ns4="http://soa.com/uri/products/activity/xform/xsd/1.0" xmlns:ns5="http://soa.com/uri/products/activity/process/xsd/1.0" xmlns:ns6="http://soa.com/uri/products/activity/insertxml/xsd/1.0" xmlns:ns7="http://soa.com/uri/products/activity/insertcontent/xsd/1.0" xmlns:ns8="http://docs.oasis-open.org/wss/2004/01/oasis-200401-wss-wssecurity-utility-1.0.xsd"><ns5:ProcessID>bpel:00863c4d-b56c-11e4-86ce-86c450a25418</ns5:ProcessID></ns5:ProcessActivity></ns10:Activity><ns10:Activity ActivityType="ns11:ProcessActivity" LastUpdated="1424301163148" Name="GetListofSheets" xmlns:ns11="http://soa.com/uri/products/activity/process/xsd/1.0"><ns5:ProcessActivity xmlns="http://soa.com/uri/products/activity/audit/xsd/1.0" xmlns:ns2="http://soa.com/uri/products/activity/script/xsd/1.0" xmlns:ns3="http://soa.com/uri/products/activity/stripxml/xsd/1.0" xmlns:ns4="http://soa.com/uri/products/activity/xform/xsd/1.0" xmlns:ns5="http://soa.com/uri/products/activity/process/xsd/1.0" xmlns:ns6="http://soa.com/uri/products/activity/insertxml/xsd/1.0" xmlns:ns7="http://soa.com/uri/products/activity/insertcontent/xsd/1.0" xmlns:ns8="http://docs.oasis-open.org/wss/2004/01/oasis-200401-wss-wssecurity-utility-1.0.xsd"><ns5:ProcessID>bpel:21735124-a674-11e4-8e6b-f088256c1208</ns5:ProcessID></ns5:ProcessActivity></ns10:Activity><ns10:Activity ActivityType="ns11:ProcessActivity" LastUpdated="1424301163148" Name="GetWorksheets" xmlns:ns11="http://soa.com/uri/products/activity/process/xsd/1.0"><ns5:ProcessActivity xmlns="http://soa.com/uri/products/activity/audit/xsd/1.0" xmlns:ns2="http://soa.com/uri/products/activity/script/xsd/1.0" xmlns:ns3="http://soa.com/uri/products/activity/stripxml/xsd/1.0" xmlns:ns4="http://soa.com/uri/products/activity/xform/xsd/1.0" xmlns:ns5="http://soa.com/uri/products/activity/process/xsd/1.0" xmlns:ns6="http://soa.com/uri/products/activity/insertxml/xsd/1.0" xmlns:ns7="http://soa.com/uri/products/activity/insertcontent/xsd/1.0" xmlns:ns8="http://docs.oasis-open.org/wss/2004/01/oasis-200401-wss-wssecurity-utility-1.0.xsd"><ns5:ProcessID>bpel:aba48fd0-a6a9-11e4-8e6b-f088256c1208</ns5:ProcessID></ns5:ProcessActivity></ns10:Activity><ns10:Activity ActivityType="ns11:ProcessActivity" LastUpdated="1424301163149" Name="getCellContent" xmlns:ns11="http://soa.com/uri/products/activity/process/xsd/1.0"><ns5:ProcessActivity xmlns="http://soa.com/uri/products/activity/audit/xsd/1.0" xmlns:ns2="http://soa.com/uri/products/activity/script/xsd/1.0" xmlns:ns3="http://soa.com/uri/products/activity/stripxml/xsd/1.0" xmlns:ns4="http://soa.com/uri/products/activity/xform/xsd/1.0" xmlns:ns5="http://soa.com/uri/products/activity/process/xsd/1.0" xmlns:ns6="http://soa.com/uri/products/activity/insertxml/xsd/1.0" xmlns:ns7="http://soa.com/uri/products/activity/insertcontent/xsd/1.0" xmlns:ns8="http://docs.oasis-open.org/wss/2004/01/oasis-200401-wss-wssecurity-utility-1.0.xsd"><ns5:ProcessID>bpel:db68460c-a6b6-11e4-8e6b-f088256c1208</ns5:ProcessID></ns5:ProcessActivity></ns10:Activity><ns10:Activity ActivityType="ns11:ScriptedActivity" LastUpdated="1424301163149" Name="CreateFinalResponse" xmlns:ns11="http://soa.com/uri/products/activity/script/xsd/1.0"><ns2:ScriptedActivity xmlns="http://soa.com/uri/products/activity/audit/xsd/1.0" xmlns:ns2="http://soa.com/uri/products/activity/script/xsd/1.0" xmlns:ns3="http://soa.com/uri/products/activity/stripxml/xsd/1.0" xmlns:ns4="http://soa.com/uri/products/activity/xform/xsd/1.0" xmlns:ns5="http://soa.com/uri/products/activity/process/xsd/1.0" xmlns:ns6="http://soa.com/uri/products/activity/insertxml/xsd/1.0" xmlns:ns7="http://soa.com/uri/products/activity/insertcontent/xsd/1.0" xmlns:ns8="http://docs.oasis-open.org/wss/2004/01/oasis-200401-wss-wssecurity-utility-1.0.xsd"><ns2:Language>js</ns2:Language><ns2:Script>auditLog.debug("processing the Google Sheet final response");

var cellContent = processContext.getVariable("CellContent");
auditLog.debug("the result was = " + cellContent);
var finalResponse = "{\"status\":\"success\", \"cellContent\": \""+cellContent+"\"}"
auditLog.debug("the final result is = " + finalResponse);

var finalMessage = msgFactory.create();
finalMessage.setStringContent(finalResponse);

processContext.setVariable("FinalResponse",finalMessage);</ns2:Script></ns2:ScriptedActivity></ns10:Activity><ns10:Activity ActivityType="ns11:InsertContentActivity" LastUpdated="1424301163149" Name="Insert Content5" xmlns:ns11="http://soa.com/uri/products/activity/insertcontent/xsd/1.0"><ns7:InsertContentActivity xmlns="http://soa.com/uri/products/activity/audit/xsd/1.0" xmlns:ns2="http://soa.com/uri/products/activity/script/xsd/1.0" xmlns:ns3="http://soa.com/uri/products/activity/stripxml/xsd/1.0" xmlns:ns4="http://soa.com/uri/products/activity/xform/xsd/1.0" xmlns:ns5="http://soa.com/uri/products/activity/process/xsd/1.0" xmlns:ns6="http://soa.com/uri/products/activity/insertxml/xsd/1.0" xmlns:ns7="http://soa.com/uri/products/activity/insertcontent/xsd/1.0" xmlns:ns8="http://docs.oasis-open.org/wss/2004/01/oasis-200401-wss-wssecurity-utility-1.0.xsd"><ns7:From><ns7:Variable name="FinalResponse"/></ns7:From><ns7:To><ns7:Variable name="message"><ns7:JSONPath>$</ns7:JSONPath></ns7:Variable><ns7:Action>replace</ns7:Action></ns7:To><ns7:NSPrefixes/></ns7:InsertContentActivity></ns10:Activity><ns10:Activity ActivityType="ns11:InsertContentActivity" LastUpdated="1424301163149" Name="Insert Content4" xmlns:ns11="http://soa.com/uri/products/activity/insertcontent/xsd/1.0"><ns7:InsertContentActivity xmlns="http://soa.com/uri/products/activity/audit/xsd/1.0" xmlns:ns2="http://soa.com/uri/products/activity/script/xsd/1.0" xmlns:ns3="http://soa.com/uri/products/activity/stripxml/xsd/1.0" xmlns:ns4="http://soa.com/uri/products/activity/xform/xsd/1.0" xmlns:ns5="http://soa.com/uri/products/activity/process/xsd/1.0" xmlns:ns6="http://soa.com/uri/products/activity/insertxml/xsd/1.0" xmlns:ns7="http://soa.com/uri/products/activity/insertcontent/xsd/1.0" xmlns:ns8="http://docs.oasis-open.org/wss/2004/01/oasis-200401-wss-wssecurity-utility-1.0.xsd"><ns7:From><ns7:StaticContent>{"status":"failed", "error":"There are no cells with content in the spreadsheet}</ns7:StaticContent><ns7:ContentType>application/json</ns7:ContentType></ns7:From><ns7:To><ns7:Variable name="message"><ns7:JSONPath>$</ns7:JSONPath></ns7:Variable><ns7:Action>replace</ns7:Action></ns7:To><ns7:NSPrefixes/></ns7:InsertContentActivity></ns10:Activity><ns10:Activity ActivityType="ns11:InsertContentActivity" LastUpdated="1424301163149" Name="Insert Content3" xmlns:ns11="http://soa.com/uri/products/activity/insertcontent/xsd/1.0"><ns7:InsertContentActivity xmlns="http://soa.com/uri/products/activity/audit/xsd/1.0" xmlns:ns2="http://soa.com/uri/products/activity/script/xsd/1.0" xmlns:ns3="http://soa.com/uri/products/activity/stripxml/xsd/1.0" xmlns:ns4="http://soa.com/uri/products/activity/xform/xsd/1.0" xmlns:ns5="http://soa.com/uri/products/activity/process/xsd/1.0" xmlns:ns6="http://soa.com/uri/products/activity/insertxml/xsd/1.0" xmlns:ns7="http://soa.com/uri/products/activity/insertcontent/xsd/1.0" xmlns:ns8="http://docs.oasis-open.org/wss/2004/01/oasis-200401-wss-wssecurity-utility-1.0.xsd"><ns7:From><ns7:StaticContent>{"status":"failed", "error":"There are no worksheets for this Spreadsheet"}</ns7:StaticContent><ns7:ContentType>application/json</ns7:ContentType></ns7:From><ns7:To><ns7:Variable name="message"><ns7:JSONPath>$</ns7:JSONPath></ns7:Variable><ns7:Action>append</ns7:Action></ns7:To><ns7:NSPrefixes/></ns7:InsertContentActivity></ns10:Activity><ns10:Activity ActivityType="ns11:InsertContentActivity" LastUpdated="1424301163149" Name="Insert Content2" xmlns:ns11="http://soa.com/uri/products/activity/insertcontent/xsd/1.0"><ns7:InsertContentActivity xmlns="http://soa.com/uri/products/activity/audit/xsd/1.0" xmlns:ns2="http://soa.com/uri/products/activity/script/xsd/1.0" xmlns:ns3="http://soa.com/uri/products/activity/stripxml/xsd/1.0" xmlns:ns4="http://soa.com/uri/products/activity/xform/xsd/1.0" xmlns:ns5="http://soa.com/uri/products/activity/process/xsd/1.0" xmlns:ns6="http://soa.com/uri/products/activity/insertxml/xsd/1.0" xmlns:ns7="http://soa.com/uri/products/activity/insertcontent/xsd/1.0" xmlns:ns8="http://docs.oasis-open.org/wss/2004/01/oasis-200401-wss-wssecurity-utility-1.0.xsd"><ns7:From><ns7:StaticContent>{"status":"failed", "error":"There are no Spreadsheets for this user"}</ns7:StaticContent><ns7:ContentType>application/json</ns7:ContentType></ns7:From><ns7:To><ns7:Variable name="message"><ns7:JSONPath>$</ns7:JSONPath></ns7:Variable><ns7:Action>replace</ns7:Action></ns7:To><ns7:NSPrefixes/></ns7:InsertContentActivity></ns10:Activity><ns10:Activity ActivityType="ns11:InsertContentActivity" LastUpdated="1424301163149" Name="Insert Content1" xmlns:ns11="http://soa.com/uri/products/activity/insertcontent/xsd/1.0"><ns7:InsertContentActivity xmlns="http://soa.com/uri/products/activity/audit/xsd/1.0" xmlns:ns2="http://soa.com/uri/products/activity/script/xsd/1.0" xmlns:ns3="http://soa.com/uri/products/activity/stripxml/xsd/1.0" xmlns:ns4="http://soa.com/uri/products/activity/xform/xsd/1.0" xmlns:ns5="http://soa.com/uri/products/activity/process/xsd/1.0" xmlns:ns6="http://soa.com/uri/products/activity/insertxml/xsd/1.0" xmlns:ns7="http://soa.com/uri/products/activity/insertcontent/xsd/1.0" xmlns:ns8="http://docs.oasis-open.org/wss/2004/01/oasis-200401-wss-wssecurity-utility-1.0.xsd"><ns7:From><ns7:StaticContent>{"status":"failed", "error":"User not Authorized - please check credentials"}</ns7:StaticContent><ns7:ContentType>application/json</ns7:ContentType></ns7:From><ns7:To><ns7:Variable name="message"><ns7:JSONPath>$</ns7:JSONPath></ns7:Variable><ns7:Action>replace</ns7:Action></ns7:To><ns7:NSPrefixes/></ns7:InsertContentActivity></ns10:Activity></ns10:Activities><partnerLinks><partnerLink myRole="Provider" name="initial" partnerLinkType="ns11:Google_Sheets_Integrator_PortTypeProvider" xmlns:ns11="http://win7-64-vm:80/cell"/><partnerLink myRole="Consumer" name="Activity" partnerLinkType="ns11:ActivityPortTypeConsumer" xmlns:ns11="http://win7-64-vm:80/cell"/></partnerLinks><variables><variable messageType="ns11:ActivityMessage" name="message" xmlns:ns11="http://soa.com/process/activity"/><variable messageType="ns11:ActivityMessage" name="fault" xmlns:ns11="http://soa.com/process/activity"/><variable defaultValue="" name="AppID" type="xs:string" xmlns:xs="http://www.w3.org/2001/XMLSchema"/><variable defaultValue="" name="AppSecret" type="xs:string" xmlns:xs="http://www.w3.org/2001/XMLSchema"/><variable defaultValue="" name="Bearer" type="xs:string" xmlns:xs="http://www.w3.org/2001/XMLSchema"/><variable messageType="ns11:ActivityMessage" name="ListResponse" xmlns:ns11="http://soa.com/process/activity"/><variable defaultValue="" name="WorksheetKey" type="xs:string" xmlns:xs="http://www.w3.org/2001/XMLSchema"/><variable defaultValue="" name="CellContent" type="xs:string" xmlns:xs="http://www.w3.org/2001/XMLSchema"/><variable defaultValue="" name="CellKey" type="xs:string" xmlns:xs="http://www.w3.org/2001/XMLSchema"/><variable messageType="ns11:ActivityMessage" name="FinalResponse" xmlns:ns11="http://soa.com/process/activity"/></variables><faultHandlers><catchAll><sequence><reply faultName="ns2:ExistingFault" name="FaultReply" operation="GET__cell" partnerLink="initial" portType="ns11:Google_Sheets_Integrator_PortType" variable="fault" xmlns:ns11="http://win7-64-vm:80/cell"/></sequence></catchAll></faultHandlers><sequence><receive createInstance="yes" name="Receive" operation="GET__cell" partnerLink="initial" portType="ns11:Google_Sheets_Integrator_PortType" variable="message" xmlns:ns11="http://win7-64-vm:80/cell"/><invoke inputVariable="message" name="GetGoogleAuthToken" operation="invoke" outputVariable="message" partnerLink="Activity" portType="ns10:ActivityPortType"><ns2:InvocationExt endpoint="GetGoogleAuthToken" propagateExchange="true" service="ns10:ActivityService"/></invoke><switch name="Branch1" ns2:expressionLanguage="js"><case condition="&lt;?xml version=&quot;1.0&quot; encoding=&quot;UTF-8&quot; standalone=&quot;yes&quot;?>&lt;Script xmlns=&quot;http://soa.com/capabilities/service/scripting&quot;>&lt;Language>js&lt;/Language>&lt;Source>auditLog.debug(&quot;Validating Address&quot;);&#xa;var bearer = processContext.getVariable(&quot;Bearer&quot;);&#xa;auditLog.debug(&quot;bearer =&quot; + bearer);&#xa;bearer != undefined; &lt;/Source>&lt;/Script>" ns2:inputVariable="" ns2:label="Authorized"><sequence><invoke inputVariable="message" name="GetListofSheets" operation="invoke" outputVariable="message" partnerLink="Activity" portType="ns10:ActivityPortType"><ns2:InvocationExt endpoint="GetListofSheets" propagateExchange="true" service="ns10:ActivityService"/></invoke><switch name="Branch2" ns2:expressionLanguage="js"><case condition="&lt;?xml version=&quot;1.0&quot; encoding=&quot;UTF-8&quot; standalone=&quot;yes&quot;?>&lt;Script xmlns=&quot;http://soa.com/capabilities/service/scripting&quot;>&lt;Language>js&lt;/Language>&lt;Source>auditLog.debug(&quot;Validating Address&quot;);&#xa;var Key = processContext.getVariable(&quot;WorksheetKey&quot;);&#xa;auditLog.debug(&quot;key =&quot; + Key);&#xa;Key != 0; &lt;/Source>&lt;/Script>" ns2:inputVariable="" ns2:label="SpreadsheetsExist"><sequence><invoke inputVariable="message" name="GetWorksheets" operation="invoke" outputVariable="message" partnerLink="Activity" portType="ns10:ActivityPortType"><ns2:InvocationExt endpoint="GetWorksheets" propagateExchange="true" service="ns10:ActivityService"/></invoke><switch name="Branch3" ns2:expressionLanguage="js"><case condition="&lt;?xml version=&quot;1.0&quot; encoding=&quot;UTF-8&quot; standalone=&quot;yes&quot;?>&lt;Script xmlns=&quot;http://soa.com/capabilities/service/scripting&quot;>&lt;Language>js&lt;/Language>&lt;Source>auditLog.debug(&quot;Validating Cells&quot;);&#xa;var Key = processContext.getVariable(&quot;CellKey&quot;);&#xa;auditLog.debug(&quot;key =&quot; + Key);&#xa;Key != undefined; &lt;/Source>&lt;/Script>" ns2:inputVariable="" ns2:label="CellsExist"><sequence><invoke inputVariable="message" name="getCellContent" operation="invoke" outputVariable="message" partnerLink="Activity" portType="ns10:ActivityPortType"><ns2:InvocationExt endpoint="getCellContent" propagateExchange="true" service="ns10:ActivityService"/></invoke><switch name="Branch4" ns2:expressionLanguage="js"><case condition="&lt;?xml version=&quot;1.0&quot; encoding=&quot;UTF-8&quot; standalone=&quot;yes&quot;?>&lt;Script xmlns=&quot;http://soa.com/capabilities/service/scripting&quot;>&lt;Language>js&lt;/Language>&lt;Source>auditLog.debug(&quot;Validating Cells&quot;);&#xa;var content = processContext.getVariable(&quot;CellContent&quot;);&#xa;auditLog.debug(&quot;content =&quot; + content);&#xa;content != undefined; &lt;/Source>&lt;/Script>" ns2:inputVariable="" ns2:label="ValueExists"><sequence><invoke inputVariable="message" name="CreateFinalResponse" operation="invoke" outputVariable="message" partnerLink="Activity" portType="ns10:ActivityPortType"><ns2:InvocationExt endpoint="CreateFinalResponse" propagateExchange="true" service="ns10:ActivityService"/></invoke><invoke inputVariable="message" name="Insert Content5" operation="invoke" outputVariable="message" partnerLink="Activity" portType="ns10:ActivityPortType"><ns2:InvocationExt endpoint="Insert Content5" propagateExchange="true" service="ns10:ActivityService"/></invoke><reply name="Reply4" operation="GET__cell" partnerLink="initial" portType="ns11:Google_Sheets_Integrator_PortType" variable="message" xmlns:ns11="http://win7-64-vm:80/cell"/></sequence></case><otherwise><sequence><invoke inputVariable="message" name="Insert Content4" operation="invoke" outputVariable="message" partnerLink="Activity" portType="ns10:ActivityPortType"><ns2:InvocationExt endpoint="Insert Content4" propagateExchange="true" service="ns10:ActivityService"/></invoke><reply name="Reply3" operation="GET__cell" partnerLink="initial" portType="ns11:Google_Sheets_Integrator_PortType" variable="message" xmlns:ns11="http://win7-64-vm:80/cell"/></sequence></otherwise></switch></sequence></case><otherwise><sequence><invoke inputVariable="message" name="Insert Content3" operation="invoke" outputVariable="message" partnerLink="Activity" portType="ns10:ActivityPortType"><ns2:InvocationExt endpoint="Insert Content3" propagateExchange="true" service="ns10:ActivityService"/></invoke><reply name="Reply2" operation="GET__cell" partnerLink="initial" portType="ns11:Google_Sheets_Integrator_PortType" variable="message" xmlns:ns11="http://win7-64-vm:80/cell"/></sequence></otherwise></switch></sequence></case><otherwise><sequence><invoke inputVariable="message" name="Insert Content2" operation="invoke" outputVariable="message" partnerLink="Activity" portType="ns10:ActivityPortType"><ns2:InvocationExt endpoint="Insert Content2" propagateExchange="true" service="ns10:ActivityService"/></invoke><reply name="Reply1" operation="GET__cell" partnerLink="initial" portType="ns11:Google_Sheets_Integrator_PortType" variable="message" xmlns:ns11="http://win7-64-vm:80/cell"/></sequence></otherwise></switch></sequence></case><otherwise><sequence><invoke inputVariable="message" name="Insert Content1" operation="invoke" outputVariable="message" partnerLink="Activity" portType="ns10:ActivityPortType"><ns2:InvocationExt endpoint="Insert Content1" propagateExchange="true" service="ns10:ActivityService"/></invoke><reply name="Reply" operation="GET__cell" partnerLink="initial" portType="ns11:Google_Sheets_Integrator_PortType" variable="message" xmlns:ns11="http://win7-64-vm:80/cell"/></sequence></otherwise></switch></sequence></process>