<?xml version="1.0" encoding="UTF-8"?>
<ns8:ExportConfiguration xmlns="http://digev.com/uri/products/ManagementServer/xsd/1.0" xmlns:ns10="http://soa.com/uri/products/Policy/xsd/1.0" xmlns:ns11="http://soa.com/uri/products/Contracts/xsd/1.0" xmlns:ns12="http://soa.com/uri/products/IdentityAuthorization/xsd/1.0" xmlns:ns13="http://soa.com/uri/products/Organization/xsd/1.0" xmlns:ns14="http://digev.com/uri/products/AlertManager/xsd/1.0" xmlns:ns15="http://digev.com/uri/products/PolicyManager/xsd/1.0" xmlns:ns2="http://digev.com/uri/products/Types/xsd/1.0" xmlns:ns3="http://www.soa.com/uri/products/SLAPolicy/xsd/1.0" xmlns:ns4="urn:uddi-org:api_v3" xmlns:ns5="http://www.w3.org/2000/09/xmldsig#" xmlns:ns6="http://soa.com/uri/products/ServiceProperties/1.0" xmlns:ns7="http://soa.com/uri/products/ServiceEndpointProperties/1.0" xmlns:ns8="http://www.soa.com/uri/products/ServiceManagerMigration/xsd/1.0" xmlns:ns9="urn:uddi-org:sub_v3"><ns8:SourceOrganization><ns2:Key>uddi:soa.com:registryorganization</ns2:Key></ns8:SourceOrganization><ns8:ExportObjectConfiguration><ns2:OrganizationKey><ns2:Key>uddi:5ccceeea-b56b-11e4-86ce-86c450a25418</ns2:Key></ns2:OrganizationKey><ns8:ExportOrganization><ns13:Organization><ns13:OrganizationKey><ns2:Key>uddi:5ccceeea-b56b-11e4-86ce-86c450a25418</ns2:Key></ns13:OrganizationKey><ns13:ParentKey><ns2:Key>uddi:soa.com:registryorganization</ns2:Key></ns13:ParentKey><ns13:Name>Google Sheets API Hook</ns13:Name><ns13:Description></ns13:Description><ns13:OrganizationType>Project</ns13:OrganizationType></ns13:Organization><ns4:businessEntity businessKey="uddi:5ccceeea-b56b-11e4-86ce-86c450a25418"><ns4:name>Google Sheets API Hook</ns4:name><ns4:categoryBag><ns4:keyedReferenceGroup tModelKey="uddi:soa.com:organization:group"><ns4:keyedReference keyName="Organization type" keyValue="Project" tModelKey="uddi:soa.com:categorization:organizationtype"/></ns4:keyedReferenceGroup></ns4:categoryBag></ns4:businessEntity></ns8:ExportOrganization></ns8:ExportObjectConfiguration><ns8:ExportObjectConfiguration><ns2:ScriptKey><ns2:Key>script:cab432a2-a4f4-11e4-8c33-f78776b6b53c</ns2:Key></ns2:ScriptKey><ns8:ExportScript><ns8:ScriptUri>scripts/script_cab432a2-a4f4-11e4-8c33-f78776b6b53c.xml</ns8:ScriptUri><ns8:Name>Signature</ns8:Name><ns8:Description>uses Java to signed the object passed in, with the method passed in as a parameter</ns8:Description><ns8:ScriptKey>script:cab432a2-a4f4-11e4-8c33-f78776b6b53c</ns8:ScriptKey><ns8:OrganizationKey>uddi:soa.com:atmosphere:tenant:cm1</ns8:OrganizationKey><ns8:Type>js</ns8:Type></ns8:ExportScript></ns8:ExportObjectConfiguration><ns8:ExportObjectConfiguration><ns2:BpelKey><ns2:Key>bpel:21735124-a674-11e4-8e6b-f088256c1208</ns2:Key></ns2:BpelKey><ns8:ExportBpel><ns8:BpelUri>bpels/bpel_21735124-a674-11e4-8e6b-f088256c1208.xml</ns8:BpelUri></ns8:ExportBpel></ns8:ExportObjectConfiguration><ns8:ExportObjectConfiguration><ns2:BpelKey><ns2:Key>bpel:e8b6f2ad-9f93-11e4-bd8a-eaa1e8f31cf2</ns2:Key></ns2:BpelKey><ns8:ExportBpel><ns8:BpelUri>bpels/bpel_e8b6f2ad-9f93-11e4-bd8a-eaa1e8f31cf2.xml</ns8:BpelUri></ns8:ExportBpel></ns8:ExportObjectConfiguration><ns8:ExportObjectConfiguration><ns2:BpelKey><ns2:Key>bpel:00863c4d-b56c-11e4-86ce-86c450a25418</ns2:Key></ns2:BpelKey><ns8:ExportBpel><ns8:BpelUri>bpels/bpel_00863c4d-b56c-11e4-86ce-86c450a25418.xml</ns8:BpelUri></ns8:ExportBpel></ns8:ExportObjectConfiguration><ns8:ExportObjectConfiguration><ns2:BpelKey><ns2:Key>bpel:db68460c-a6b6-11e4-8e6b-f088256c1208</ns2:Key></ns2:BpelKey><ns8:ExportBpel><ns8:BpelUri>bpels/bpel_db68460c-a6b6-11e4-8e6b-f088256c1208.xml</ns8:BpelUri></ns8:ExportBpel></ns8:ExportObjectConfiguration><ns8:ExportObjectConfiguration><ns2:BpelKey><ns2:Key>bpel:aba48fd0-a6a9-11e4-8e6b-f088256c1208</ns2:Key></ns2:BpelKey><ns8:ExportBpel><ns8:BpelUri>bpels/bpel_aba48fd0-a6a9-11e4-8e6b-f088256c1208.xml</ns8:BpelUri></ns8:ExportBpel></ns8:ExportObjectConfiguration><ns8:ExportObjectConfiguration><ns2:InterfaceKey><ns2:Key>uddi:6fdd964c-07a9-e591-4296-563ade8b2f8e</ns2:Key><ns2:InterfaceQName>{http://win7-64-vm:80/cell}Google_Sheets_Integrator_PortType</ns2:InterfaceQName></ns2:InterfaceKey><ns8:ExportInterface><ns4:tModel deleted="false" tModelKey="uddi:6fdd964c-07a9-e591-4296-563ade8b2f8e"><ns4:name>Google_Sheets_Integrator_PortType</ns4:name><ns4:categoryBag><ns4:keyedReference keyName="WSDL type" keyValue="portType" tModelKey="uddi:uddi.org:wsdl:types"/><ns4:keyedReference keyName="portType namespace" keyValue="http://win7-64-vm:80/cell" tModelKey="uddi:uddi.org:xml:namespace"/></ns4:categoryBag></ns4:tModel><ns8:InterfaceWsdlUri>wsdls/uddi_6fdd964c-07a9-e591-4296-563ade8b2f8e.wsdl</ns8:InterfaceWsdlUri></ns8:ExportInterface></ns8:ExportObjectConfiguration><ns8:ExportObjectConfiguration><ns2:InterfaceKey><ns2:Key>uddi:bb558a13-b96e-badc-0100-166708e01454</ns2:Key><ns2:InterfaceQName>{https://spreadsheets.google.com/feeds}Google_Sheets_API_PortType</ns2:InterfaceQName></ns2:InterfaceKey><ns8:ExportInterface><ns4:tModel deleted="false" tModelKey="uddi:bb558a13-b96e-badc-0100-166708e01454"><ns4:name>Google_Sheets_API_PortType</ns4:name><ns4:categoryBag><ns4:keyedReference keyName="WSDL type" keyValue="portType" tModelKey="uddi:uddi.org:wsdl:types"/><ns4:keyedReference keyName="portType namespace" keyValue="https://spreadsheets.google.com/feeds" tModelKey="uddi:uddi.org:xml:namespace"/></ns4:categoryBag></ns4:tModel><ns8:InterfaceWsdlUri>wsdls/uddi_bb558a13-b96e-badc-0100-166708e01454.wsdl</ns8:InterfaceWsdlUri></ns8:ExportInterface></ns8:ExportObjectConfiguration><ns8:ExportObjectConfiguration><ns2:InterfaceKey><ns2:Key>uddi:781b74bf-471c-1c42-8acf-0f2326c2f806</ns2:Key><ns2:InterfaceQName>{https://www.googleapis.com/oauth2/v3}Google_Auth_API</ns2:InterfaceQName></ns2:InterfaceKey><ns8:ExportInterface><ns4:tModel deleted="false" tModelKey="uddi:781b74bf-471c-1c42-8acf-0f2326c2f806"><ns4:name>Google_Auth_API</ns4:name><ns4:categoryBag><ns4:keyedReference keyName="portType namespace" keyValue="https://www.googleapis.com/oauth2/v3" tModelKey="uddi:uddi.org:xml:namespace"/><ns4:keyedReference keyName="WSDL type" keyValue="portType" tModelKey="uddi:uddi.org:wsdl:types"/></ns4:categoryBag></ns4:tModel><ns8:InterfaceWsdlUri>wsdls/uddi_781b74bf-471c-1c42-8acf-0f2326c2f806.wsdl</ns8:InterfaceWsdlUri></ns8:ExportInterface></ns8:ExportObjectConfiguration><ns8:ExportObjectConfiguration><ns2:BindingKey><ns2:Key>uddi:0dac1a25-0999-43e5-a99f-505fdab11531</ns2:Key><ns2:BindingQName>{http://win7-64-vm:80/cell}Google_Sheets_Integrator_Binding</ns2:BindingQName><ns2:BindingType>binding.http</ns2:BindingType></ns2:BindingKey><ns8:ExportBinding><ns4:tModel deleted="false" tModelKey="uddi:0dac1a25-0999-43e5-a99f-505fdab11531"><ns4:name>Google_Sheets_Integrator_Binding</ns4:name><ns4:categoryBag><ns4:keyedReference keyName="uddi-org:types" keyValue="wsdlSpec" tModelKey="uddi:uddi.org:categorization:types"/><ns4:keyedReference keyName="portType Reference" keyValue="uddi:6fdd964c-07a9-e591-4296-563ade8b2f8e" tModelKey="uddi:uddi.org:wsdl:porttypereference"/><ns4:keyedReference keyName="WSDL type" keyValue="binding" tModelKey="uddi:uddi.org:wsdl:types"/><ns4:keyedReference keyName="binding namespace" keyValue="http://win7-64-vm:80/cell" tModelKey="uddi:uddi.org:xml:namespace"/></ns4:categoryBag></ns4:tModel><ns8:BindingWsdlUri>wsdls/uddi_0dac1a25-0999-43e5-a99f-505fdab11531.wsdl</ns8:BindingWsdlUri></ns8:ExportBinding></ns8:ExportObjectConfiguration><ns8:ExportObjectConfiguration><ns2:BindingKey><ns2:Key>uddi:ac5d5cda-dba3-2d2e-6713-eae3735fc87c</ns2:Key><ns2:BindingQName>{https://spreadsheets.google.com/feeds}Google_Sheets_API_Binding</ns2:BindingQName><ns2:BindingType>binding.http</ns2:BindingType></ns2:BindingKey><ns8:ExportBinding><ns4:tModel deleted="false" tModelKey="uddi:ac5d5cda-dba3-2d2e-6713-eae3735fc87c"><ns4:name>Google_Sheets_API_Binding</ns4:name><ns4:categoryBag><ns4:keyedReference keyName="uddi-org:types" keyValue="wsdlSpec" tModelKey="uddi:uddi.org:categorization:types"/><ns4:keyedReference keyName="WSDL type" keyValue="binding" tModelKey="uddi:uddi.org:wsdl:types"/><ns4:keyedReference keyName="binding namespace" keyValue="https://spreadsheets.google.com/feeds" tModelKey="uddi:uddi.org:xml:namespace"/><ns4:keyedReference keyName="portType Reference" keyValue="uddi:bb558a13-b96e-badc-0100-166708e01454" tModelKey="uddi:uddi.org:wsdl:porttypereference"/></ns4:categoryBag></ns4:tModel><ns8:BindingWsdlUri>wsdls/uddi_ac5d5cda-dba3-2d2e-6713-eae3735fc87c.wsdl</ns8:BindingWsdlUri></ns8:ExportBinding></ns8:ExportObjectConfiguration><ns8:ExportObjectConfiguration><ns2:BindingKey><ns2:Key>uddi:4eba56b4-9ecf-2095-ee70-490162d8a4e7</ns2:Key><ns2:BindingQName>{https://www.googleapis.com/oauth2/v3}Google_Auth_API</ns2:BindingQName><ns2:BindingType>binding.http</ns2:BindingType></ns2:BindingKey><ns8:ExportBinding><ns4:tModel deleted="false" tModelKey="uddi:4eba56b4-9ecf-2095-ee70-490162d8a4e7"><ns4:name>Google_Auth_API</ns4:name><ns4:categoryBag><ns4:keyedReference keyName="binding namespace" keyValue="https://www.googleapis.com/oauth2/v3" tModelKey="uddi:uddi.org:xml:namespace"/><ns4:keyedReference keyName="WSDL type" keyValue="binding" tModelKey="uddi:uddi.org:wsdl:types"/><ns4:keyedReference keyName="portType Reference" keyValue="uddi:781b74bf-471c-1c42-8acf-0f2326c2f806" tModelKey="uddi:uddi.org:wsdl:porttypereference"/><ns4:keyedReference keyName="uddi-org:types" keyValue="wsdlSpec" tModelKey="uddi:uddi.org:categorization:types"/></ns4:categoryBag></ns4:tModel><ns8:BindingWsdlUri>wsdls/uddi_4eba56b4-9ecf-2095-ee70-490162d8a4e7.wsdl</ns8:BindingWsdlUri></ns8:ExportBinding></ns8:ExportObjectConfiguration><ns8:ExportObjectConfiguration><ns2:ServiceKey><ns2:Key>uddi:ed9f2490-b56d-11e4-86ce-86c450a25418</ns2:Key><ns2:ServiceQName>{https://www.googleapis.com/oauth2/sheets/hook/v3}Google_Auth_API</ns2:ServiceQName></ns2:ServiceKey><ns8:ExportService><PhysicalService BusinessKey="uddi:5ccceeea-b56b-11e4-86ce-86c450a25418" Discovered="false" ServiceKey="uddi:ed9f2490-b56d-11e4-86ce-86c450a25418" WsdlServiceLocalName="Google_Auth_API" WsdlTargetNamespaceUrl="https://www.googleapis.com/oauth2/sheets/hook/v3"><Name>Google_Auth_API</Name><Description></Description><Operations><Operation InterfaceName="{https://www.googleapis.com/oauth2/v3}Google_Auth_API" ManagementState="Enabled" NumOfVirtualizedOperations="1" OperationKey="eddc7bb4-b56d-11e4-86ce-86c450a25418" OperationLastUpdatedAt="2015-02-16T00:02:04.537Z" OperationName="POST /token" PolicyAvailable="true" ServiceKey="uddi:ed9f2490-b56d-11e4-86ce-86c450a25418" WsdlOperationName="POST__token"/></Operations></PhysicalService><ns4:businessService businessKey="uddi:5ccceeea-b56b-11e4-86ce-86c450a25418" serviceKey="uddi:ed9f2490-b56d-11e4-86ce-86c450a25418"><ns4:name>Google_Auth_API</ns4:name><ns4:bindingTemplates><ns4:bindingTemplate bindingKey="uddi:edee07e7-b56d-11e4-86ce-86c450a25418" serviceKey="uddi:ed9f2490-b56d-11e4-86ce-86c450a25418"><ns4:accessPoint useType="endPoint">https://www.googleapis.com/oauth2/v3</ns4:accessPoint><ns4:tModelInstanceDetails><ns4:tModelInstanceInfo tModelKey="uddi:4eba56b4-9ecf-2095-ee70-490162d8a4e7"><ns4:description>The wsdl:binding that this wsdl:port implements. The instanceParms specifies the port local name.</ns4:description><ns4:instanceDetails><ns4:instanceParms>Google_Auth_API_port</ns4:instanceParms></ns4:instanceDetails></ns4:tModelInstanceInfo><ns4:tModelInstanceInfo tModelKey="uddi:781b74bf-471c-1c42-8acf-0f2326c2f806"><ns4:description>The wsdl:portType that this wsdl:port implements.</ns4:description></ns4:tModelInstanceInfo></ns4:tModelInstanceDetails><ns4:categoryBag><ns4:keyedReference keyName="WSDL type" keyValue="port" tModelKey="uddi:uddi.org:wsdl:types"/></ns4:categoryBag></ns4:bindingTemplate></ns4:bindingTemplates><ns4:categoryBag><ns4:keyedReference keyName="Design" keyValue="Design" tModelKey="uddi:soa.com:servicelifecyclestage"/><ns4:keyedReference keyName="1.0" keyValue="748bf63b-9f30-49b0-89f5-c29aa095ae43" tModelKey="uddi:soa.com:serviceversion"/><ns4:keyedReference keyName="WSDL type" keyValue="service" tModelKey="uddi:uddi.org:wsdl:types"/><ns4:keyedReference keyName="service namespace" keyValue="https://www.googleapis.com/oauth2/sheets/hook/v3" tModelKey="uddi:uddi.org:xml:namespace"/><ns4:keyedReference keyName="service local name" keyValue="Google_Auth_API" tModelKey="uddi:uddi.org:xml:localname"/><ns4:keyedReferenceGroup tModelKey="uddi:soa.com:service:group"/></ns4:categoryBag></ns4:businessService><ns8:ExportServiceEndpoint><ns7:ServiceEndpoint><ns7:ServiceKey>uddi:ed9f2490-b56d-11e4-86ce-86c450a25418</ns7:ServiceKey><ns7:Name>uddi:edee07e7-b56d-11e4-86ce-86c450a25418</ns7:Name><ns7:Url>https://www.googleapis.com/oauth2/v3</ns7:Url><ns7:BindingQName>{https://www.googleapis.com/oauth2/v3}Google_Auth_API</ns7:BindingQName><ns7:PortName>Google_Auth_API_port</ns7:PortName><ns7:Protocol>https</ns7:Protocol></ns7:ServiceEndpoint><ns8:EndpointWsdlUri>wsdls/uddi_edee07e7-b56d-11e4-86ce-86c450a25418.wsdl</ns8:EndpointWsdlUri></ns8:ExportServiceEndpoint></ns8:ExportService></ns8:ExportObjectConfiguration><ns8:ExportObjectConfiguration><ns2:ServiceKey><ns2:Key>uddi:c0e2bfef-9f90-11e4-bd8a-eaa1e8f31cf2</ns2:Key><ns2:ServiceQName>{https://spreadsheets.google.com/feeds}Google_Sheets_API</ns2:ServiceQName></ns2:ServiceKey><ns8:ExportService><PhysicalService BusinessKey="uddi:5ccceeea-b56b-11e4-86ce-86c450a25418" Discovered="false" ServiceKey="uddi:c0e2bfef-9f90-11e4-bd8a-eaa1e8f31cf2" WsdlServiceLocalName="Google_Sheets_API" WsdlTargetNamespaceUrl="https://spreadsheets.google.com/feeds"><Name>Google_Sheets_API</Name><Operations><Operation InterfaceName="{https://spreadsheets.google.com/feeds}Google_Sheets_API_PortType" ManagementState="Enabled" NumOfVirtualizedOperations="0" OperationKey="6634ed6c-a3b5-11e4-8a06-a81d8436ea01" OperationLastUpdatedAt="2015-01-28T05:47:49.687Z" OperationName="DELETE /list/{key}/{worksheetId}/{visibility}/{protection}" PolicyAvailable="true" ServiceKey="uddi:c0e2bfef-9f90-11e4-bd8a-eaa1e8f31cf2" WsdlOperationName="DELETE__list__key___worksheetId___visibility___protection_"/><Operation InterfaceName="{https://spreadsheets.google.com/feeds}Google_Sheets_API_PortType" ManagementState="Enabled" NumOfVirtualizedOperations="0" OperationKey="662d4c44-a3b5-11e4-8a06-a81d8436ea01" OperationLastUpdatedAt="2015-01-28T05:47:49.687Z" OperationName="DELETE /worksheets/{key}/{visibility}/{protection}" PolicyAvailable="true" ServiceKey="uddi:c0e2bfef-9f90-11e4-bd8a-eaa1e8f31cf2" WsdlOperationName="DELETE__worksheets__key___visibility___protection_"/><Operation InterfaceName="{https://spreadsheets.google.com/feeds}Google_Sheets_API_PortType" ManagementState="Enabled" NumOfVirtualizedOperations="1" OperationKey="663589ad-a3b5-11e4-8a06-a81d8436ea01" OperationLastUpdatedAt="2015-01-28T05:47:49.687Z" OperationName="GET /cells/{key}/{worksheetId}/{visibility}/{protection}" PolicyAvailable="true" ServiceKey="uddi:c0e2bfef-9f90-11e4-bd8a-eaa1e8f31cf2" WsdlOperationName="GET__cells__key___worksheetId___visibility___protection_"/><Operation InterfaceName="{https://spreadsheets.google.com/feeds}Google_Sheets_API_PortType" ManagementState="Enabled" NumOfVirtualizedOperations="0" OperationKey="663318a5-a3b5-11e4-8a06-a81d8436ea01" OperationLastUpdatedAt="2015-01-28T05:47:49.687Z" OperationName="GET /list/{key}/{worksheetId}/{visibility}/{protection}" PolicyAvailable="true" ServiceKey="uddi:c0e2bfef-9f90-11e4-bd8a-eaa1e8f31cf2" WsdlOperationName="GET__list__key___worksheetId___visibility___protection_"/><Operation InterfaceName="{https://spreadsheets.google.com/feeds}Google_Sheets_API_PortType" ManagementState="Enabled" NumOfVirtualizedOperations="1" OperationKey="662a3efa-a3b5-11e4-8a06-a81d8436ea01" OperationLastUpdatedAt="2015-01-28T05:47:49.687Z" OperationName="GET /spreadsheets/{visibility}/{protection}" PolicyAvailable="true" ServiceKey="uddi:c0e2bfef-9f90-11e4-bd8a-eaa1e8f31cf2" WsdlOperationName="GET__spreadsheets__visibility___protection_"/><Operation InterfaceName="{https://spreadsheets.google.com/feeds}Google_Sheets_API_PortType" ManagementState="Enabled" NumOfVirtualizedOperations="1" OperationKey="662b024c-a3b5-11e4-8a06-a81d8436ea01" OperationLastUpdatedAt="2015-01-28T05:47:49.687Z" OperationName="GET /worksheets/{key}/{visibility}/{protection}" PolicyAvailable="true" ServiceKey="uddi:c0e2bfef-9f90-11e4-bd8a-eaa1e8f31cf2" WsdlOperationName="GET__worksheets__key___visibility___protection_"/><Operation InterfaceName="{https://spreadsheets.google.com/feeds}Google_Sheets_API_PortType" ManagementState="Enabled" NumOfVirtualizedOperations="0" OperationKey="66370f52-a3b5-11e4-8a06-a81d8436ea01" OperationLastUpdatedAt="2015-01-28T05:47:49.687Z" OperationName="POST /cells/{key}/{worksheetId}/{visibility}/{protection}/batch" PolicyAvailable="true" ServiceKey="uddi:c0e2bfef-9f90-11e4-bd8a-eaa1e8f31cf2" WsdlOperationName="POST__cells__key___worksheetId___visibility___protection__batch"/><Operation InterfaceName="{https://spreadsheets.google.com/feeds}Google_Sheets_API_PortType" ManagementState="Enabled" NumOfVirtualizedOperations="0" OperationKey="6633dbf7-a3b5-11e4-8a06-a81d8436ea01" OperationLastUpdatedAt="2015-01-28T05:47:49.687Z" OperationName="POST /list/{key}/{worksheetId}/{visibility}/{protection}" PolicyAvailable="true" ServiceKey="uddi:c0e2bfef-9f90-11e4-bd8a-eaa1e8f31cf2" WsdlOperationName="POST__list__key___worksheetId___visibility___protection_"/><Operation InterfaceName="{https://spreadsheets.google.com/feeds}Google_Sheets_API_PortType" ManagementState="Enabled" NumOfVirtualizedOperations="0" OperationKey="662bc59e-a3b5-11e4-8a06-a81d8436ea01" OperationLastUpdatedAt="2015-01-28T05:47:49.687Z" OperationName="POST /worksheets/{key}/{visibility}/{protection}" PolicyAvailable="true" ServiceKey="uddi:c0e2bfef-9f90-11e4-bd8a-eaa1e8f31cf2" WsdlOperationName="POST__worksheets__key___visibility___protection_"/><Operation InterfaceName="{https://spreadsheets.google.com/feeds}Google_Sheets_API_PortType" ManagementState="Enabled" NumOfVirtualizedOperations="0" OperationKey="663625ef-a3b5-11e4-8a06-a81d8436ea01" OperationLastUpdatedAt="2015-01-28T05:47:49.687Z" OperationName="PUT /cells/{key}/{worksheetId}/{visibility}/{protection}" PolicyAvailable="true" ServiceKey="uddi:c0e2bfef-9f90-11e4-bd8a-eaa1e8f31cf2" WsdlOperationName="PUT__cells__key___worksheetId___visibility___protection_"/><Operation InterfaceName="{https://spreadsheets.google.com/feeds}Google_Sheets_API_PortType" ManagementState="Enabled" NumOfVirtualizedOperations="0" OperationKey="66345129-a3b5-11e4-8a06-a81d8436ea01" OperationLastUpdatedAt="2015-01-28T05:47:49.687Z" OperationName="PUT /list/{key}/{worksheetId}/{visibility}/{protection}" PolicyAvailable="true" ServiceKey="uddi:c0e2bfef-9f90-11e4-bd8a-eaa1e8f31cf2" WsdlOperationName="PUT__list__key___worksheetId___visibility___protection_"/><Operation InterfaceName="{https://spreadsheets.google.com/feeds}Google_Sheets_API_PortType" ManagementState="Enabled" NumOfVirtualizedOperations="0" OperationKey="662c88f1-a3b5-11e4-8a06-a81d8436ea01" OperationLastUpdatedAt="2015-01-28T05:47:49.687Z" OperationName="PUT /worksheets/{key}/{visibility}/{protection}" PolicyAvailable="true" ServiceKey="uddi:c0e2bfef-9f90-11e4-bd8a-eaa1e8f31cf2" WsdlOperationName="PUT__worksheets__key___visibility___protection_"/></Operations></PhysicalService><ns4:businessService businessKey="uddi:5ccceeea-b56b-11e4-86ce-86c450a25418" serviceKey="uddi:c0e2bfef-9f90-11e4-bd8a-eaa1e8f31cf2"><ns4:name>Google_Sheets_API</ns4:name><ns4:bindingTemplates><ns4:bindingTemplate bindingKey="uddi:c15a6019-9f90-11e4-bd8a-eaa1e8f31cf2" serviceKey="uddi:c0e2bfef-9f90-11e4-bd8a-eaa1e8f31cf2"><ns4:accessPoint useType="endPoint">https://spreadsheets.google.com/feeds</ns4:accessPoint><ns4:tModelInstanceDetails><ns4:tModelInstanceInfo tModelKey="uddi:ac5d5cda-dba3-2d2e-6713-eae3735fc87c"><ns4:description>The wsdl:binding that this wsdl:port implements. The instanceParms specifies the port local name.</ns4:description><ns4:instanceDetails><ns4:instanceParms>Google_Sheets_API_port</ns4:instanceParms></ns4:instanceDetails></ns4:tModelInstanceInfo><ns4:tModelInstanceInfo tModelKey="uddi:bb558a13-b96e-badc-0100-166708e01454"><ns4:description>The wsdl:portType that this wsdl:port implements.</ns4:description></ns4:tModelInstanceInfo></ns4:tModelInstanceDetails><ns4:categoryBag><ns4:keyedReference keyName="WSDL type" keyValue="port" tModelKey="uddi:uddi.org:wsdl:types"/></ns4:categoryBag></ns4:bindingTemplate></ns4:bindingTemplates><ns4:categoryBag><ns4:keyedReference keyName="Staging" keyValue="Staging" tModelKey="uddi:soa.com:servicelifecyclestage"/><ns4:keyedReference keyName="WSDL type" keyValue="service" tModelKey="uddi:uddi.org:wsdl:types"/><ns4:keyedReference keyName="service namespace" keyValue="https://spreadsheets.google.com/feeds" tModelKey="uddi:uddi.org:xml:namespace"/><ns4:keyedReference keyName="service local name" keyValue="Google_Sheets_API" tModelKey="uddi:uddi.org:xml:localname"/><ns4:keyedReference keyName="1.0" keyValue="0ec6d979-b6e1-4017-a23d-d0ab44bb60db" tModelKey="uddi:soa.com:serviceversion"/><ns4:keyedReferenceGroup tModelKey="uddi:soa.com:service:group"/></ns4:categoryBag></ns4:businessService><ns8:ExportServiceEndpoint><ns7:ServiceEndpoint><ns7:ServiceKey>uddi:c0e2bfef-9f90-11e4-bd8a-eaa1e8f31cf2</ns7:ServiceKey><ns7:Name>uddi:c15a6019-9f90-11e4-bd8a-eaa1e8f31cf2</ns7:Name><ns7:Url>https://spreadsheets.google.com/feeds</ns7:Url><ns7:BindingQName>{https://spreadsheets.google.com/feeds}Google_Sheets_API_Binding</ns7:BindingQName><ns7:PortName>Google_Sheets_API_port</ns7:PortName><ns7:Protocol>https</ns7:Protocol></ns7:ServiceEndpoint><ns8:EndpointWsdlUri>wsdls/uddi_c15a6019-9f90-11e4-bd8a-eaa1e8f31cf2.wsdl</ns8:EndpointWsdlUri></ns8:ExportServiceEndpoint></ns8:ExportService></ns8:ExportObjectConfiguration><ns8:ExportObjectConfiguration><ns2:ServiceKey><ns2:Key>uddi:e6fe8932-9f92-11e4-bd8a-eaa1e8f31cf2</ns2:Key><ns2:ServiceQName>{http://win7-64-vm:80/cell}Google_Sheets_Integrator</ns2:ServiceQName></ns2:ServiceKey><ns8:ExportService><VirtualService BusinessKey="uddi:5ccceeea-b56b-11e4-86ce-86c450a25418" ServiceKey="uddi:e6fe8932-9f92-11e4-bd8a-eaa1e8f31cf2" WsdlServiceLocalName="Google_Sheets_Integrator" WsdlTargetNamespaceUrl="http://win7-64-vm:80/cell"><Name>Google_Sheets_Integrator</Name><Operations><LogicalOperation InterfaceName="{http://win7-64-vm:80/cell}Google_Sheets_Integrator_PortType" ManagementState="Enabled" NextHopOperationKey="uddi:c0e2bfef-9f90-11e4-bd8a-eaa1e8f31cf2$$${https://spreadsheets.google.com/feeds}Google_Sheets_API_PortType$$$GET__spreadsheets__visibility___protection_" NextHopOperationName="POST /token" NextHopServiceKey="uddi:ed9f2490-b56d-11e4-86ce-86c450a25418" NextHopServiceName="Google_Auth_API" NumOfVirtualizedOperations="0" OperationKey="49e8e912-a5e2-11e4-8582-98351334c14c" OperationLastUpdatedAt="2015-02-16T00:18:06.890Z" OperationName="GET /cell" PolicyAvailable="true" ServiceKey="uddi:e6fe8932-9f92-11e4-bd8a-eaa1e8f31cf2" WsdlOperationName="GET__cell"><NextHopOperation InterfaceName="{https://www.googleapis.com/oauth2/v3}Google_Auth_API" OperationKey="eddc7bb4-b56d-11e4-86ce-86c450a25418" OperationLastUpdatedAt="2015-02-16T00:02:04.537Z" OperationName="POST /token" ServiceKey="uddi:ed9f2490-b56d-11e4-86ce-86c450a25418" ServiceName="Google_Auth_API" WsdlOperationName="POST__token"/></LogicalOperation></Operations></VirtualService><ns4:businessService businessKey="uddi:5ccceeea-b56b-11e4-86ce-86c450a25418" serviceKey="uddi:e6fe8932-9f92-11e4-bd8a-eaa1e8f31cf2"><ns4:name>Google_Sheets_Integrator</ns4:name><ns4:bindingTemplates><ns4:bindingTemplate bindingKey="uddi:4a433e16-a5e2-11e4-8582-98351334c14c" serviceKey="uddi:e6fe8932-9f92-11e4-bd8a-eaa1e8f31cf2"><ns4:accessPoint useType="endPoint">http://win7-64-vm:80/cell</ns4:accessPoint><ns4:tModelInstanceDetails><ns4:tModelInstanceInfo tModelKey="uddi:0dac1a25-0999-43e5-a99f-505fdab11531"><ns4:description>The wsdl:binding that this wsdl:port implements. The instanceParms specifies the port local name.</ns4:description><ns4:instanceDetails><ns4:instanceParms>HTTP</ns4:instanceParms></ns4:instanceDetails></ns4:tModelInstanceInfo><ns4:tModelInstanceInfo tModelKey="uddi:6fdd964c-07a9-e591-4296-563ade8b2f8e"><ns4:description>The wsdl:portType that this wsdl:port implements.</ns4:description></ns4:tModelInstanceInfo></ns4:tModelInstanceDetails><ns4:categoryBag><ns4:keyedReference keyName="WSDL type" keyValue="port" tModelKey="uddi:uddi.org:wsdl:types"/><ns4:keyedReferenceGroup tModelKey="uddi:soa.com:serviceendpoint:group"><ns4:keyedReference keyName="containerKey" keyValue="ND-Cluster" tModelKey="uddi:soa.com:serviceendpoint:containername"/><ns4:keyedReference keyName="listenerName" keyValue="default-http0" tModelKey="uddi:soa.com:serviceendpoint:listenername"/></ns4:keyedReferenceGroup></ns4:categoryBag></ns4:bindingTemplate></ns4:bindingTemplates><ns4:categoryBag><ns4:keyedReference keyName="Virtual Service" keyValue="Virtual Service" tModelKey="uddi:digev.com:categorization:services"/><ns4:keyedReference keyName="Staging" keyValue="Staging" tModelKey="uddi:soa.com:servicelifecyclestage"/><ns4:keyedReference keyName="WSDL type" keyValue="service" tModelKey="uddi:uddi.org:wsdl:types"/><ns4:keyedReference keyName="service namespace" keyValue="http://win7-64-vm:80/cell" tModelKey="uddi:uddi.org:xml:namespace"/><ns4:keyedReference keyName="service local name" keyValue="Google_Sheets_Integrator" tModelKey="uddi:uddi.org:xml:localname"/><ns4:keyedReference keyName="Managed Service" keyValue="Managed Service" tModelKey="uddi:digev.com:categorization:services"/><ns4:keyedReferenceGroup tModelKey="uddi:soa.com:service:group"/></ns4:categoryBag></ns4:businessService><ns8:ExportServiceEndpoint><ns7:ServiceEndpoint><ns7:ServiceKey>uddi:e6fe8932-9f92-11e4-bd8a-eaa1e8f31cf2</ns7:ServiceKey><ns7:Name>uddi:4a433e16-a5e2-11e4-8582-98351334c14c</ns7:Name><ns7:Url>http://win7-64-vm:80/cell</ns7:Url><ns7:BindingQName>{http://win7-64-vm:80/cell}Google_Sheets_Integrator_Binding</ns7:BindingQName><ns7:PortName>HTTP</ns7:PortName><ns7:Protocol>http</ns7:Protocol><ns7:ContainerKey>ND-Cluster</ns7:ContainerKey><ns7:ListenerName>default-http0</ns7:ListenerName></ns7:ServiceEndpoint><ns8:EndpointWsdlUri>wsdls/uddi_4a433e16-a5e2-11e4-8582-98351334c14c.wsdl</ns8:EndpointWsdlUri></ns8:ExportServiceEndpoint><ns8:BpelUri>services/uddi_e6fe8932-9f92-11e4-bd8a-eaa1e8f31cf2/bpel.xml</ns8:BpelUri><ns8:ManagementUri>services/uddi_e6fe8932-9f92-11e4-bd8a-eaa1e8f31cf2/management.xml</ns8:ManagementUri></ns8:ExportService></ns8:ExportObjectConfiguration><ns8:ExportObjectConfiguration><ns2:ContractKey><ns2:Key>40747a4e-b56f-11e4-86ce-86c450a25418</ns2:Key></ns2:ContractKey><ns8:ExportContract><ns11:Contract><ns11:ContractInfo Anonymous="true" Key="40747a4e-b56f-11e4-86ce-86c450a25418:1091" Name="Anonymous" State="Activated"><ns11:Description></ns11:Description><ns11:ProviderOrganizationKey>uddi:5ccceeea-b56b-11e4-86ce-86c450a25418</ns11:ProviderOrganizationKey><ns2:EffectiveDateTimes><ns2:StartDateTime><ns2:DateTime>2015-02-16T11:03:00+11:00</ns2:DateTime><ns2:TimezoneName>Australia/Sydney</ns2:TimezoneName></ns2:StartDateTime><ns2:EndDateTime><ns2:DateTime>2016-02-16T11:03:00+11:00</ns2:DateTime><ns2:TimezoneName>Australia/Sydney</ns2:TimezoneName></ns2:EndDateTime><ns2:Expire>false</ns2:Expire></ns2:EffectiveDateTimes><ns11:ContractVersionInfo><ns11:LastModifiedTimestamp>2015-02-16+11:00</ns11:LastModifiedTimestamp><ns11:User>Local Domain\administrator</ns11:User><ns11:MetadataVersion>1</ns11:MetadataVersion><ns11:ActiveMetadataVersion>1</ns11:ActiveMetadataVersion></ns11:ContractVersionInfo><ns11:ContractType>service.contract</ns11:ContractType></ns11:ContractInfo><ns11:ContractScope><ns2:ServiceKey>uddi:e6fe8932-9f92-11e4-bd8a-eaa1e8f31cf2</ns2:ServiceKey></ns11:ContractScope></ns11:Contract></ns8:ExportContract></ns8:ExportObjectConfiguration><ns8:ExportObjectConfiguration><ns2:PolicyKey><ns2:Key>urn:uuid:c3243f89-b56e-11e4-86ce-86c450a25418</ns2:Key></ns2:PolicyKey><ns8:ExportPolicy><ns10:Policy PolicyName="Insert JWT into Downstream request"><ns10:PolicyKey>urn:uuid:c3243f89-b56e-11e4-86ce-86c450a25418</ns10:PolicyKey><ns10:OrganizationKey>uddi:5ccceeea-b56b-11e4-86ce-86c450a25418</ns10:OrganizationKey><ns10:PolicyType>Operational Policy</ns10:PolicyType><ns10:PolicySubType>policy.xml</ns10:PolicySubType><ns10:Description></ns10:Description><ns10:ReadOnly>false</ns10:ReadOnly><ns10:LocalPolicy>false</ns10:LocalPolicy><ns10:LastUpdatedTime>2015-02-16T00:00:05.293Z</ns10:LastUpdatedTime><ns10:PolicyConfigurationAsString><ns10:Contents>&lt;![CDATA[&lt;?xml version="1.0" encoding="UTF-8"?&gt;
&lt;wsp:Policy visibility="public" xmlns:tns="http://com.soa.pso/policy/" xmlns:wsp="http://schemas.xmlsoap.org/ws/2004/09/policy"&gt;
    &lt;tns:JWTToken&gt;
    	&lt;tns:fileLocation&gt;c://API Project-d6e02d5ef2f2.p12&lt;/tns:fileLocation&gt;
    	&lt;tns:serviceAccountEmail&gt;464838240704-gjrgniev78n29hg24l5fjol42o8uspqv@developer.gserviceaccount.com&lt;/tns:serviceAccountEmail&gt;
     &lt;tns:userAccountEmail&gt;paulpog@japarasolutions.com&lt;/tns:userAccountEmail&gt;
    &lt;/tns:JWTToken&gt;
&lt;/wsp:Policy&gt;]]&gt;</ns10:Contents></ns10:PolicyConfigurationAsString></ns10:Policy></ns8:ExportPolicy></ns8:ExportObjectConfiguration><ns8:ExportObjectConfiguration><ns2:IdentityKey><ns2:Key>Local Domain\acLXIELtJgq9HpXj2RKLVg==</ns2:Key><ns2:DomainName>Local Domain</ns2:DomainName><ns2:UserName>acLXIELtJgq9HpXj2RKLVg==</ns2:UserName></ns2:IdentityKey><ns8:ExportUserIdentity><ns15:User DomainName="Local Domain" UserName="acLXIELtJgq9HpXj2RKLVg=="><ns15:FullName>Service: uddi:ed9f2490-b56d-11e4-86ce-86c450a25418</ns15:FullName><ns15:IdentityKey>urn:uuid:eda12061-b56d-11e4-86ce-86c450a25418</ns15:IdentityKey><ns15:Password>GiX63wFFjuPX0qDQ5pyWN4rg+E5B/nSZxVY/B2rZZJ6M8KCABh4mP9rK4JU7W2SdLvpSHZuuLkEaldGZVTLffg==</ns15:Password><ns15:Disabled>false</ns15:Disabled><ns15:ForcePwdResetOnNextLogin>false</ns15:ForcePwdResetOnNextLogin><ns15:Expired>false</ns15:Expired><ns15:ReadOnly>true</ns15:ReadOnly><ns15:PasswordFrmSeed>0</ns15:PasswordFrmSeed><ns15:OrganizationKey>uddi:soa.com:registryorganization</ns15:OrganizationKey><ns15:PasswordSalt>M6+w4y5YiRNzaYWwGXhxYxtPPhg0cEJlVq3OnJlFaJkTuVfaKKp/fQL+FxCXkOYdGME+U9f0K7SdX037p8wXDQ==</ns15:PasswordSalt></ns15:User><ns8:PKIGenerated>true</ns8:PKIGenerated></ns8:ExportUserIdentity></ns8:ExportObjectConfiguration><ns8:ExportObjectConfiguration><ns2:IdentityKey><ns2:Key>Local Domain\ga5b7M5G3zDbLfDOI9xl3Q==</ns2:Key><ns2:DomainName>Local Domain</ns2:DomainName><ns2:UserName>ga5b7M5G3zDbLfDOI9xl3Q==</ns2:UserName></ns2:IdentityKey><ns8:ExportUserIdentity><ns15:User DomainName="Local Domain" UserName="ga5b7M5G3zDbLfDOI9xl3Q=="><ns15:FullName>Service: uddi:e6fe8932-9f92-11e4-bd8a-eaa1e8f31cf2</ns15:FullName><ns15:IdentityKey>urn:uuid:4985e17f-a5e2-11e4-8582-98351334c14c</ns15:IdentityKey><ns15:Password>9JoQqOfWJyf3cdiDiZ4oqxDk7xOxe1D0/XZkEsc+eWV0/vYwucO/0PcwSJuRpxWFSozgZBnDu9HXRuUZ1+2LpA==</ns15:Password><ns15:Disabled>false</ns15:Disabled><ns15:ForcePwdResetOnNextLogin>false</ns15:ForcePwdResetOnNextLogin><ns15:Expired>false</ns15:Expired><ns15:ReadOnly>true</ns15:ReadOnly><ns15:PasswordFrmSeed>0</ns15:PasswordFrmSeed><ns15:OrganizationKey>uddi:soa.com:registryorganization</ns15:OrganizationKey><ns15:PasswordSalt>PlAoprOw6t3HUW+EU0dOuscSdaLLXitko2dhDEXH/Sf0074o2TmLyS/jbZdGUYsv2TaYYtejmajQ+I++RfgwOg==</ns15:PasswordSalt></ns15:User><ns8:PKIGenerated>true</ns8:PKIGenerated></ns8:ExportUserIdentity></ns8:ExportObjectConfiguration><ns8:ExportObjectConfiguration><ns2:IdentityKey><ns2:Key>Local Domain\cYUf5fVctXpbnNuu1Fx64Q==</ns2:Key><ns2:DomainName>Local Domain</ns2:DomainName><ns2:UserName>cYUf5fVctXpbnNuu1Fx64Q==</ns2:UserName></ns2:IdentityKey><ns8:ExportUserIdentity><ns15:User DomainName="Local Domain" UserName="cYUf5fVctXpbnNuu1Fx64Q=="><ns15:FullName>Service: uddi:c0e2bfef-9f90-11e4-bd8a-eaa1e8f31cf2</ns15:FullName><ns15:IdentityKey>urn:uuid:65f461e7-a3b5-11e4-8a06-a81d8436ea01</ns15:IdentityKey><ns15:Password>GQX3POUQZ9roxQNJ1bCrGiLNd+qhI0VwCquTZYbbS3yTEkOuZd6EgKiA87xafeZExgOC5mHjMq2746iikxna7Q==</ns15:Password><ns15:Disabled>false</ns15:Disabled><ns15:ForcePwdResetOnNextLogin>false</ns15:ForcePwdResetOnNextLogin><ns15:Expired>false</ns15:Expired><ns15:ReadOnly>true</ns15:ReadOnly><ns15:PasswordFrmSeed>0</ns15:PasswordFrmSeed><ns15:OrganizationKey>uddi:soa.com:registryorganization</ns15:OrganizationKey><ns15:PasswordSalt>BbXnosN6G6nbGDvuNkthr9NqfWy2l8b16Wej0PyTrcSF76wQCmNPvShujcqSmm9jM5KX3IR0nwhjpYtB3+uT0w==</ns15:PasswordSalt></ns15:User><ns8:PKIGenerated>true</ns8:PKIGenerated></ns8:ExportUserIdentity></ns8:ExportObjectConfiguration></ns8:ExportConfiguration>