<?xml version="1.0" encoding="UTF-8"?>
<DepedendencyGraph version="1.1"><Nodes><Node type="urn:com:soa:ObjectKey"><ObjectKey class="com.soa.policy.config.model.PolicyKey">10001-DetailedAuditing</ObjectKey><property class="java.lang.String" name="_NAME_" type="urn:com:soa:SimpleProperty">DetailedAuditing</property></Node><Node type="urn:com:soa:ObjectKey"><ObjectKey class="com.soa.svccontainer.ContainerKey">ND-Cluster</ObjectKey><property class="java.lang.String" name="_NAME_" type="urn:com:soa:SimpleProperty">ND-Cluster</property></Node><Node type="urn:com:soa:ObjectKey"><ObjectKey class="com.soa.service.operation.model.BindingOperationQualifiedKey">{https://spreadsheets.google.com/feeds}Google_Sheets_API$$${https://spreadsheets.google.com/feeds}Google_Sheets_API_Binding$$$GET__list__key___worksheetId___visibility___protection_</ObjectKey></Node><Node type="urn:com:soa:ObjectKey"><ObjectKey class="com.soa.bpel.BpelKey">bpel:21735124-a674-11e4-8e6b-f088256c1208</ObjectKey><property class="java.lang.String" name="_NAME_" type="urn:com:soa:SimpleProperty">GetSheetListRequest</property></Node><Node type="urn:com:soa:ObjectKey"><ObjectKey class="com.soa.service.operation.model.BindingOperationQualifiedKey">{https://spreadsheets.google.com/feeds}Google_Sheets_API$$${https://spreadsheets.google.com/feeds}Google_Sheets_API_Binding$$$POST__cells__key___worksheetId___visibility___protection__batch</ObjectKey></Node><Node type="urn:com:soa:ObjectKey"><ObjectKey class="com.soa.service.operation.model.OperationKey">662c88f1-a3b5-11e4-8a06-a81d8436ea01</ObjectKey></Node><Node type="urn:com:soa:ObjectKey"><ObjectKey class="com.soa.service.endpoint.EndpointKey">uddi:edee07e7-b56d-11e4-86ce-86c450a25418</ObjectKey></Node><Node type="urn:com:soa:ObjectKey"><ObjectKey class="com.soa.bpel.BpelKey">bpel:e8b6f2ad-9f93-11e4-bd8a-eaa1e8f31cf2</ObjectKey></Node><Node type="urn:com:soa:ObjectKey"><ObjectKey class="com.soa.service.operation.model.OperationKey">6633dbf7-a3b5-11e4-8a06-a81d8436ea01</ObjectKey></Node><Node type="urn:com:soa:ObjectKey"><ObjectKey class="com.soa.security.util.QualifiedUserName">Local Domain\acLXIELtJgq9HpXj2RKLVg==</ObjectKey></Node><Node type="urn:com:soa:ObjectKey"><ObjectKey class="com.soa.service.operation.model.BindingOperationQualifiedKey">{https://spreadsheets.google.com/feeds}Google_Sheets_API$$${https://spreadsheets.google.com/feeds}Google_Sheets_API_Binding$$$GET__spreadsheets__visibility___protection_</ObjectKey></Node><Node type="urn:com:soa:ObjectKey"><ObjectKey class="com.soa.service.operation.model.BindingOperationQualifiedKey">{https://spreadsheets.google.com/feeds}Google_Sheets_API$$${https://spreadsheets.google.com/feeds}Google_Sheets_API_Binding$$$DELETE__worksheets__key___visibility___protection_</ObjectKey></Node><Node type="urn:com:soa:ObjectKey"><ObjectKey class="com.soa.security.util.QualifiedUserName">Local Domain\ga5b7M5G3zDbLfDOI9xl3Q==</ObjectKey></Node><Node type="urn:com:soa:ObjectKey"><ObjectKey class="com.soa.wsdl.model.impl.WsdlBindingImpl">uddi:0dac1a25-0999-43e5-a99f-505fdab11531</ObjectKey><property class="java.lang.String" name="_NAME_" type="urn:com:soa:SimpleProperty">{http://win7-64-vm:80/cell}Google_Sheets_Integrator_Binding</property></Node><Node type="urn:com:soa:ObjectKey"><ObjectKey class="com.soa.service.operation.model.OperationKey">6634ed6c-a3b5-11e4-8a06-a81d8436ea01</ObjectKey></Node><Node type="urn:com:soa:ObjectKey"><ObjectKey class="com.soa.service.operation.model.OperationKey">662bc59e-a3b5-11e4-8a06-a81d8436ea01</ObjectKey></Node><Node type="urn:com:soa:ObjectKey"><ObjectKey class="com.soa.wsdl.model.impl.WsdlInterfaceImpl">uddi:6fdd964c-07a9-e591-4296-563ade8b2f8e</ObjectKey><property class="java.lang.String" name="_NAME_" type="urn:com:soa:SimpleProperty">{http://win7-64-vm:80/cell}Google_Sheets_Integrator_PortType</property></Node><Node type="urn:com:soa:ObjectKey"><ObjectKey class="com.soa.scripts.ScriptKey">script:cab432a2-a4f4-11e4-8c33-f78776b6b53c</ObjectKey><property class="java.lang.String" name="_NAME_" type="urn:com:soa:SimpleProperty">Signature</property></Node><Node type="urn:com:soa:ObjectKey"><ObjectKey class="com.soa.service.operation.model.BindingOperationQualifiedKey">{https://spreadsheets.google.com/feeds}Google_Sheets_API$$${https://spreadsheets.google.com/feeds}Google_Sheets_API_Binding$$$GET__cells__key___worksheetId___visibility___protection_</ObjectKey></Node><Node type="urn:com:soa:ObjectKey"><ObjectKey class="com.soa.service.operation.model.BindingOperationQualifiedKey">{http://win7-64-vm:80/cell}Google_Sheets_Integrator$$${http://win7-64-vm:80/cell}Google_Sheets_Integrator_Binding$$$GET__cell</ObjectKey></Node><Node type="urn:com:soa:ObjectKey"><ObjectKey class="com.soa.service.operation.model.OperationKey">663625ef-a3b5-11e4-8a06-a81d8436ea01</ObjectKey></Node><Node type="urn:com:soa:ObjectKey"><ObjectKey class="com.soa.organization.model.OrganizationKey">uddi:5ccceeea-b56b-11e4-86ce-86c450a25418</ObjectKey><property class="java.lang.String" name="_NAME_" type="urn:com:soa:SimpleProperty">Google Sheets API Hook</property></Node><Node type="urn:com:soa:ObjectKey"><ObjectKey class="com.soa.policy.config.model.PolicyKey">urn:uuid:c3243f89-b56e-11e4-86ce-86c450a25418</ObjectKey><property class="java.lang.String" name="_NAME_" type="urn:com:soa:SimpleProperty">Insert JWT into Downstream request</property></Node><Node type="urn:com:soa:ObjectKey"><ObjectKey class="com.soa.service.operation.model.OperationKey">49e8e912-a5e2-11e4-8582-98351334c14c</ObjectKey></Node><Node type="urn:com:soa:ObjectKey"><ObjectKey class="com.soa.service.model.ServiceKey">uddi:ed9f2490-b56d-11e4-86ce-86c450a25418</ObjectKey><property class="java.lang.String" name="_NAME_" type="urn:com:soa:SimpleProperty">Google_Auth_API</property></Node><Node type="urn:com:soa:ObjectKey"><ObjectKey class="com.soa.service.operation.model.BindingOperationQualifiedKey">{https://spreadsheets.google.com/feeds}Google_Sheets_API$$${https://spreadsheets.google.com/feeds}Google_Sheets_API_Binding$$$PUT__list__key___worksheetId___visibility___protection_</ObjectKey></Node><Node type="urn:com:soa:ObjectKey"><ObjectKey class="com.soa.service.operation.model.BindingOperationQualifiedKey">{https://spreadsheets.google.com/feeds}Google_Sheets_API$$${https://spreadsheets.google.com/feeds}Google_Sheets_API_Binding$$$PUT__worksheets__key___visibility___protection_</ObjectKey></Node><Node type="urn:com:soa:ObjectKey"><ObjectKey class="com.soa.bpel.BpelKey">bpel:00863c4d-b56c-11e4-86ce-86c450a25418</ObjectKey><property class="java.lang.String" name="_NAME_" type="urn:com:soa:SimpleProperty">GetAuthTokenRequest</property></Node><Node type="urn:com:soa:ObjectKey"><ObjectKey class="com.soa.service.model.ServiceKey">uddi:c0e2bfef-9f90-11e4-bd8a-eaa1e8f31cf2</ObjectKey><property class="java.lang.String" name="_NAME_" type="urn:com:soa:SimpleProperty">Google_Sheets_API</property></Node><Node type="urn:com:soa:ObjectKey"><ObjectKey class="com.soa.wsdl.model.impl.WsdlInterfaceImpl">uddi:bb558a13-b96e-badc-0100-166708e01454</ObjectKey><property class="java.lang.String" name="_NAME_" type="urn:com:soa:SimpleProperty">{https://spreadsheets.google.com/feeds}Google_Sheets_API_PortType</property></Node><Node type="urn:com:soa:ObjectKey"><ObjectKey class="com.soa.wsdl.model.impl.WsdlInterfaceImpl">uddi:781b74bf-471c-1c42-8acf-0f2326c2f806</ObjectKey><property class="java.lang.String" name="_NAME_" type="urn:com:soa:SimpleProperty">{https://www.googleapis.com/oauth2/v3}Google_Auth_API</property></Node><Node type="urn:com:soa:ObjectKey"><ObjectKey class="com.soa.service.operation.model.BindingOperationQualifiedKey">{https://spreadsheets.google.com/feeds}Google_Sheets_API$$${https://spreadsheets.google.com/feeds}Google_Sheets_API_Binding$$$POST__list__key___worksheetId___visibility___protection_</ObjectKey></Node><Node type="urn:com:soa:ObjectKey"><ObjectKey class="com.soa.service.operation.model.OperationKey">663589ad-a3b5-11e4-8a06-a81d8436ea01</ObjectKey></Node><Node type="urn:com:soa:ObjectKey"><ObjectKey class="com.soa.service.endpoint.EndpointKey">uddi:4a433e16-a5e2-11e4-8582-98351334c14c</ObjectKey></Node><Node type="urn:com:soa:ObjectKey"><ObjectKey class="com.soa.service.operation.model.BindingOperationQualifiedKey">{https://spreadsheets.google.com/feeds}Google_Sheets_API$$${https://spreadsheets.google.com/feeds}Google_Sheets_API_Binding$$$PUT__cells__key___worksheetId___visibility___protection_</ObjectKey></Node><Node type="urn:com:soa:ObjectKey"><ObjectKey class="com.soa.wsdl.model.impl.WsdlBindingImpl">uddi:ac5d5cda-dba3-2d2e-6713-eae3735fc87c</ObjectKey><property class="java.lang.String" name="_NAME_" type="urn:com:soa:SimpleProperty">{https://spreadsheets.google.com/feeds}Google_Sheets_API_Binding</property></Node><Node type="urn:com:soa:ObjectKey"><ObjectKey class="com.soa.wsdl.model.impl.WsdlBindingImpl">uddi:4eba56b4-9ecf-2095-ee70-490162d8a4e7</ObjectKey><property class="java.lang.String" name="_NAME_" type="urn:com:soa:SimpleProperty">{https://www.googleapis.com/oauth2/v3}Google_Auth_API</property></Node><Node type="urn:com:soa:ObjectKey"><ObjectKey class="com.soa.service.operation.model.BindingOperationQualifiedKey">{https://spreadsheets.google.com/feeds}Google_Sheets_API$$${https://spreadsheets.google.com/feeds}Google_Sheets_API_Binding$$$POST__worksheets__key___visibility___protection_</ObjectKey></Node><Node type="urn:com:soa:ObjectKey"><ObjectKey class="com.soa.service.operation.model.OperationKey">662a3efa-a3b5-11e4-8a06-a81d8436ea01</ObjectKey></Node><Node type="urn:com:soa:ObjectKey"><ObjectKey class="com.soa.service.operation.model.OperationKey">66370f52-a3b5-11e4-8a06-a81d8436ea01</ObjectKey></Node><Node type="urn:com:soa:ObjectKey"><ObjectKey class="com.soa.service.operation.model.BindingOperationQualifiedKey">{https://spreadsheets.google.com/feeds}Google_Sheets_API$$${https://spreadsheets.google.com/feeds}Google_Sheets_API_Binding$$$DELETE__list__key___worksheetId___visibility___protection_</ObjectKey></Node><Node type="urn:com:soa:ObjectKey"><ObjectKey class="com.soa.service.operation.model.OperationKey">662b024c-a3b5-11e4-8a06-a81d8436ea01</ObjectKey></Node><Node type="urn:com:soa:ObjectKey"><ObjectKey class="com.soa.service.operation.model.OperationKey">eddc7bb4-b56d-11e4-86ce-86c450a25418</ObjectKey></Node><Node type="urn:com:soa:ObjectKey"><ObjectKey class="com.soa.bpel.BpelKey">bpel:db68460c-a6b6-11e4-8e6b-f088256c1208</ObjectKey><property class="java.lang.String" name="_NAME_" type="urn:com:soa:SimpleProperty">GetCellListRequest</property></Node><Node type="urn:com:soa:ObjectKey"><ObjectKey class="com.soa.service.operation.model.OperationKey">663318a5-a3b5-11e4-8a06-a81d8436ea01</ObjectKey></Node><Node type="urn:com:soa:ObjectKey"><ObjectKey class="com.soa.service.operation.model.BindingOperationQualifiedKey">{https://spreadsheets.google.com/feeds}Google_Sheets_API$$${https://spreadsheets.google.com/feeds}Google_Sheets_API_Binding$$$GET__worksheets__key___visibility___protection_</ObjectKey></Node><Node type="urn:com:soa:ObjectKey"><ObjectKey class="com.soa.service.endpoint.EndpointKey">uddi:c15a6019-9f90-11e4-bd8a-eaa1e8f31cf2</ObjectKey></Node><Node type="urn:com:soa:ObjectKey"><ObjectKey class="com.soa.bpel.BpelKey">bpel:aba48fd0-a6a9-11e4-8e6b-f088256c1208</ObjectKey><property class="java.lang.String" name="_NAME_" type="urn:com:soa:SimpleProperty">GetWorkbookListRequest</property></Node><Node type="urn:com:soa:ObjectKey"><ObjectKey class="com.soa.service.operation.model.OperationKey">662d4c44-a3b5-11e4-8a06-a81d8436ea01</ObjectKey></Node><Node type="urn:com:soa:ObjectKey"><ObjectKey class="com.soa.contracts.ContractKey">40747a4e-b56f-11e4-86ce-86c450a25418:1091</ObjectKey><property class="java.lang.String" name="_NAME_" type="urn:com:soa:SimpleProperty">Anonymous</property></Node><Node type="urn:com:soa:ObjectKey"><ObjectKey class="com.soa.service.operation.model.OperationKey">66345129-a3b5-11e4-8a06-a81d8436ea01</ObjectKey></Node><Node type="urn:com:soa:ObjectKey"><ObjectKey class="com.soa.security.util.QualifiedUserName">Local Domain\cYUf5fVctXpbnNuu1Fx64Q==</ObjectKey></Node><Node type="urn:com:soa:ObjectKey"><ObjectKey class="com.soa.service.model.ServiceKey">uddi:e6fe8932-9f92-11e4-bd8a-eaa1e8f31cf2</ObjectKey><property class="java.lang.String" name="_NAME_" type="urn:com:soa:SimpleProperty">Google_Sheets_Integrator</property></Node><Node type="urn:com:soa:ObjectKey"><ObjectKey class="com.soa.service.operation.model.BindingOperationQualifiedKey">{https://www.googleapis.com/oauth2/sheets/hook/v3}Google_Auth_API$$${https://www.googleapis.com/oauth2/v3}Google_Auth_API$$$POST__token</ObjectKey></Node></Nodes><Links><Link type="service->bndoperation:child"><From><Node type="urn:com:soa:ObjectKey"><ObjectKey class="com.soa.service.model.ServiceKey">uddi:c0e2bfef-9f90-11e4-bd8a-eaa1e8f31cf2</ObjectKey></Node></From><To><Node type="urn:com:soa:ObjectKey"><ObjectKey class="com.soa.service.operation.model.BindingOperationQualifiedKey">{https://spreadsheets.google.com/feeds}Google_Sheets_API$$${https://spreadsheets.google.com/feeds}Google_Sheets_API_Binding$$$GET__worksheets__key___visibility___protection_</ObjectKey></Node></To></Link><Link type="operation->service:parent"><From><Node type="urn:com:soa:ObjectKey"><ObjectKey class="com.soa.service.operation.model.OperationKey">663589ad-a3b5-11e4-8a06-a81d8436ea01</ObjectKey></Node></From><To><Node type="urn:com:soa:ObjectKey"><ObjectKey class="com.soa.service.model.ServiceKey">uddi:c0e2bfef-9f90-11e4-bd8a-eaa1e8f31cf2</ObjectKey></Node></To></Link><Link type="service->operation:child"><From><Node type="urn:com:soa:ObjectKey"><ObjectKey class="com.soa.service.model.ServiceKey">uddi:c0e2bfef-9f90-11e4-bd8a-eaa1e8f31cf2</ObjectKey></Node></From><To><Node type="urn:com:soa:ObjectKey"><ObjectKey class="com.soa.service.operation.model.OperationKey">662bc59e-a3b5-11e4-8a06-a81d8436ea01</ObjectKey></Node></To></Link><Link type="service->endpoint:child"><From><Node type="urn:com:soa:ObjectKey"><ObjectKey class="com.soa.service.model.ServiceKey">uddi:c0e2bfef-9f90-11e4-bd8a-eaa1e8f31cf2</ObjectKey></Node></From><To><Node type="urn:com:soa:ObjectKey"><ObjectKey class="com.soa.service.endpoint.EndpointKey">uddi:c15a6019-9f90-11e4-bd8a-eaa1e8f31cf2</ObjectKey></Node></To></Link><Link type="identity->service:ReferredBy"><From><Node type="urn:com:soa:ObjectKey"><ObjectKey class="com.soa.security.util.QualifiedUserName">Local Domain\ga5b7M5G3zDbLfDOI9xl3Q==</ObjectKey></Node></From><To><Node type="urn:com:soa:ObjectKey"><ObjectKey class="com.soa.service.model.ServiceKey">uddi:e6fe8932-9f92-11e4-bd8a-eaa1e8f31cf2</ObjectKey></Node></To></Link><Link type="process->organization:refer"><From><Node type="urn:com:soa:ObjectKey"><ObjectKey class="com.soa.bpel.BpelKey">bpel:00863c4d-b56c-11e4-86ce-86c450a25418</ObjectKey></Node></From><To><Node type="urn:com:soa:ObjectKey"><ObjectKey class="com.soa.organization.model.OrganizationKey">uddi:5ccceeea-b56b-11e4-86ce-86c450a25418</ObjectKey></Node></To></Link><Link type="interface->service:implements"><From><Node type="urn:com:soa:ObjectKey"><ObjectKey class="com.soa.wsdl.model.impl.WsdlInterfaceImpl">uddi:6fdd964c-07a9-e591-4296-563ade8b2f8e</ObjectKey></Node></From><To><Node type="urn:com:soa:ObjectKey"><ObjectKey class="com.soa.service.model.ServiceKey">uddi:e6fe8932-9f92-11e4-bd8a-eaa1e8f31cf2</ObjectKey></Node></To></Link><Link type="process->process:refer"><From><Node type="urn:com:soa:ObjectKey"><ObjectKey class="com.soa.bpel.BpelKey">bpel:e8b6f2ad-9f93-11e4-bd8a-eaa1e8f31cf2</ObjectKey></Node></From><To><Node type="urn:com:soa:ObjectKey"><ObjectKey class="com.soa.bpel.BpelKey">bpel:00863c4d-b56c-11e4-86ce-86c450a25418</ObjectKey></Node></To></Link><Link type="org->service:child"><From><Node type="urn:com:soa:ObjectKey"><ObjectKey class="com.soa.organization.model.OrganizationKey">uddi:5ccceeea-b56b-11e4-86ce-86c450a25418</ObjectKey></Node></From><To><Node type="urn:com:soa:ObjectKey"><ObjectKey class="com.soa.service.model.ServiceKey">uddi:ed9f2490-b56d-11e4-86ce-86c450a25418</ObjectKey></Node></To></Link><Link type="script->bpel:ReferedBy"><From><Node type="urn:com:soa:ObjectKey"><ObjectKey class="com.soa.scripts.ScriptKey">script:cab432a2-a4f4-11e4-8c33-f78776b6b53c</ObjectKey></Node></From><To><Node type="urn:com:soa:ObjectKey"><ObjectKey class="com.soa.bpel.BpelKey">bpel:00863c4d-b56c-11e4-86ce-86c450a25418</ObjectKey></Node></To></Link><Link type="bndoperation->service:parent"><From><Node type="urn:com:soa:ObjectKey"><ObjectKey class="com.soa.service.operation.model.BindingOperationQualifiedKey">{https://spreadsheets.google.com/feeds}Google_Sheets_API$$${https://spreadsheets.google.com/feeds}Google_Sheets_API_Binding$$$GET__worksheets__key___visibility___protection_</ObjectKey></Node></From><To><Node type="urn:com:soa:ObjectKey"><ObjectKey class="com.soa.service.model.ServiceKey">uddi:c0e2bfef-9f90-11e4-bd8a-eaa1e8f31cf2</ObjectKey></Node></To></Link><Link type="service->endpoint:child"><From><Node type="urn:com:soa:ObjectKey"><ObjectKey class="com.soa.service.model.ServiceKey">uddi:e6fe8932-9f92-11e4-bd8a-eaa1e8f31cf2</ObjectKey></Node></From><To><Node type="urn:com:soa:ObjectKey"><ObjectKey class="com.soa.service.endpoint.EndpointKey">uddi:4a433e16-a5e2-11e4-8582-98351334c14c</ObjectKey></Node></To></Link><Link type="organization->process:ReferedBy"><From><Node type="urn:com:soa:ObjectKey"><ObjectKey class="com.soa.organization.model.OrganizationKey">uddi:5ccceeea-b56b-11e4-86ce-86c450a25418</ObjectKey></Node></From><To><Node type="urn:com:soa:ObjectKey"><ObjectKey class="com.soa.bpel.BpelKey">bpel:00863c4d-b56c-11e4-86ce-86c450a25418</ObjectKey></Node></To></Link><Link type="service->binding:ImplementedBy"><From><Node type="urn:com:soa:ObjectKey"><ObjectKey class="com.soa.service.model.ServiceKey">uddi:c0e2bfef-9f90-11e4-bd8a-eaa1e8f31cf2</ObjectKey></Node></From><To><Node type="urn:com:soa:ObjectKey"><ObjectKey class="com.soa.wsdl.model.impl.WsdlBindingImpl">uddi:ac5d5cda-dba3-2d2e-6713-eae3735fc87c</ObjectKey></Node></To></Link><Link type="service->binding:ImplementedBy"><From><Node type="urn:com:soa:ObjectKey"><ObjectKey class="com.soa.service.model.ServiceKey">uddi:ed9f2490-b56d-11e4-86ce-86c450a25418</ObjectKey></Node></From><To><Node type="urn:com:soa:ObjectKey"><ObjectKey class="com.soa.wsdl.model.impl.WsdlBindingImpl">uddi:4eba56b4-9ecf-2095-ee70-490162d8a4e7</ObjectKey></Node></To></Link><Link type="interface->binding:implements"><From><Node type="urn:com:soa:ObjectKey"><ObjectKey class="com.soa.wsdl.model.impl.WsdlInterfaceImpl">uddi:781b74bf-471c-1c42-8acf-0f2326c2f806</ObjectKey></Node></From><To><Node type="urn:com:soa:ObjectKey"><ObjectKey class="com.soa.wsdl.model.impl.WsdlBindingImpl">uddi:4eba56b4-9ecf-2095-ee70-490162d8a4e7</ObjectKey></Node></To></Link><Link type="service->bndoperation:child"><From><Node type="urn:com:soa:ObjectKey"><ObjectKey class="com.soa.service.model.ServiceKey">uddi:c0e2bfef-9f90-11e4-bd8a-eaa1e8f31cf2</ObjectKey></Node></From><To><Node type="urn:com:soa:ObjectKey"><ObjectKey class="com.soa.service.operation.model.BindingOperationQualifiedKey">{https://spreadsheets.google.com/feeds}Google_Sheets_API$$${https://spreadsheets.google.com/feeds}Google_Sheets_API_Binding$$$PUT__list__key___worksheetId___visibility___protection_</ObjectKey></Node></To></Link><Link type="service->interface:ImplementedBy"><From><Node type="urn:com:soa:ObjectKey"><ObjectKey class="com.soa.service.model.ServiceKey">uddi:ed9f2490-b56d-11e4-86ce-86c450a25418</ObjectKey></Node></From><To><Node type="urn:com:soa:ObjectKey"><ObjectKey class="com.soa.wsdl.model.impl.WsdlInterfaceImpl">uddi:781b74bf-471c-1c42-8acf-0f2326c2f806</ObjectKey></Node></To></Link><Link type="org->contract:child"><From><Node type="urn:com:soa:ObjectKey"><ObjectKey class="com.soa.organization.model.OrganizationKey">uddi:5ccceeea-b56b-11e4-86ce-86c450a25418</ObjectKey></Node></From><To><Node type="urn:com:soa:ObjectKey"><ObjectKey class="com.soa.contracts.ContractKey">40747a4e-b56f-11e4-86ce-86c450a25418:1091</ObjectKey></Node></To></Link><Link type="operation->service:parent"><From><Node type="urn:com:soa:ObjectKey"><ObjectKey class="com.soa.service.operation.model.OperationKey">49e8e912-a5e2-11e4-8582-98351334c14c</ObjectKey></Node></From><To><Node type="urn:com:soa:ObjectKey"><ObjectKey class="com.soa.service.model.ServiceKey">uddi:e6fe8932-9f92-11e4-bd8a-eaa1e8f31cf2</ObjectKey></Node></To></Link><Link type="process->process:ReferedBy"><From><Node type="urn:com:soa:ObjectKey"><ObjectKey class="com.soa.bpel.BpelKey">bpel:db68460c-a6b6-11e4-8e6b-f088256c1208</ObjectKey></Node></From><To><Node type="urn:com:soa:ObjectKey"><ObjectKey class="com.soa.bpel.BpelKey">bpel:e8b6f2ad-9f93-11e4-bd8a-eaa1e8f31cf2</ObjectKey></Node></To></Link><Link type="bndoperation->service:parent"><From><Node type="urn:com:soa:ObjectKey"><ObjectKey class="com.soa.service.operation.model.BindingOperationQualifiedKey">{https://spreadsheets.google.com/feeds}Google_Sheets_API$$${https://spreadsheets.google.com/feeds}Google_Sheets_API_Binding$$$PUT__cells__key___worksheetId___visibility___protection_</ObjectKey></Node></From><To><Node type="urn:com:soa:ObjectKey"><ObjectKey class="com.soa.service.model.ServiceKey">uddi:c0e2bfef-9f90-11e4-bd8a-eaa1e8f31cf2</ObjectKey></Node></To></Link><Link type="service->operation:child"><From><Node type="urn:com:soa:ObjectKey"><ObjectKey class="com.soa.service.model.ServiceKey">uddi:c0e2bfef-9f90-11e4-bd8a-eaa1e8f31cf2</ObjectKey></Node></From><To><Node type="urn:com:soa:ObjectKey"><ObjectKey class="com.soa.service.operation.model.OperationKey">662c88f1-a3b5-11e4-8a06-a81d8436ea01</ObjectKey></Node></To></Link><Link type="contract->org:parent"><From><Node type="urn:com:soa:ObjectKey"><ObjectKey class="com.soa.contracts.ContractKey">40747a4e-b56f-11e4-86ce-86c450a25418:1091</ObjectKey></Node></From><To><Node type="urn:com:soa:ObjectKey"><ObjectKey class="com.soa.organization.model.OrganizationKey">uddi:5ccceeea-b56b-11e4-86ce-86c450a25418</ObjectKey></Node></To></Link><Link type="operation->service:parent"><From><Node type="urn:com:soa:ObjectKey"><ObjectKey class="com.soa.service.operation.model.OperationKey">66345129-a3b5-11e4-8a06-a81d8436ea01</ObjectKey></Node></From><To><Node type="urn:com:soa:ObjectKey"><ObjectKey class="com.soa.service.model.ServiceKey">uddi:c0e2bfef-9f90-11e4-bd8a-eaa1e8f31cf2</ObjectKey></Node></To></Link><Link type="interface->binding:implements"><From><Node type="urn:com:soa:ObjectKey"><ObjectKey class="com.soa.wsdl.model.impl.WsdlInterfaceImpl">uddi:bb558a13-b96e-badc-0100-166708e01454</ObjectKey></Node></From><To><Node type="urn:com:soa:ObjectKey"><ObjectKey class="com.soa.wsdl.model.impl.WsdlBindingImpl">uddi:ac5d5cda-dba3-2d2e-6713-eae3735fc87c</ObjectKey></Node></To></Link><Link type="interface->binding:implements"><From><Node type="urn:com:soa:ObjectKey"><ObjectKey class="com.soa.wsdl.model.impl.WsdlInterfaceImpl">uddi:6fdd964c-07a9-e591-4296-563ade8b2f8e</ObjectKey></Node></From><To><Node type="urn:com:soa:ObjectKey"><ObjectKey class="com.soa.wsdl.model.impl.WsdlBindingImpl">uddi:0dac1a25-0999-43e5-a99f-505fdab11531</ObjectKey></Node></To></Link><Link type="service->interface:ImplementedBy"><From><Node type="urn:com:soa:ObjectKey"><ObjectKey class="com.soa.service.model.ServiceKey">uddi:c0e2bfef-9f90-11e4-bd8a-eaa1e8f31cf2</ObjectKey></Node></From><To><Node type="urn:com:soa:ObjectKey"><ObjectKey class="com.soa.wsdl.model.impl.WsdlInterfaceImpl">uddi:bb558a13-b96e-badc-0100-166708e01454</ObjectKey></Node></To></Link><Link type="operational_policy->org:parent"><From><Node type="urn:com:soa:ObjectKey"><ObjectKey class="com.soa.policy.config.model.PolicyKey">urn:uuid:c3243f89-b56e-11e4-86ce-86c450a25418</ObjectKey></Node></From><To><Node type="urn:com:soa:ObjectKey"><ObjectKey class="com.soa.organization.model.OrganizationKey">uddi:5ccceeea-b56b-11e4-86ce-86c450a25418</ObjectKey></Node></To></Link><Link type="org->service:child"><From><Node type="urn:com:soa:ObjectKey"><ObjectKey class="com.soa.organization.model.OrganizationKey">uddi:5ccceeea-b56b-11e4-86ce-86c450a25418</ObjectKey></Node></From><To><Node type="urn:com:soa:ObjectKey"><ObjectKey class="com.soa.service.model.ServiceKey">uddi:e6fe8932-9f92-11e4-bd8a-eaa1e8f31cf2</ObjectKey></Node></To></Link><Link type="operationalpolicy->service:refer"><From><Node type="urn:com:soa:ObjectKey"><ObjectKey class="com.soa.policy.config.model.PolicyKey">10001-DetailedAuditing</ObjectKey></Node></From><To><Node type="urn:com:soa:ObjectKey"><ObjectKey class="com.soa.service.model.ServiceKey">uddi:e6fe8932-9f92-11e4-bd8a-eaa1e8f31cf2</ObjectKey></Node></To></Link><Link type="bndoperation->service:parent"><From><Node type="urn:com:soa:ObjectKey"><ObjectKey class="com.soa.service.operation.model.BindingOperationQualifiedKey">{https://spreadsheets.google.com/feeds}Google_Sheets_API$$${https://spreadsheets.google.com/feeds}Google_Sheets_API_Binding$$$PUT__list__key___worksheetId___visibility___protection_</ObjectKey></Node></From><To><Node type="urn:com:soa:ObjectKey"><ObjectKey class="com.soa.service.model.ServiceKey">uddi:c0e2bfef-9f90-11e4-bd8a-eaa1e8f31cf2</ObjectKey></Node></To></Link><Link type="operation->service:parent"><From><Node type="urn:com:soa:ObjectKey"><ObjectKey class="com.soa.service.operation.model.OperationKey">662b024c-a3b5-11e4-8a06-a81d8436ea01</ObjectKey></Node></From><To><Node type="urn:com:soa:ObjectKey"><ObjectKey class="com.soa.service.model.ServiceKey">uddi:c0e2bfef-9f90-11e4-bd8a-eaa1e8f31cf2</ObjectKey></Node></To></Link><Link type="operation->service:parent"><From><Node type="urn:com:soa:ObjectKey"><ObjectKey class="com.soa.service.operation.model.OperationKey">66370f52-a3b5-11e4-8a06-a81d8436ea01</ObjectKey></Node></From><To><Node type="urn:com:soa:ObjectKey"><ObjectKey class="com.soa.service.model.ServiceKey">uddi:c0e2bfef-9f90-11e4-bd8a-eaa1e8f31cf2</ObjectKey></Node></To></Link><Link type="service->bndoperation:child"><From><Node type="urn:com:soa:ObjectKey"><ObjectKey class="com.soa.service.model.ServiceKey">uddi:c0e2bfef-9f90-11e4-bd8a-eaa1e8f31cf2</ObjectKey></Node></From><To><Node type="urn:com:soa:ObjectKey"><ObjectKey class="com.soa.service.operation.model.BindingOperationQualifiedKey">{https://spreadsheets.google.com/feeds}Google_Sheets_API$$${https://spreadsheets.google.com/feeds}Google_Sheets_API_Binding$$$PUT__cells__key___worksheetId___visibility___protection_</ObjectKey></Node></To></Link><Link type="process->process:ReferedBy"><From><Node type="urn:com:soa:ObjectKey"><ObjectKey class="com.soa.bpel.BpelKey">bpel:aba48fd0-a6a9-11e4-8e6b-f088256c1208</ObjectKey></Node></From><To><Node type="urn:com:soa:ObjectKey"><ObjectKey class="com.soa.bpel.BpelKey">bpel:e8b6f2ad-9f93-11e4-bd8a-eaa1e8f31cf2</ObjectKey></Node></To></Link><Link type="operation->service:parent"><From><Node type="urn:com:soa:ObjectKey"><ObjectKey class="com.soa.service.operation.model.OperationKey">663318a5-a3b5-11e4-8a06-a81d8436ea01</ObjectKey></Node></From><To><Node type="urn:com:soa:ObjectKey"><ObjectKey class="com.soa.service.model.ServiceKey">uddi:c0e2bfef-9f90-11e4-bd8a-eaa1e8f31cf2</ObjectKey></Node></To></Link><Link type="service->identity:refer"><From><Node type="urn:com:soa:ObjectKey"><ObjectKey class="com.soa.service.model.ServiceKey">uddi:ed9f2490-b56d-11e4-86ce-86c450a25418</ObjectKey></Node></From><To><Node type="urn:com:soa:ObjectKey"><ObjectKey class="com.soa.security.util.QualifiedUserName">Local Domain\acLXIELtJgq9HpXj2RKLVg==</ObjectKey></Node></To></Link><Link type="service->bndoperation:child"><From><Node type="urn:com:soa:ObjectKey"><ObjectKey class="com.soa.service.model.ServiceKey">uddi:c0e2bfef-9f90-11e4-bd8a-eaa1e8f31cf2</ObjectKey></Node></From><To><Node type="urn:com:soa:ObjectKey"><ObjectKey class="com.soa.service.operation.model.BindingOperationQualifiedKey">{https://spreadsheets.google.com/feeds}Google_Sheets_API$$${https://spreadsheets.google.com/feeds}Google_Sheets_API_Binding$$$DELETE__worksheets__key___visibility___protection_</ObjectKey></Node></To></Link><Link type="operation->service:parent"><From><Node type="urn:com:soa:ObjectKey"><ObjectKey class="com.soa.service.operation.model.OperationKey">662c88f1-a3b5-11e4-8a06-a81d8436ea01</ObjectKey></Node></From><To><Node type="urn:com:soa:ObjectKey"><ObjectKey class="com.soa.service.model.ServiceKey">uddi:c0e2bfef-9f90-11e4-bd8a-eaa1e8f31cf2</ObjectKey></Node></To></Link><Link type="service->operation:child"><From><Node type="urn:com:soa:ObjectKey"><ObjectKey class="com.soa.service.model.ServiceKey">uddi:e6fe8932-9f92-11e4-bd8a-eaa1e8f31cf2</ObjectKey></Node></From><To><Node type="urn:com:soa:ObjectKey"><ObjectKey class="com.soa.service.operation.model.OperationKey">49e8e912-a5e2-11e4-8582-98351334c14c</ObjectKey></Node></To></Link><Link type="service->operation:child"><From><Node type="urn:com:soa:ObjectKey"><ObjectKey class="com.soa.service.model.ServiceKey">uddi:c0e2bfef-9f90-11e4-bd8a-eaa1e8f31cf2</ObjectKey></Node></From><To><Node type="urn:com:soa:ObjectKey"><ObjectKey class="com.soa.service.operation.model.OperationKey">66345129-a3b5-11e4-8a06-a81d8436ea01</ObjectKey></Node></To></Link><Link type="endpoint->service:parent"><From><Node type="urn:com:soa:ObjectKey"><ObjectKey class="com.soa.service.endpoint.EndpointKey">uddi:c15a6019-9f90-11e4-bd8a-eaa1e8f31cf2</ObjectKey></Node></From><To><Node type="urn:com:soa:ObjectKey"><ObjectKey class="com.soa.service.model.ServiceKey">uddi:c0e2bfef-9f90-11e4-bd8a-eaa1e8f31cf2</ObjectKey></Node></To></Link><Link type="service->operationalpolicy:ReferedBy"><From><Node type="urn:com:soa:ObjectKey"><ObjectKey class="com.soa.service.model.ServiceKey">uddi:e6fe8932-9f92-11e4-bd8a-eaa1e8f31cf2</ObjectKey></Node></From><To><Node type="urn:com:soa:ObjectKey"><ObjectKey class="com.soa.policy.config.model.PolicyKey">10001-DetailedAuditing</ObjectKey></Node></To></Link><Link type="process->process:ReferedBy"><From><Node type="urn:com:soa:ObjectKey"><ObjectKey class="com.soa.bpel.BpelKey">bpel:21735124-a674-11e4-8e6b-f088256c1208</ObjectKey></Node></From><To><Node type="urn:com:soa:ObjectKey"><ObjectKey class="com.soa.bpel.BpelKey">bpel:e8b6f2ad-9f93-11e4-bd8a-eaa1e8f31cf2</ObjectKey></Node></To></Link><Link type="service->operation:child"><From><Node type="urn:com:soa:ObjectKey"><ObjectKey class="com.soa.service.model.ServiceKey">uddi:c0e2bfef-9f90-11e4-bd8a-eaa1e8f31cf2</ObjectKey></Node></From><To><Node type="urn:com:soa:ObjectKey"><ObjectKey class="com.soa.service.operation.model.OperationKey">662b024c-a3b5-11e4-8a06-a81d8436ea01</ObjectKey></Node></To></Link><Link type="binding->service:implements"><From><Node type="urn:com:soa:ObjectKey"><ObjectKey class="com.soa.wsdl.model.impl.WsdlBindingImpl">uddi:0dac1a25-0999-43e5-a99f-505fdab11531</ObjectKey></Node></From><To><Node type="urn:com:soa:ObjectKey"><ObjectKey class="com.soa.service.model.ServiceKey">uddi:e6fe8932-9f92-11e4-bd8a-eaa1e8f31cf2</ObjectKey></Node></To></Link><Link type="bndoperation->service:parent"><From><Node type="urn:com:soa:ObjectKey"><ObjectKey class="com.soa.service.operation.model.BindingOperationQualifiedKey">{https://spreadsheets.google.com/feeds}Google_Sheets_API$$${https://spreadsheets.google.com/feeds}Google_Sheets_API_Binding$$$DELETE__worksheets__key___visibility___protection_</ObjectKey></Node></From><To><Node type="urn:com:soa:ObjectKey"><ObjectKey class="com.soa.service.model.ServiceKey">uddi:c0e2bfef-9f90-11e4-bd8a-eaa1e8f31cf2</ObjectKey></Node></To></Link><Link type="service->operation:child"><From><Node type="urn:com:soa:ObjectKey"><ObjectKey class="com.soa.service.model.ServiceKey">uddi:c0e2bfef-9f90-11e4-bd8a-eaa1e8f31cf2</ObjectKey></Node></From><To><Node type="urn:com:soa:ObjectKey"><ObjectKey class="com.soa.service.operation.model.OperationKey">66370f52-a3b5-11e4-8a06-a81d8436ea01</ObjectKey></Node></To></Link><Link type="service->operation:child"><From><Node type="urn:com:soa:ObjectKey"><ObjectKey class="com.soa.service.model.ServiceKey">uddi:c0e2bfef-9f90-11e4-bd8a-eaa1e8f31cf2</ObjectKey></Node></From><To><Node type="urn:com:soa:ObjectKey"><ObjectKey class="com.soa.service.operation.model.OperationKey">663318a5-a3b5-11e4-8a06-a81d8436ea01</ObjectKey></Node></To></Link><Link type="endpoint->service:parent"><From><Node type="urn:com:soa:ObjectKey"><ObjectKey class="com.soa.service.endpoint.EndpointKey">uddi:4a433e16-a5e2-11e4-8582-98351334c14c</ObjectKey></Node></From><To><Node type="urn:com:soa:ObjectKey"><ObjectKey class="com.soa.service.model.ServiceKey">uddi:e6fe8932-9f92-11e4-bd8a-eaa1e8f31cf2</ObjectKey></Node></To></Link><Link type="bndoperation->service:parent"><From><Node type="urn:com:soa:ObjectKey"><ObjectKey class="com.soa.service.operation.model.BindingOperationQualifiedKey">{https://spreadsheets.google.com/feeds}Google_Sheets_API$$${https://spreadsheets.google.com/feeds}Google_Sheets_API_Binding$$$POST__cells__key___worksheetId___visibility___protection__batch</ObjectKey></Node></From><To><Node type="urn:com:soa:ObjectKey"><ObjectKey class="com.soa.service.model.ServiceKey">uddi:c0e2bfef-9f90-11e4-bd8a-eaa1e8f31cf2</ObjectKey></Node></To></Link><Link type="service->operation:child"><From><Node type="urn:com:soa:ObjectKey"><ObjectKey class="com.soa.service.model.ServiceKey">uddi:c0e2bfef-9f90-11e4-bd8a-eaa1e8f31cf2</ObjectKey></Node></From><To><Node type="urn:com:soa:ObjectKey"><ObjectKey class="com.soa.service.operation.model.OperationKey">663589ad-a3b5-11e4-8a06-a81d8436ea01</ObjectKey></Node></To></Link><Link type="service->bndoperation:child"><From><Node type="urn:com:soa:ObjectKey"><ObjectKey class="com.soa.service.model.ServiceKey">uddi:e6fe8932-9f92-11e4-bd8a-eaa1e8f31cf2</ObjectKey></Node></From><To><Node type="urn:com:soa:ObjectKey"><ObjectKey class="com.soa.service.operation.model.BindingOperationQualifiedKey">{http://win7-64-vm:80/cell}Google_Sheets_Integrator$$${http://win7-64-vm:80/cell}Google_Sheets_Integrator_Binding$$$GET__cell</ObjectKey></Node></To></Link><Link type="operation->service:parent"><From><Node type="urn:com:soa:ObjectKey"><ObjectKey class="com.soa.service.operation.model.OperationKey">662bc59e-a3b5-11e4-8a06-a81d8436ea01</ObjectKey></Node></From><To><Node type="urn:com:soa:ObjectKey"><ObjectKey class="com.soa.service.model.ServiceKey">uddi:c0e2bfef-9f90-11e4-bd8a-eaa1e8f31cf2</ObjectKey></Node></To></Link><Link type="bpel->script:refer"><From><Node type="urn:com:soa:ObjectKey"><ObjectKey class="com.soa.bpel.BpelKey">bpel:00863c4d-b56c-11e4-86ce-86c450a25418</ObjectKey></Node></From><To><Node type="urn:com:soa:ObjectKey"><ObjectKey class="com.soa.scripts.ScriptKey">script:cab432a2-a4f4-11e4-8c33-f78776b6b53c</ObjectKey></Node></To></Link><Link type="service->bndoperation:child"><From><Node type="urn:com:soa:ObjectKey"><ObjectKey class="com.soa.service.model.ServiceKey">uddi:c0e2bfef-9f90-11e4-bd8a-eaa1e8f31cf2</ObjectKey></Node></From><To><Node type="urn:com:soa:ObjectKey"><ObjectKey class="com.soa.service.operation.model.BindingOperationQualifiedKey">{https://spreadsheets.google.com/feeds}Google_Sheets_API$$${https://spreadsheets.google.com/feeds}Google_Sheets_API_Binding$$$GET__list__key___worksheetId___visibility___protection_</ObjectKey></Node></To></Link><Link type="service->org:parent"><From><Node type="urn:com:soa:ObjectKey"><ObjectKey class="com.soa.service.model.ServiceKey">uddi:c0e2bfef-9f90-11e4-bd8a-eaa1e8f31cf2</ObjectKey></Node></From><To><Node type="urn:com:soa:ObjectKey"><ObjectKey class="com.soa.organization.model.OrganizationKey">uddi:5ccceeea-b56b-11e4-86ce-86c450a25418</ObjectKey></Node></To></Link><Link type="identity->service:ReferredBy"><From><Node type="urn:com:soa:ObjectKey"><ObjectKey class="com.soa.security.util.QualifiedUserName">Local Domain\cYUf5fVctXpbnNuu1Fx64Q==</ObjectKey></Node></From><To><Node type="urn:com:soa:ObjectKey"><ObjectKey class="com.soa.service.model.ServiceKey">uddi:c0e2bfef-9f90-11e4-bd8a-eaa1e8f31cf2</ObjectKey></Node></To></Link><Link type="bndoperation->service:parent"><From><Node type="urn:com:soa:ObjectKey"><ObjectKey class="com.soa.service.operation.model.BindingOperationQualifiedKey">{https://spreadsheets.google.com/feeds}Google_Sheets_API$$${https://spreadsheets.google.com/feeds}Google_Sheets_API_Binding$$$GET__list__key___worksheetId___visibility___protection_</ObjectKey></Node></From><To><Node type="urn:com:soa:ObjectKey"><ObjectKey class="com.soa.service.model.ServiceKey">uddi:c0e2bfef-9f90-11e4-bd8a-eaa1e8f31cf2</ObjectKey></Node></To></Link><Link type="service->bndoperation:child"><From><Node type="urn:com:soa:ObjectKey"><ObjectKey class="com.soa.service.model.ServiceKey">uddi:c0e2bfef-9f90-11e4-bd8a-eaa1e8f31cf2</ObjectKey></Node></From><To><Node type="urn:com:soa:ObjectKey"><ObjectKey class="com.soa.service.operation.model.BindingOperationQualifiedKey">{https://spreadsheets.google.com/feeds}Google_Sheets_API$$${https://spreadsheets.google.com/feeds}Google_Sheets_API_Binding$$$POST__cells__key___worksheetId___visibility___protection__batch</ObjectKey></Node></To></Link><Link type="bndoperation->service:parent"><From><Node type="urn:com:soa:ObjectKey"><ObjectKey class="com.soa.service.operation.model.BindingOperationQualifiedKey">{http://win7-64-vm:80/cell}Google_Sheets_Integrator$$${http://win7-64-vm:80/cell}Google_Sheets_Integrator_Binding$$$GET__cell</ObjectKey></Node></From><To><Node type="urn:com:soa:ObjectKey"><ObjectKey class="com.soa.service.model.ServiceKey">uddi:e6fe8932-9f92-11e4-bd8a-eaa1e8f31cf2</ObjectKey></Node></To></Link><Link type="service->operation:child"><From><Node type="urn:com:soa:ObjectKey"><ObjectKey class="com.soa.service.model.ServiceKey">uddi:c0e2bfef-9f90-11e4-bd8a-eaa1e8f31cf2</ObjectKey></Node></From><To><Node type="urn:com:soa:ObjectKey"><ObjectKey class="com.soa.service.operation.model.OperationKey">6634ed6c-a3b5-11e4-8a06-a81d8436ea01</ObjectKey></Node></To></Link><Link type="bndoperation->service:parent"><From><Node type="urn:com:soa:ObjectKey"><ObjectKey class="com.soa.service.operation.model.BindingOperationQualifiedKey">{https://www.googleapis.com/oauth2/sheets/hook/v3}Google_Auth_API$$${https://www.googleapis.com/oauth2/v3}Google_Auth_API$$$POST__token</ObjectKey></Node></From><To><Node type="urn:com:soa:ObjectKey"><ObjectKey class="com.soa.service.model.ServiceKey">uddi:ed9f2490-b56d-11e4-86ce-86c450a25418</ObjectKey></Node></To></Link><Link type="process->process:ReferedBy"><From><Node type="urn:com:soa:ObjectKey"><ObjectKey class="com.soa.bpel.BpelKey">bpel:00863c4d-b56c-11e4-86ce-86c450a25418</ObjectKey></Node></From><To><Node type="urn:com:soa:ObjectKey"><ObjectKey class="com.soa.bpel.BpelKey">bpel:e8b6f2ad-9f93-11e4-bd8a-eaa1e8f31cf2</ObjectKey></Node></To></Link><Link type="service->bndoperation:child"><From><Node type="urn:com:soa:ObjectKey"><ObjectKey class="com.soa.service.model.ServiceKey">uddi:c0e2bfef-9f90-11e4-bd8a-eaa1e8f31cf2</ObjectKey></Node></From><To><Node type="urn:com:soa:ObjectKey"><ObjectKey class="com.soa.service.operation.model.BindingOperationQualifiedKey">{https://spreadsheets.google.com/feeds}Google_Sheets_API$$${https://spreadsheets.google.com/feeds}Google_Sheets_API_Binding$$$DELETE__list__key___worksheetId___visibility___protection_</ObjectKey></Node></To></Link><Link type="container->service:HostedBy"><From><Node type="urn:com:soa:ObjectKey"><ObjectKey class="com.soa.svccontainer.ContainerKey">ND-Cluster</ObjectKey></Node></From><To><Node type="urn:com:soa:ObjectKey"><ObjectKey class="com.soa.service.model.ServiceKey">uddi:e6fe8932-9f92-11e4-bd8a-eaa1e8f31cf2</ObjectKey></Node></To></Link><Link type="service->identity:refer"><From><Node type="urn:com:soa:ObjectKey"><ObjectKey class="com.soa.service.model.ServiceKey">uddi:e6fe8932-9f92-11e4-bd8a-eaa1e8f31cf2</ObjectKey></Node></From><To><Node type="urn:com:soa:ObjectKey"><ObjectKey class="com.soa.security.util.QualifiedUserName">Local Domain\ga5b7M5G3zDbLfDOI9xl3Q==</ObjectKey></Node></To></Link><Link type="binding->service:implements"><From><Node type="urn:com:soa:ObjectKey"><ObjectKey class="com.soa.wsdl.model.impl.WsdlBindingImpl">uddi:ac5d5cda-dba3-2d2e-6713-eae3735fc87c</ObjectKey></Node></From><To><Node type="urn:com:soa:ObjectKey"><ObjectKey class="com.soa.service.model.ServiceKey">uddi:c0e2bfef-9f90-11e4-bd8a-eaa1e8f31cf2</ObjectKey></Node></To></Link><Link type="binding->service:implements"><From><Node type="urn:com:soa:ObjectKey"><ObjectKey class="com.soa.wsdl.model.impl.WsdlBindingImpl">uddi:4eba56b4-9ecf-2095-ee70-490162d8a4e7</ObjectKey></Node></From><To><Node type="urn:com:soa:ObjectKey"><ObjectKey class="com.soa.service.model.ServiceKey">uddi:ed9f2490-b56d-11e4-86ce-86c450a25418</ObjectKey></Node></To></Link><Link type="service->operation:child"><From><Node type="urn:com:soa:ObjectKey"><ObjectKey class="com.soa.service.model.ServiceKey">uddi:c0e2bfef-9f90-11e4-bd8a-eaa1e8f31cf2</ObjectKey></Node></From><To><Node type="urn:com:soa:ObjectKey"><ObjectKey class="com.soa.service.operation.model.OperationKey">663625ef-a3b5-11e4-8a06-a81d8436ea01</ObjectKey></Node></To></Link><Link type="service->bndoperation:child"><From><Node type="urn:com:soa:ObjectKey"><ObjectKey class="com.soa.service.model.ServiceKey">uddi:c0e2bfef-9f90-11e4-bd8a-eaa1e8f31cf2</ObjectKey></Node></From><To><Node type="urn:com:soa:ObjectKey"><ObjectKey class="com.soa.service.operation.model.BindingOperationQualifiedKey">{https://spreadsheets.google.com/feeds}Google_Sheets_API$$${https://spreadsheets.google.com/feeds}Google_Sheets_API_Binding$$$POST__worksheets__key___visibility___protection_</ObjectKey></Node></To></Link><Link type="bndoperation->service:parent"><From><Node type="urn:com:soa:ObjectKey"><ObjectKey class="com.soa.service.operation.model.BindingOperationQualifiedKey">{https://spreadsheets.google.com/feeds}Google_Sheets_API$$${https://spreadsheets.google.com/feeds}Google_Sheets_API_Binding$$$POST__worksheets__key___visibility___protection_</ObjectKey></Node></From><To><Node type="urn:com:soa:ObjectKey"><ObjectKey class="com.soa.service.model.ServiceKey">uddi:c0e2bfef-9f90-11e4-bd8a-eaa1e8f31cf2</ObjectKey></Node></To></Link><Link type="service->bndoperation:child"><From><Node type="urn:com:soa:ObjectKey"><ObjectKey class="com.soa.service.model.ServiceKey">uddi:ed9f2490-b56d-11e4-86ce-86c450a25418</ObjectKey></Node></From><To><Node type="urn:com:soa:ObjectKey"><ObjectKey class="com.soa.service.operation.model.BindingOperationQualifiedKey">{https://www.googleapis.com/oauth2/sheets/hook/v3}Google_Auth_API$$${https://www.googleapis.com/oauth2/v3}Google_Auth_API$$$POST__token</ObjectKey></Node></To></Link><Link type="bndoperation->service:parent"><From><Node type="urn:com:soa:ObjectKey"><ObjectKey class="com.soa.service.operation.model.BindingOperationQualifiedKey">{https://spreadsheets.google.com/feeds}Google_Sheets_API$$${https://spreadsheets.google.com/feeds}Google_Sheets_API_Binding$$$DELETE__list__key___worksheetId___visibility___protection_</ObjectKey></Node></From><To><Node type="urn:com:soa:ObjectKey"><ObjectKey class="com.soa.service.model.ServiceKey">uddi:c0e2bfef-9f90-11e4-bd8a-eaa1e8f31cf2</ObjectKey></Node></To></Link><Link type="org->service:child"><From><Node type="urn:com:soa:ObjectKey"><ObjectKey class="com.soa.organization.model.OrganizationKey">uddi:5ccceeea-b56b-11e4-86ce-86c450a25418</ObjectKey></Node></From><To><Node type="urn:com:soa:ObjectKey"><ObjectKey class="com.soa.service.model.ServiceKey">uddi:c0e2bfef-9f90-11e4-bd8a-eaa1e8f31cf2</ObjectKey></Node></To></Link><Link type="endpoint->service:parent"><From><Node type="urn:com:soa:ObjectKey"><ObjectKey class="com.soa.service.endpoint.EndpointKey">uddi:edee07e7-b56d-11e4-86ce-86c450a25418</ObjectKey></Node></From><To><Node type="urn:com:soa:ObjectKey"><ObjectKey class="com.soa.service.model.ServiceKey">uddi:ed9f2490-b56d-11e4-86ce-86c450a25418</ObjectKey></Node></To></Link><Link type="bpel->script:refer"><From><Node type="urn:com:soa:ObjectKey"><ObjectKey class="com.soa.bpel.BpelKey">bpel:21735124-a674-11e4-8e6b-f088256c1208</ObjectKey></Node></From><To><Node type="urn:com:soa:ObjectKey"><ObjectKey class="com.soa.scripts.ScriptKey">script:cab432a2-a4f4-11e4-8c33-f78776b6b53c</ObjectKey></Node></To></Link><Link type="script->bpel:ReferedBy"><From><Node type="urn:com:soa:ObjectKey"><ObjectKey class="com.soa.scripts.ScriptKey">script:cab432a2-a4f4-11e4-8c33-f78776b6b53c</ObjectKey></Node></From><To><Node type="urn:com:soa:ObjectKey"><ObjectKey class="com.soa.bpel.BpelKey">bpel:aba48fd0-a6a9-11e4-8e6b-f088256c1208</ObjectKey></Node></To></Link><Link type="binding->interface:ImplementedBy"><From><Node type="urn:com:soa:ObjectKey"><ObjectKey class="com.soa.wsdl.model.impl.WsdlBindingImpl">uddi:ac5d5cda-dba3-2d2e-6713-eae3735fc87c</ObjectKey></Node></From><To><Node type="urn:com:soa:ObjectKey"><ObjectKey class="com.soa.wsdl.model.impl.WsdlInterfaceImpl">uddi:bb558a13-b96e-badc-0100-166708e01454</ObjectKey></Node></To></Link><Link type="binding->interface:ImplementedBy"><From><Node type="urn:com:soa:ObjectKey"><ObjectKey class="com.soa.wsdl.model.impl.WsdlBindingImpl">uddi:0dac1a25-0999-43e5-a99f-505fdab11531</ObjectKey></Node></From><To><Node type="urn:com:soa:ObjectKey"><ObjectKey class="com.soa.wsdl.model.impl.WsdlInterfaceImpl">uddi:6fdd964c-07a9-e591-4296-563ade8b2f8e</ObjectKey></Node></To></Link><Link type="bndoperation->service:parent"><From><Node type="urn:com:soa:ObjectKey"><ObjectKey class="com.soa.service.operation.model.BindingOperationQualifiedKey">{https://spreadsheets.google.com/feeds}Google_Sheets_API$$${https://spreadsheets.google.com/feeds}Google_Sheets_API_Binding$$$POST__list__key___worksheetId___visibility___protection_</ObjectKey></Node></From><To><Node type="urn:com:soa:ObjectKey"><ObjectKey class="com.soa.service.model.ServiceKey">uddi:c0e2bfef-9f90-11e4-bd8a-eaa1e8f31cf2</ObjectKey></Node></To></Link><Link type="service->bndoperation:child"><From><Node type="urn:com:soa:ObjectKey"><ObjectKey class="com.soa.service.model.ServiceKey">uddi:c0e2bfef-9f90-11e4-bd8a-eaa1e8f31cf2</ObjectKey></Node></From><To><Node type="urn:com:soa:ObjectKey"><ObjectKey class="com.soa.service.operation.model.BindingOperationQualifiedKey">{https://spreadsheets.google.com/feeds}Google_Sheets_API$$${https://spreadsheets.google.com/feeds}Google_Sheets_API_Binding$$$PUT__worksheets__key___visibility___protection_</ObjectKey></Node></To></Link><Link type="organization->process:ReferedBy"><From><Node type="urn:com:soa:ObjectKey"><ObjectKey class="com.soa.organization.model.OrganizationKey">uddi:5ccceeea-b56b-11e4-86ce-86c450a25418</ObjectKey></Node></From><To><Node type="urn:com:soa:ObjectKey"><ObjectKey class="com.soa.bpel.BpelKey">bpel:aba48fd0-a6a9-11e4-8e6b-f088256c1208</ObjectKey></Node></To></Link><Link type="org->operational_policy:child"><From><Node type="urn:com:soa:ObjectKey"><ObjectKey class="com.soa.organization.model.OrganizationKey">uddi:5ccceeea-b56b-11e4-86ce-86c450a25418</ObjectKey></Node></From><To><Node type="urn:com:soa:ObjectKey"><ObjectKey class="com.soa.policy.config.model.PolicyKey">urn:uuid:c3243f89-b56e-11e4-86ce-86c450a25418</ObjectKey></Node></To></Link><Link type="operation->service:parent"><From><Node type="urn:com:soa:ObjectKey"><ObjectKey class="com.soa.service.operation.model.OperationKey">662d4c44-a3b5-11e4-8a06-a81d8436ea01</ObjectKey></Node></From><To><Node type="urn:com:soa:ObjectKey"><ObjectKey class="com.soa.service.model.ServiceKey">uddi:c0e2bfef-9f90-11e4-bd8a-eaa1e8f31cf2</ObjectKey></Node></To></Link><Link type="process->process:refer"><From><Node type="urn:com:soa:ObjectKey"><ObjectKey class="com.soa.bpel.BpelKey">bpel:e8b6f2ad-9f93-11e4-bd8a-eaa1e8f31cf2</ObjectKey></Node></From><To><Node type="urn:com:soa:ObjectKey"><ObjectKey class="com.soa.bpel.BpelKey">bpel:aba48fd0-a6a9-11e4-8e6b-f088256c1208</ObjectKey></Node></To></Link><Link type="binding->interface:ImplementedBy"><From><Node type="urn:com:soa:ObjectKey"><ObjectKey class="com.soa.wsdl.model.impl.WsdlBindingImpl">uddi:4eba56b4-9ecf-2095-ee70-490162d8a4e7</ObjectKey></Node></From><To><Node type="urn:com:soa:ObjectKey"><ObjectKey class="com.soa.wsdl.model.impl.WsdlInterfaceImpl">uddi:781b74bf-471c-1c42-8acf-0f2326c2f806</ObjectKey></Node></To></Link><Link type="service->operation:child"><From><Node type="urn:com:soa:ObjectKey"><ObjectKey class="com.soa.service.model.ServiceKey">uddi:c0e2bfef-9f90-11e4-bd8a-eaa1e8f31cf2</ObjectKey></Node></From><To><Node type="urn:com:soa:ObjectKey"><ObjectKey class="com.soa.service.operation.model.OperationKey">6633dbf7-a3b5-11e4-8a06-a81d8436ea01</ObjectKey></Node></To></Link><Link type="process->organization:refer"><From><Node type="urn:com:soa:ObjectKey"><ObjectKey class="com.soa.bpel.BpelKey">bpel:db68460c-a6b6-11e4-8e6b-f088256c1208</ObjectKey></Node></From><To><Node type="urn:com:soa:ObjectKey"><ObjectKey class="com.soa.organization.model.OrganizationKey">uddi:5ccceeea-b56b-11e4-86ce-86c450a25418</ObjectKey></Node></To></Link><Link type="process->process:refer"><From><Node type="urn:com:soa:ObjectKey"><ObjectKey class="com.soa.bpel.BpelKey">bpel:e8b6f2ad-9f93-11e4-bd8a-eaa1e8f31cf2</ObjectKey></Node></From><To><Node type="urn:com:soa:ObjectKey"><ObjectKey class="com.soa.bpel.BpelKey">bpel:db68460c-a6b6-11e4-8e6b-f088256c1208</ObjectKey></Node></To></Link><Link type="operation->service:parent"><From><Node type="urn:com:soa:ObjectKey"><ObjectKey class="com.soa.service.operation.model.OperationKey">eddc7bb4-b56d-11e4-86ce-86c450a25418</ObjectKey></Node></From><To><Node type="urn:com:soa:ObjectKey"><ObjectKey class="com.soa.service.model.ServiceKey">uddi:ed9f2490-b56d-11e4-86ce-86c450a25418</ObjectKey></Node></To></Link><Link type="service->operationalpolicy:ReferedBy"><From><Node type="urn:com:soa:ObjectKey"><ObjectKey class="com.soa.service.model.ServiceKey">uddi:ed9f2490-b56d-11e4-86ce-86c450a25418</ObjectKey></Node></From><To><Node type="urn:com:soa:ObjectKey"><ObjectKey class="com.soa.policy.config.model.PolicyKey">urn:uuid:c3243f89-b56e-11e4-86ce-86c450a25418</ObjectKey></Node></To></Link><Link type="operation->service:parent"><From><Node type="urn:com:soa:ObjectKey"><ObjectKey class="com.soa.service.operation.model.OperationKey">662a3efa-a3b5-11e4-8a06-a81d8436ea01</ObjectKey></Node></From><To><Node type="urn:com:soa:ObjectKey"><ObjectKey class="com.soa.service.model.ServiceKey">uddi:c0e2bfef-9f90-11e4-bd8a-eaa1e8f31cf2</ObjectKey></Node></To></Link><Link type="process->organization:refer"><From><Node type="urn:com:soa:ObjectKey"><ObjectKey class="com.soa.bpel.BpelKey">bpel:aba48fd0-a6a9-11e4-8e6b-f088256c1208</ObjectKey></Node></From><To><Node type="urn:com:soa:ObjectKey"><ObjectKey class="com.soa.organization.model.OrganizationKey">uddi:5ccceeea-b56b-11e4-86ce-86c450a25418</ObjectKey></Node></To></Link><Link type="bndoperation->service:parent"><From><Node type="urn:com:soa:ObjectKey"><ObjectKey class="com.soa.service.operation.model.BindingOperationQualifiedKey">{https://spreadsheets.google.com/feeds}Google_Sheets_API$$${https://spreadsheets.google.com/feeds}Google_Sheets_API_Binding$$$PUT__worksheets__key___visibility___protection_</ObjectKey></Node></From><To><Node type="urn:com:soa:ObjectKey"><ObjectKey class="com.soa.service.model.ServiceKey">uddi:c0e2bfef-9f90-11e4-bd8a-eaa1e8f31cf2</ObjectKey></Node></To></Link><Link type="script->bpel:ReferedBy"><From><Node type="urn:com:soa:ObjectKey"><ObjectKey class="com.soa.scripts.ScriptKey">script:cab432a2-a4f4-11e4-8c33-f78776b6b53c</ObjectKey></Node></From><To><Node type="urn:com:soa:ObjectKey"><ObjectKey class="com.soa.bpel.BpelKey">bpel:db68460c-a6b6-11e4-8e6b-f088256c1208</ObjectKey></Node></To></Link><Link type="contract->service:ReferedBy"><From><Node type="urn:com:soa:ObjectKey"><ObjectKey class="com.soa.contracts.ContractKey">40747a4e-b56f-11e4-86ce-86c450a25418:1091</ObjectKey></Node></From><To><Node type="urn:com:soa:ObjectKey"><ObjectKey class="com.soa.service.model.ServiceKey">uddi:e6fe8932-9f92-11e4-bd8a-eaa1e8f31cf2</ObjectKey></Node></To></Link><Link type="service->container:Hosts"><From><Node type="urn:com:soa:ObjectKey"><ObjectKey class="com.soa.service.model.ServiceKey">uddi:e6fe8932-9f92-11e4-bd8a-eaa1e8f31cf2</ObjectKey></Node></From><To><Node type="urn:com:soa:ObjectKey"><ObjectKey class="com.soa.svccontainer.ContainerKey">ND-Cluster</ObjectKey></Node></To></Link><Link type="service->bndoperation:child"><From><Node type="urn:com:soa:ObjectKey"><ObjectKey class="com.soa.service.model.ServiceKey">uddi:c0e2bfef-9f90-11e4-bd8a-eaa1e8f31cf2</ObjectKey></Node></From><To><Node type="urn:com:soa:ObjectKey"><ObjectKey class="com.soa.service.operation.model.BindingOperationQualifiedKey">{https://spreadsheets.google.com/feeds}Google_Sheets_API$$${https://spreadsheets.google.com/feeds}Google_Sheets_API_Binding$$$POST__list__key___worksheetId___visibility___protection_</ObjectKey></Node></To></Link><Link type="organization->process:ReferedBy"><From><Node type="urn:com:soa:ObjectKey"><ObjectKey class="com.soa.organization.model.OrganizationKey">uddi:5ccceeea-b56b-11e4-86ce-86c450a25418</ObjectKey></Node></From><To><Node type="urn:com:soa:ObjectKey"><ObjectKey class="com.soa.bpel.BpelKey">bpel:db68460c-a6b6-11e4-8e6b-f088256c1208</ObjectKey></Node></To></Link><Link type="identity->service:ReferredBy"><From><Node type="urn:com:soa:ObjectKey"><ObjectKey class="com.soa.security.util.QualifiedUserName">Local Domain\acLXIELtJgq9HpXj2RKLVg==</ObjectKey></Node></From><To><Node type="urn:com:soa:ObjectKey"><ObjectKey class="com.soa.service.model.ServiceKey">uddi:ed9f2490-b56d-11e4-86ce-86c450a25418</ObjectKey></Node></To></Link><Link type="virtualop->bpel:route"><From><Node type="urn:com:soa:ObjectKey"><ObjectKey class="com.soa.service.operation.model.OperationKey">49e8e912-a5e2-11e4-8582-98351334c14c</ObjectKey></Node></From><To><Node type="urn:com:soa:ObjectKey"><ObjectKey class="com.soa.bpel.BpelKey">bpel:e8b6f2ad-9f93-11e4-bd8a-eaa1e8f31cf2</ObjectKey></Node></To></Link><Link type="process->organization:refer"><From><Node type="urn:com:soa:ObjectKey"><ObjectKey class="com.soa.bpel.BpelKey">bpel:21735124-a674-11e4-8e6b-f088256c1208</ObjectKey></Node></From><To><Node type="urn:com:soa:ObjectKey"><ObjectKey class="com.soa.organization.model.OrganizationKey">uddi:5ccceeea-b56b-11e4-86ce-86c450a25418</ObjectKey></Node></To></Link><Link type="bpel->virtualop:routedBy"><From><Node type="urn:com:soa:ObjectKey"><ObjectKey class="com.soa.bpel.BpelKey">bpel:e8b6f2ad-9f93-11e4-bd8a-eaa1e8f31cf2</ObjectKey></Node></From><To><Node type="urn:com:soa:ObjectKey"><ObjectKey class="com.soa.service.operation.model.OperationKey">49e8e912-a5e2-11e4-8582-98351334c14c</ObjectKey></Node></To></Link><Link type="interface->service:implements"><From><Node type="urn:com:soa:ObjectKey"><ObjectKey class="com.soa.wsdl.model.impl.WsdlInterfaceImpl">uddi:bb558a13-b96e-badc-0100-166708e01454</ObjectKey></Node></From><To><Node type="urn:com:soa:ObjectKey"><ObjectKey class="com.soa.service.model.ServiceKey">uddi:c0e2bfef-9f90-11e4-bd8a-eaa1e8f31cf2</ObjectKey></Node></To></Link><Link type="service->operation:child"><From><Node type="urn:com:soa:ObjectKey"><ObjectKey class="com.soa.service.model.ServiceKey">uddi:c0e2bfef-9f90-11e4-bd8a-eaa1e8f31cf2</ObjectKey></Node></From><To><Node type="urn:com:soa:ObjectKey"><ObjectKey class="com.soa.service.operation.model.OperationKey">662d4c44-a3b5-11e4-8a06-a81d8436ea01</ObjectKey></Node></To></Link><Link type="service->bndoperation:child"><From><Node type="urn:com:soa:ObjectKey"><ObjectKey class="com.soa.service.model.ServiceKey">uddi:c0e2bfef-9f90-11e4-bd8a-eaa1e8f31cf2</ObjectKey></Node></From><To><Node type="urn:com:soa:ObjectKey"><ObjectKey class="com.soa.service.operation.model.BindingOperationQualifiedKey">{https://spreadsheets.google.com/feeds}Google_Sheets_API$$${https://spreadsheets.google.com/feeds}Google_Sheets_API_Binding$$$GET__spreadsheets__visibility___protection_</ObjectKey></Node></To></Link><Link type="operationalpolicy->service:refer"><From><Node type="urn:com:soa:ObjectKey"><ObjectKey class="com.soa.policy.config.model.PolicyKey">urn:uuid:c3243f89-b56e-11e4-86ce-86c450a25418</ObjectKey></Node></From><To><Node type="urn:com:soa:ObjectKey"><ObjectKey class="com.soa.service.model.ServiceKey">uddi:ed9f2490-b56d-11e4-86ce-86c450a25418</ObjectKey></Node></To></Link><Link type="bndoperation->service:parent"><From><Node type="urn:com:soa:ObjectKey"><ObjectKey class="com.soa.service.operation.model.BindingOperationQualifiedKey">{https://spreadsheets.google.com/feeds}Google_Sheets_API$$${https://spreadsheets.google.com/feeds}Google_Sheets_API_Binding$$$GET__cells__key___worksheetId___visibility___protection_</ObjectKey></Node></From><To><Node type="urn:com:soa:ObjectKey"><ObjectKey class="com.soa.service.model.ServiceKey">uddi:c0e2bfef-9f90-11e4-bd8a-eaa1e8f31cf2</ObjectKey></Node></To></Link><Link type="bpel->script:refer"><From><Node type="urn:com:soa:ObjectKey"><ObjectKey class="com.soa.bpel.BpelKey">bpel:db68460c-a6b6-11e4-8e6b-f088256c1208</ObjectKey></Node></From><To><Node type="urn:com:soa:ObjectKey"><ObjectKey class="com.soa.scripts.ScriptKey">script:cab432a2-a4f4-11e4-8c33-f78776b6b53c</ObjectKey></Node></To></Link><Link type="operation->service:parent"><From><Node type="urn:com:soa:ObjectKey"><ObjectKey class="com.soa.service.operation.model.OperationKey">6633dbf7-a3b5-11e4-8a06-a81d8436ea01</ObjectKey></Node></From><To><Node type="urn:com:soa:ObjectKey"><ObjectKey class="com.soa.service.model.ServiceKey">uddi:c0e2bfef-9f90-11e4-bd8a-eaa1e8f31cf2</ObjectKey></Node></To></Link><Link type="interface->service:implements"><From><Node type="urn:com:soa:ObjectKey"><ObjectKey class="com.soa.wsdl.model.impl.WsdlInterfaceImpl">uddi:781b74bf-471c-1c42-8acf-0f2326c2f806</ObjectKey></Node></From><To><Node type="urn:com:soa:ObjectKey"><ObjectKey class="com.soa.service.model.ServiceKey">uddi:ed9f2490-b56d-11e4-86ce-86c450a25418</ObjectKey></Node></To></Link><Link type="service->operation:child"><From><Node type="urn:com:soa:ObjectKey"><ObjectKey class="com.soa.service.model.ServiceKey">uddi:ed9f2490-b56d-11e4-86ce-86c450a25418</ObjectKey></Node></From><To><Node type="urn:com:soa:ObjectKey"><ObjectKey class="com.soa.service.operation.model.OperationKey">eddc7bb4-b56d-11e4-86ce-86c450a25418</ObjectKey></Node></To></Link><Link type="service->contract:refer"><From><Node type="urn:com:soa:ObjectKey"><ObjectKey class="com.soa.service.model.ServiceKey">uddi:e6fe8932-9f92-11e4-bd8a-eaa1e8f31cf2</ObjectKey></Node></From><To><Node type="urn:com:soa:ObjectKey"><ObjectKey class="com.soa.contracts.ContractKey">40747a4e-b56f-11e4-86ce-86c450a25418:1091</ObjectKey></Node></To></Link><Link type="script->bpel:ReferedBy"><From><Node type="urn:com:soa:ObjectKey"><ObjectKey class="com.soa.scripts.ScriptKey">script:cab432a2-a4f4-11e4-8c33-f78776b6b53c</ObjectKey></Node></From><To><Node type="urn:com:soa:ObjectKey"><ObjectKey class="com.soa.bpel.BpelKey">bpel:21735124-a674-11e4-8e6b-f088256c1208</ObjectKey></Node></To></Link><Link type="bpel->script:refer"><From><Node type="urn:com:soa:ObjectKey"><ObjectKey class="com.soa.bpel.BpelKey">bpel:aba48fd0-a6a9-11e4-8e6b-f088256c1208</ObjectKey></Node></From><To><Node type="urn:com:soa:ObjectKey"><ObjectKey class="com.soa.scripts.ScriptKey">script:cab432a2-a4f4-11e4-8c33-f78776b6b53c</ObjectKey></Node></To></Link><Link type="service->bndoperation:child"><From><Node type="urn:com:soa:ObjectKey"><ObjectKey class="com.soa.service.model.ServiceKey">uddi:c0e2bfef-9f90-11e4-bd8a-eaa1e8f31cf2</ObjectKey></Node></From><To><Node type="urn:com:soa:ObjectKey"><ObjectKey class="com.soa.service.operation.model.BindingOperationQualifiedKey">{https://spreadsheets.google.com/feeds}Google_Sheets_API$$${https://spreadsheets.google.com/feeds}Google_Sheets_API_Binding$$$GET__cells__key___worksheetId___visibility___protection_</ObjectKey></Node></To></Link><Link type="service->operation:child"><From><Node type="urn:com:soa:ObjectKey"><ObjectKey class="com.soa.service.model.ServiceKey">uddi:c0e2bfef-9f90-11e4-bd8a-eaa1e8f31cf2</ObjectKey></Node></From><To><Node type="urn:com:soa:ObjectKey"><ObjectKey class="com.soa.service.operation.model.OperationKey">662a3efa-a3b5-11e4-8a06-a81d8436ea01</ObjectKey></Node></To></Link><Link type="organization->process:ReferedBy"><From><Node type="urn:com:soa:ObjectKey"><ObjectKey class="com.soa.organization.model.OrganizationKey">uddi:5ccceeea-b56b-11e4-86ce-86c450a25418</ObjectKey></Node></From><To><Node type="urn:com:soa:ObjectKey"><ObjectKey class="com.soa.bpel.BpelKey">bpel:21735124-a674-11e4-8e6b-f088256c1208</ObjectKey></Node></To></Link><Link type="process->process:refer"><From><Node type="urn:com:soa:ObjectKey"><ObjectKey class="com.soa.bpel.BpelKey">bpel:e8b6f2ad-9f93-11e4-bd8a-eaa1e8f31cf2</ObjectKey></Node></From><To><Node type="urn:com:soa:ObjectKey"><ObjectKey class="com.soa.bpel.BpelKey">bpel:21735124-a674-11e4-8e6b-f088256c1208</ObjectKey></Node></To></Link><Link type="bndoperation->service:parent"><From><Node type="urn:com:soa:ObjectKey"><ObjectKey class="com.soa.service.operation.model.BindingOperationQualifiedKey">{https://spreadsheets.google.com/feeds}Google_Sheets_API$$${https://spreadsheets.google.com/feeds}Google_Sheets_API_Binding$$$GET__spreadsheets__visibility___protection_</ObjectKey></Node></From><To><Node type="urn:com:soa:ObjectKey"><ObjectKey class="com.soa.service.model.ServiceKey">uddi:c0e2bfef-9f90-11e4-bd8a-eaa1e8f31cf2</ObjectKey></Node></To></Link><Link type="service->org:parent"><From><Node type="urn:com:soa:ObjectKey"><ObjectKey class="com.soa.service.model.ServiceKey">uddi:e6fe8932-9f92-11e4-bd8a-eaa1e8f31cf2</ObjectKey></Node></From><To><Node type="urn:com:soa:ObjectKey"><ObjectKey class="com.soa.organization.model.OrganizationKey">uddi:5ccceeea-b56b-11e4-86ce-86c450a25418</ObjectKey></Node></To></Link><Link type="operation->service:parent"><From><Node type="urn:com:soa:ObjectKey"><ObjectKey class="com.soa.service.operation.model.OperationKey">6634ed6c-a3b5-11e4-8a06-a81d8436ea01</ObjectKey></Node></From><To><Node type="urn:com:soa:ObjectKey"><ObjectKey class="com.soa.service.model.ServiceKey">uddi:c0e2bfef-9f90-11e4-bd8a-eaa1e8f31cf2</ObjectKey></Node></To></Link><Link type="service->endpoint:child"><From><Node type="urn:com:soa:ObjectKey"><ObjectKey class="com.soa.service.model.ServiceKey">uddi:ed9f2490-b56d-11e4-86ce-86c450a25418</ObjectKey></Node></From><To><Node type="urn:com:soa:ObjectKey"><ObjectKey class="com.soa.service.endpoint.EndpointKey">uddi:edee07e7-b56d-11e4-86ce-86c450a25418</ObjectKey></Node></To></Link><Link type="service->org:parent"><From><Node type="urn:com:soa:ObjectKey"><ObjectKey class="com.soa.service.model.ServiceKey">uddi:ed9f2490-b56d-11e4-86ce-86c450a25418</ObjectKey></Node></From><To><Node type="urn:com:soa:ObjectKey"><ObjectKey class="com.soa.organization.model.OrganizationKey">uddi:5ccceeea-b56b-11e4-86ce-86c450a25418</ObjectKey></Node></To></Link><Link type="service->identity:refer"><From><Node type="urn:com:soa:ObjectKey"><ObjectKey class="com.soa.service.model.ServiceKey">uddi:c0e2bfef-9f90-11e4-bd8a-eaa1e8f31cf2</ObjectKey></Node></From><To><Node type="urn:com:soa:ObjectKey"><ObjectKey class="com.soa.security.util.QualifiedUserName">Local Domain\cYUf5fVctXpbnNuu1Fx64Q==</ObjectKey></Node></To></Link><Link type="operation->service:parent"><From><Node type="urn:com:soa:ObjectKey"><ObjectKey class="com.soa.service.operation.model.OperationKey">663625ef-a3b5-11e4-8a06-a81d8436ea01</ObjectKey></Node></From><To><Node type="urn:com:soa:ObjectKey"><ObjectKey class="com.soa.service.model.ServiceKey">uddi:c0e2bfef-9f90-11e4-bd8a-eaa1e8f31cf2</ObjectKey></Node></To></Link><Link type="service->binding:ImplementedBy"><From><Node type="urn:com:soa:ObjectKey"><ObjectKey class="com.soa.service.model.ServiceKey">uddi:e6fe8932-9f92-11e4-bd8a-eaa1e8f31cf2</ObjectKey></Node></From><To><Node type="urn:com:soa:ObjectKey"><ObjectKey class="com.soa.wsdl.model.impl.WsdlBindingImpl">uddi:0dac1a25-0999-43e5-a99f-505fdab11531</ObjectKey></Node></To></Link><Link type="service->interface:ImplementedBy"><From><Node type="urn:com:soa:ObjectKey"><ObjectKey class="com.soa.service.model.ServiceKey">uddi:e6fe8932-9f92-11e4-bd8a-eaa1e8f31cf2</ObjectKey></Node></From><To><Node type="urn:com:soa:ObjectKey"><ObjectKey class="com.soa.wsdl.model.impl.WsdlInterfaceImpl">uddi:6fdd964c-07a9-e591-4296-563ade8b2f8e</ObjectKey></Node></To></Link></Links></DepedendencyGraph>